height,weight,label
125,43,normal
121,60,normal
183,57,thin
135,78,normal
162,37,thin
165,64,fat
161,38,thin
142,52,normal
138,55,normal
159,50,fat
198,74,fat
190,65,thin
176,59,fat
189,58,thin
185,71,fat
162,65,fat
121,55,normal
137,79,normal
135,35,fat
129,47,normal
147,68,normal
147,49,fat
160,73,normal
193,48,thin
122,78,normal
127,77,normal
185,44,thin
187,69,fat
188,60,thin
126,79,normal
181,38,thin
150,73,normal
139,78,normal
130,72,normal
188,44,thin
154,57,fat
154,35,thin
150,79,normal
132,54,normal
130,63,normal
177,53,thin
151,57,fat
142,73,normal
155,66,normal
186,68,fat
122,43,normal
184,58,thin
189,60,thin
159,79,normal
185,44,thin
189,65,thin
132,64,normal
196,52,thin
122,43,normal
154,76,normal
132,41,fat
157,68,normal
162,63,fat
132,77,normal
132,40,fat
157,44,thin
160,80,normal
190,60,thin
133,68,normal
165,70,normal
146,77,normal
197,77,fat
161,64,fat
192,57,thin
150,79,normal
139,48,fat
142,54,normal
143,65,normal
174,69,fat
192,79,fat
181,42,thin
143,64,normal
124,39,normal
185,67,fat
169,42,thin
125,78,normal
174,64,fat
200,60,thin
134,61,normal
200,38,thin
195,64,thin
191,72,fat
159,45,thin
148,42,fat
148,60,normal
179,60,fat
172,50,thin
139,46,fat
142,78,normal
152,46,fat
199,38,thin
170,35,thin
184,63,fat
199,79,fat
167,57,fat
144,65,normal
143,80,normal
191,78,fat
149,59,normal
123,75,normal
185,61,thin
125,42,normal
179,42,thin
161,42,thin
185,54,thin
181,73,fat
130,57,normal
127,73,normal
130,52,normal
159,79,normal
157,61,fat
195,44,thin
177,49,thin
190,47,thin
165,77,normal
167,46,thin
154,80,normal
165,66,fat
150,35,thin
192,49,thin
120,63,normal
133,71,normal
141,68,normal
130,63,normal
169,40,thin
150,64,normal
155,37,thin
198,69,thin
127,78,normal
165,44,thin
139,75,normal
199,38,thin
137,35,fat
172,38,thin
188,68,fat
178,48,thin
136,59,normal
164,54,fat
169,76,normal
141,73,normal
124,71,normal
134,72,normal
157,52,fat
159,35,thin
141,35,thin
142,78,normal
154,55,fat
137,79,normal
146,73,normal
129,45,normal
191,62,thin
174,51,thin
195,42,thin
149,59,normal
125,65,normal
167,59,fat
178,64,fat
149,51,fat
173,80,normal
140,55,normal
131,74,normal
143,59,normal
142,52,normal
143,53,normal
171,45,thin
173,63,fat
128,48,normal
182,40,thin
159,48,fat
141,50,normal
121,66,normal
134,51,normal
157,68,normal
124,55,normal
180,50,thin
146,79,normal
149,54,fat
168,55,fat
161,67,normal
199,37,thin
179,41,thin
160,57,fat
192,45,thin
173,56,fat
179,38,thin
191,79,fat
128,45,normal
155,36,thin
142,36,thin
183,79,fat
131,67,normal
148,67,normal
165,65,fat
138,63,normal
159,59,fat
143,38,fat
124,42,normal
184,52,thin
147,36,thin
120,68,normal
190,77,fat
197,46,thin
178,66,fat
189,48,thin
190,48,thin
124,51,normal
127,44,normal
167,49,thin
163,39,thin
179,54,thin
174,53,thin
124,78,normal
151,57,fat
178,66,fat
170,66,fat
175,42,thin
136,58,normal
189,36,thin
194,60,thin
196,66,thin
170,80,normal
161,62,fat
155,41,thin
181,46,thin
200,63,thin
194,50,thin
165,57,fat
188,71,fat
144,39,fat
192,56,thin
133,79,normal
200,75,fat
190,35,thin
136,41,fat
127,38,fat
166,46,thin
150,39,thin
159,79,normal
159,78,normal
165,64,fat
135,47,normal
155,52,fat
123,80,normal
150,70,normal
140,69,normal
123,37,fat
194,56,thin
158,35,thin
152,37,thin
151,46,fat
152,35,thin
136,52,normal
162,53,fat
131,38,fat
135,53,normal
132,47,normal
172,70,fat
159,54,fat
199,67,thin
132,54,normal
182,75,fat
167,69,fat
144,65,normal
156,35,thin
159,78,normal
199,47,thin
159,46,thin
122,72,normal
183,55,thin
197,51,thin
194,76,fat
150,78,normal
141,63,normal
139,70,normal
121,72,normal
167,51,thin
127,35,fat
134,57,normal
131,68,normal
167,65,fat
145,47,fat
154,73,normal
169,37,thin
159,40,thin
146,75,normal
174,73,fat
142,57,normal
130,80,normal
123,80,normal
195,67,thin
198,67,thin
188,73,fat
192,38,thin
168,40,thin
166,77,normal
141,52,normal
160,76,normal
122,79,normal
145,63,normal
125,38,fat
134,67,normal
161,69,normal
175,54,thin
173,58,fat
167,63,fat
139,37,fat
158,79,normal
190,61,thin
128,37,fat
143,62,normal
158,77,normal
124,75,normal
122,65,normal
177,71,fat
124,36,fat
196,38,thin
172,49,thin
145,80,normal
174,60,fat
130,36,fat
199,49,thin
143,69,normal
135,58,normal
137,79,normal
190,50,thin
169,43,thin
139,38,fat
197,47,thin
190,72,fat
197,75,fat
160,50,fat
139,52,normal
138,55,normal
130,76,normal
138,78,normal
166,70,normal
129,35,fat
191,79,fat
125,48,normal
197,64,thin
146,57,normal
163,59,fat
134,51,normal
163,65,fat
197,70,thin
196,62,thin
160,69,normal
160,66,normal
179,42,thin
153,71,normal
167,69,fat
128,59,normal
129,47,normal
161,39,thin
179,44,thin
129,68,normal
196,35,thin
180,49,thin
120,46,normal
198,70,thin
137,78,normal
128,75,normal
183,56,thin
143,61,normal
127,43,normal
200,51,thin
181,77,fat
171,41,thin
154,65,normal
131,50,normal
179,53,thin
136,61,normal
169,78,normal
199,60,thin
172,44,thin
185,57,thin
176,67,fat
170,79,normal
131,76,normal
143,79,normal
128,75,normal
136,50,normal
152,38,thin
187,49,thin
156,64,normal
190,49,thin
130,73,normal
165,47,thin
136,53,normal
139,47,fat
182,74,fat
124,69,normal
146,73,normal
190,58,thin
200,64,thin
168,54,fat
129,79,normal
143,63,normal
170,76,normal
164,64,fat
125,40,normal
121,67,normal
151,72,normal
194,47,thin
182,57,thin
191,40,thin
187,76,fat
170,52,thin
160,58,fat
135,58,normal
153,73,normal
152,64,normal
184,66,fat
170,53,thin
151,78,normal
162,35,thin
182,60,thin
140,49,normal
149,62,normal
120,79,normal
166,65,fat
138,42,fat
148,36,thin
121,38,normal
127,47,normal
199,72,thin
194,80,fat
149,44,fat
176,56,thin
163,63,fat
150,40,thin
168,40,thin
164,75,normal
135,77,normal
125,77,normal
183,63,fat
176,43,thin
144,75,normal
188,47,thin
157,62,normal
186,77,fat
170,66,fat
154,52,fat
150,38,thin
130,64,normal
133,42,fat
124,41,normal
194,75,fat
154,62,normal
176,60,fat
169,70,fat
131,48,normal
156,70,normal
141,64,normal
197,42,thin
146,76,normal
138,51,normal
123,76,normal
142,53,normal
163,62,fat
148,63,normal
155,51,fat
193,73,fat
199,69,thin
198,65,thin
167,63,fat
163,58,fat
167,60,fat
152,54,fat
123,62,normal
199,55,thin
194,57,thin
171,67,fat
151,41,thin
134,70,normal
185,76,fat
183,80,fat
149,70,normal
182,65,fat
190,37,thin
135,68,normal
171,46,thin
145,63,normal
128,70,normal
120,46,normal
140,49,normal
157,66,normal
172,60,fat
147,52,fat
169,62,fat
148,41,fat
121,45,normal
129,75,normal
133,70,normal
123,50,normal
126,52,normal
143,80,normal
196,55,thin
133,74,normal
124,60,normal
124,40,normal
194,70,fat
172,42,thin
197,71,thin
181,60,thin
132,45,normal
178,61,fat
194,39,thin
185,59,thin
145,66,normal
168,57,fat
131,75,normal
181,54,thin
162,57,fat
150,72,normal
169,63,fat
173,44,thin
192,39,thin
179,68,fat
194,46,thin
187,53,thin
151,41,thin
124,69,normal
200,70,thin
158,48,fat
155,72,normal
185,66,fat
125,50,normal
192,64,thin
162,42,thin
167,36,thin
187,37,thin
154,57,fat
123,76,normal
120,76,normal
186,58,thin
169,38,thin
170,44,thin
199,55,thin
136,57,normal
196,71,thin
166,62,fat
183,35,thin
173,47,thin
160,62,fat
127,72,normal
162,78,normal
126,56,normal
190,78,fat
146,53,fat
131,60,normal
137,36,fat
190,56,thin
153,46,fat
123,57,normal
148,40,thin
127,38,fat
188,49,thin
140,51,normal
174,47,thin
129,63,normal
121,57,normal
130,54,normal
196,40,thin
156,54,fat
184,77,fat
152,74,normal
193,64,thin
190,70,fat
169,50,thin
167,69,fat
179,56,thin
130,76,normal
135,49,normal
184,57,thin
177,43,thin
126,76,normal
168,76,normal
188,52,thin
126,75,normal
133,53,normal
154,74,normal
144,73,normal
152,60,normal
168,74,normal
139,51,normal
195,46,thin
145,70,normal
158,47,fat
196,72,fat
162,75,normal
157,41,thin
190,62,thin
161,47,thin
178,44,thin
143,39,fat
189,74,fat
126,60,normal
157,75,normal
167,77,normal
186,61,thin
198,62,thin
164,70,normal
132,41,fat
178,71,fat
183,72,fat
155,52,fat
184,56,thin
189,61,thin
126,56,normal
124,46,normal
131,60,normal
127,42,normal
192,45,thin
136,57,normal
197,36,thin
136,40,fat
122,48,normal
128,65,normal
158,43,thin
197,48,thin
197,53,thin
127,64,normal
132,47,normal
194,55,thin
188,71,fat
138,46,fat
192,71,fat
169,35,thin
157,40,thin
161,53,fat
163,65,fat
132,44,normal
134,56,normal
165,41,thin
134,41,fat
178,63,fat
147,71,normal
148,63,normal
173,45,thin
126,61,normal
199,73,thin
146,55,normal
171,44,thin
190,45,thin
153,36,thin
125,68,normal
136,45,fat
136,45,fat
139,56,normal
135,58,normal
149,56,normal
151,64,normal
141,54,normal
142,78,normal
157,70,normal
160,57,fat
199,44,thin
169,68,fat
139,36,fat
195,61,thin
166,71,normal
140,64,normal
175,74,fat
186,72,fat
136,46,fat
127,50,normal
140,69,normal
179,48,thin
185,49,thin
128,67,normal
148,53,fat
158,53,fat
167,80,normal
156,39,thin
198,65,thin
138,45,fat
150,38,thin
175,38,thin
164,41,thin
140,40,fat
151,36,thin
130,58,normal
147,46,fat
185,75,fat
149,67,normal
162,77,normal
196,38,thin
138,73,normal
167,60,fat
122,68,normal
120,77,normal
173,47,thin
134,76,normal
170,67,fat
152,41,thin
169,52,thin
200,42,thin
137,40,fat
154,69,normal
152,71,normal
133,62,normal
200,46,thin
145,66,normal
129,73,normal
122,73,normal
173,70,fat
178,37,thin
189,45,thin
145,75,normal
180,58,thin
141,37,fat
170,48,thin
151,36,thin
144,72,normal
181,42,thin
190,35,thin
143,66,normal
187,53,thin
139,37,fat
132,44,normal
196,78,fat
170,79,normal
169,43,thin
179,62,fat
165,55,fat
169,57,fat
187,50,thin
163,77,normal
193,58,thin
162,72,normal
179,43,thin
179,50,thin
175,76,fat
173,56,fat
132,38,fat
123,46,normal
188,55,thin
151,47,fat
190,69,fat
193,35,thin
133,74,normal
146,36,thin
158,39,thin
179,51,thin
159,67,normal
153,76,normal
120,45,normal
200,63,thin
193,65,thin
176,40,thin
121,61,normal
131,79,normal
139,35,thin
184,75,fat
138,40,fat
193,64,thin
156,57,fat
187,40,thin
172,44,thin
157,74,normal
146,51,fat
170,65,fat
155,48,fat
130,67,normal
129,37,fat
141,50,normal
163,61,fat
183,59,thin
200,76,fat
165,79,normal
148,37,thin
169,58,fat
133,79,normal
184,47,thin
200,80,fat
157,57,fat
194,66,thin
187,66,fat
181,72,fat
186,71,fat
170,35,thin
155,59,fat
141,42,fat
183,74,fat
170,60,fat
138,63,normal
163,46,thin
135,72,normal
120,79,normal
130,49,normal
169,65,fat
147,63,normal
190,47,thin
186,63,thin
138,50,normal
168,40,thin
136,74,normal
136,41,fat
191,68,fat
192,65,thin
123,79,normal
175,59,fat
158,61,fat
160,75,normal
167,49,thin
129,57,normal
120,45,normal
158,64,normal
185,66,fat
153,69,normal
144,61,normal
132,58,normal
159,69,normal
168,79,normal
197,37,thin
137,35,fat
150,68,normal
157,39,thin
183,45,thin
138,53,normal
198,54,thin
154,50,fat
123,36,fat
150,51,fat
200,55,thin
184,53,thin
170,38,thin
145,44,fat
152,58,normal
132,45,normal
181,35,thin
145,58,normal
200,37,thin
164,66,fat
194,72,fat
146,39,thin
160,71,normal
197,75,fat
189,71,fat
131,46,normal
122,44,normal
160,41,thin
185,39,thin
133,48,normal
166,39,thin
158,50,fat
150,47,fat
196,55,thin
139,66,normal
175,43,thin
155,68,normal
152,79,normal
163,66,fat
175,72,fat
165,78,normal
163,61,fat
157,36,thin
182,43,thin
183,60,thin
195,78,fat
174,54,thin
164,64,fat
133,37,fat
189,37,thin
157,78,normal
154,64,normal
158,60,fat
196,79,fat
125,67,normal
135,59,normal
175,69,fat
166,67,fat
130,43,normal
195,44,thin
179,66,fat
180,62,fat
194,62,thin
151,50,fat
146,41,fat
172,76,normal
179,43,thin
177,56,thin
169,78,normal
157,51,fat
178,68,fat
150,56,fat
135,46,normal
126,39,fat
193,75,fat
139,42,fat
168,53,fat
151,47,fat
127,59,normal
156,62,normal
162,79,normal
185,56,thin
130,45,normal
176,56,thin
159,68,normal
159,50,fat
181,37,thin
162,40,thin
138,40,fat
171,52,thin
149,52,fat
162,54,fat
140,55,normal
168,47,thin
150,76,normal
128,41,normal
194,79,fat
161,79,normal
169,42,thin
153,39,thin
187,36,thin
158,80,normal
184,72,fat
130,59,normal
124,42,normal
137,63,normal
151,44,fat
141,70,normal
179,59,thin
159,49,fat
147,46,fat
142,69,normal
184,50,thin
145,69,normal
157,59,fat
185,38,thin
127,56,normal
160,36,thin
124,38,fat
200,78,fat
188,61,thin
148,50,fat
134,70,normal
125,62,normal
200,61,thin
140,51,normal
156,48,fat
138,46,fat
183,75,fat
159,66,normal
130,45,normal
169,51,thin
180,47,thin
200,43,thin
153,45,fat
198,75,fat
186,45,thin
143,78,normal
151,78,normal
179,47,thin
143,71,normal
138,62,normal
192,48,thin
168,69,fat
188,56,thin
167,79,normal
141,72,normal
121,36,fat
172,60,fat
195,39,thin
183,56,thin
158,61,fat
128,69,normal
155,68,normal
175,79,normal
130,80,normal
141,51,normal
195,44,thin
177,51,thin
120,72,normal
177,59,fat
158,76,normal
135,37,fat
174,36,thin
185,75,fat
121,75,normal
190,55,thin
154,50,fat
137,53,normal
120,39,normal
130,68,normal
186,54,thin
181,55,thin
160,35,thin
198,40,thin
141,63,normal
138,79,normal
173,35,thin
154,76,normal
123,67,normal
179,58,thin
157,49,fat
121,47,normal
126,79,normal
146,60,normal
152,54,fat
177,50,thin
146,56,normal
120,61,normal
159,42,thin
156,65,normal
191,59,thin
136,46,fat
199,71,thin
145,66,normal
164,36,thin
127,73,normal
157,76,normal
146,43,fat
167,72,normal
180,45,thin
121,44,normal
164,47,thin
164,62,fat
146,60,normal
132,75,normal
188,60,thin
142,43,fat
141,72,normal
129,60,normal
186,56,thin
146,74,normal
175,71,fat
195,68,thin
152,68,normal
138,78,normal
125,57,normal
137,62,normal
140,42,fat
167,53,fat
165,37,thin
197,54,thin
186,50,thin
168,42,thin
178,46,thin
197,68,thin
197,48,thin
143,75,normal
188,42,thin
121,45,normal
138,60,normal
170,74,normal
126,44,normal
159,67,normal
170,51,thin
188,64,thin
193,45,thin
139,63,normal
166,60,fat
143,79,normal
129,40,fat
135,80,normal
142,71,normal
132,59,normal
171,80,normal
192,68,thin
129,76,normal
123,41,normal
165,77,normal
178,56,thin
196,66,thin
144,40,fat
146,75,normal
143,46,fat
174,75,fat
135,57,normal
157,38,thin
123,57,normal
198,53,thin
194,48,thin
194,48,thin
157,45,thin
188,65,thin
183,37,thin
157,76,normal
172,73,fat
120,44,normal
198,38,thin
157,42,thin
171,42,thin
125,53,normal
130,54,normal
137,70,normal
181,69,fat
170,73,normal
123,65,normal
149,66,normal
198,45,thin
127,59,normal
153,57,fat
181,54,thin
133,60,normal
142,50,fat
137,61,normal
132,58,normal
123,66,normal
121,61,normal
185,48,thin
188,69,fat
157,59,fat
162,41,thin
199,45,thin
127,44,normal
178,50,thin
125,65,normal
127,56,normal
180,46,thin
182,78,fat
147,54,fat
177,36,thin
145,78,normal
126,62,normal
121,42,normal
176,78,normal
149,79,normal
136,41,fat
195,79,fat
142,50,fat
191,62,thin
122,80,normal
145,63,normal
158,55,fat
145,45,fat
184,78,fat
193,74,fat
197,52,thin
178,77,fat
131,69,normal
146,41,fat
154,53,fat
197,77,fat
137,54,normal
161,50,fat
153,72,normal
122,65,normal
142,57,normal
126,79,normal
170,44,thin
145,54,normal
174,52,thin
144,39,fat
126,75,normal
132,59,normal
188,49,thin
124,45,normal
128,76,normal
177,47,thin
159,44,thin
180,52,thin
131,58,normal
124,70,normal
148,53,fat
183,61,thin
124,57,normal
167,61,fat
174,62,fat
152,67,normal
127,61,normal
192,79,fat
178,56,thin
177,64,fat
152,80,normal
163,35,thin
146,70,normal
164,37,thin
150,46,fat
136,63,normal
171,60,fat
154,46,fat
142,61,normal
179,78,fat
151,41,thin
126,69,normal
170,54,fat
132,44,normal
165,54,fat
142,35,thin
135,61,normal
158,37,thin
125,68,normal
200,53,thin
178,40,thin
142,58,normal
150,62,normal
166,78,normal
192,74,fat
170,54,fat
153,68,normal
163,65,fat
199,60,thin
153,63,normal
161,75,normal
142,48,fat
169,43,thin
155,73,normal
142,77,normal
160,58,fat
199,77,fat
186,35,thin
164,50,fat
134,69,normal
144,61,normal
162,62,fat
174,47,thin
195,35,thin
171,36,thin
141,64,normal
126,47,normal
155,57,fat
196,50,thin
122,66,normal
137,61,normal
136,35,fat
123,65,normal
180,35,thin
158,57,fat
149,57,normal
149,54,fat
159,51,fat
171,71,fat
176,78,normal
163,47,thin
173,47,thin
187,78,fat
138,41,fat
128,39,fat
135,79,normal
166,52,fat
158,59,fat
158,52,fat
178,79,fat
154,59,fat
137,62,normal
143,56,normal
156,78,normal
135,63,normal
120,74,normal
196,45,thin
198,77,fat
160,65,normal
153,76,normal
177,65,fat
193,54,thin
183,60,thin
136,58,normal
130,78,normal
148,77,normal
142,41,fat
183,49,thin
168,53,fat
185,39,thin
158,44,thin
167,39,thin
140,47,fat
184,70,fat
133,80,normal
147,43,fat
144,35,thin
151,80,normal
200,68,thin
145,76,normal
165,61,fat
122,67,normal
183,48,thin
140,78,normal
126,51,normal
193,61,thin
196,59,thin
183,70,fat
189,70,fat
185,45,thin
136,64,normal
192,66,thin
123,65,normal
169,43,thin
178,44,thin
171,46,thin
132,41,fat
132,67,normal
150,60,normal
159,38,thin
179,53,thin
159,50,fat
185,43,thin
139,49,normal
188,38,thin
179,38,thin
123,50,normal
194,64,thin
142,53,normal
163,69,normal
156,65,normal
140,60,normal
125,35,fat
144,68,normal
175,78,normal
164,58,fat
178,56,thin
153,75,normal
188,80,fat
137,55,normal
179,50,thin
151,61,normal
142,38,fat
168,61,fat
131,58,normal
155,47,fat
145,45,fat
172,77,normal
146,57,normal
134,65,normal
128,73,normal
132,43,fat
157,44,thin
173,71,fat
170,75,normal
144,50,fat
162,57,fat
141,61,normal
146,63,normal
193,37,thin
123,75,normal
166,46,thin
175,79,normal
129,60,normal
165,56,fat
163,40,thin
130,57,normal
198,63,thin
165,70,normal
124,63,normal
158,51,fat
146,40,fat
192,50,thin
131,78,normal
132,77,normal
187,66,fat
136,45,fat
181,56,thin
128,61,normal
174,59,fat
182,42,thin
132,78,normal
190,60,thin
158,78,normal
146,35,thin
131,38,fat
153,69,normal
122,69,normal
138,70,normal
135,69,normal
175,52,thin
196,36,thin
156,36,thin
163,37,thin
132,73,normal
163,71,normal
170,53,thin
133,79,normal
168,66,fat
193,61,thin
180,38,thin
185,50,thin
144,61,normal
157,43,thin
128,78,normal
129,42,normal
160,72,normal
157,42,thin
194,71,fat
189,39,thin
197,71,thin
185,36,thin
181,36,thin
146,40,fat
139,43,fat
139,66,normal
123,73,normal
191,40,thin
162,53,fat
128,75,normal
129,79,normal
146,36,thin
141,48,fat
199,67,thin
158,40,thin
135,65,normal
123,35,fat
167,49,thin
188,45,thin
195,72,fat
126,53,normal
196,69,thin
129,69,normal
137,36,fat
147,42,fat
158,72,normal
135,73,normal
187,65,fat
157,46,fat
154,40,thin
135,64,normal
148,57,normal
176,55,thin
174,61,fat
157,63,normal
198,39,thin
146,50,fat
195,52,thin
126,47,normal
145,60,normal
195,44,thin
137,59,normal
146,64,normal
121,51,normal
177,45,thin
170,62,fat
189,79,fat
192,70,fat
185,38,thin
154,71,normal
141,44,fat
133,77,normal
192,63,thin
130,75,normal
192,50,thin
141,61,normal
122,44,normal
174,73,fat
125,35,fat
184,68,fat
164,65,fat
156,51,fat
185,77,fat
162,77,normal
171,40,thin
142,66,normal
138,48,normal
162,67,normal
186,62,thin
181,62,fat
122,45,normal
168,41,thin
145,36,thin
124,74,normal
186,73,fat
200,50,thin
195,68,thin
159,47,fat
139,61,normal
159,60,fat
193,46,thin
129,69,normal
169,73,normal
198,60,thin
173,72,fat
121,41,normal
124,50,normal
166,37,thin
138,53,normal
160,70,normal
179,46,thin
179,38,thin
137,74,normal
155,59,fat
169,45,thin
189,80,fat
135,60,normal
128,59,normal
192,43,thin
199,45,thin
142,55,normal
181,60,thin
186,73,fat
197,47,thin
190,38,thin
164,42,thin
172,49,thin
152,74,normal
169,67,fat
200,46,thin
132,45,normal
122,68,normal
165,72,normal
189,39,thin
192,76,fat
128,58,normal
130,64,normal
128,35,fat
150,48,fat
123,78,normal
166,49,thin
154,77,normal
167,64,fat
156,42,thin
174,57,fat
169,53,fat
160,49,fat
183,52,thin
158,60,fat
197,53,thin
150,49,fat
170,77,normal
129,48,normal
179,55,thin
127,64,normal
193,79,fat
123,58,normal
132,35,fat
129,69,normal
177,60,fat
157,53,fat
138,80,normal
140,35,thin
200,58,thin
140,72,normal
124,60,normal
161,60,fat
155,77,normal
122,51,normal
130,52,normal
146,47,fat
195,76,fat
187,40,thin
152,73,normal
159,70,normal
171,48,thin
144,71,normal
157,64,normal
164,56,fat
160,71,normal
159,61,fat
150,60,normal
161,43,thin
165,38,thin
167,74,normal
192,49,thin
156,61,normal
196,44,thin
167,39,thin
168,71,normal
121,63,normal
141,38,fat
165,51,fat
127,76,normal
187,35,thin
158,56,fat
127,67,normal
149,70,normal
145,66,normal
167,75,normal
182,41,thin
184,70,fat
164,76,normal
186,51,thin
168,73,normal
139,78,normal
122,66,normal
185,57,thin
182,35,thin
160,73,normal
166,67,fat
140,47,fat
198,61,thin
188,66,fat
151,61,normal
166,74,normal
152,75,normal
165,51,fat
170,68,fat
159,35,thin
123,58,normal
128,52,normal
123,73,normal
198,62,thin
156,53,fat
123,61,normal
165,52,fat
193,48,thin
122,59,normal
177,68,fat
149,71,normal
131,67,normal
185,42,thin
145,56,normal
180,57,thin
158,67,normal
131,47,normal
120,60,normal
164,63,fat
182,74,fat
148,62,normal
120,70,normal
173,64,fat
173,56,fat
183,74,fat
120,44,normal
135,40,fat
128,43,normal
161,45,thin
157,76,normal
128,39,fat
195,65,thin
195,74,fat
161,44,thin
172,56,fat
168,48,thin
120,55,normal
162,51,fat
132,63,normal
146,37,thin
191,52,thin
154,47,fat
199,46,thin
186,42,thin
133,63,normal
178,36,thin
179,40,thin
196,69,thin
184,42,thin
120,74,normal
130,53,normal
162,60,fat
155,36,thin
157,66,normal
127,43,normal
200,43,thin
154,55,fat
188,73,fat
175,69,fat
146,47,fat
150,65,normal
193,67,thin
177,35,thin
170,62,fat
130,44,normal
133,45,normal
176,49,thin
148,35,thin
185,45,thin
176,57,thin
194,54,thin
197,35,thin
130,76,normal
186,62,thin
188,53,thin
160,67,normal
135,62,normal
195,52,thin
134,44,fat
130,60,normal
121,48,normal
139,47,fat
169,75,normal
133,63,normal
163,53,fat
180,43,thin
153,35,thin
148,71,normal
188,36,thin
171,39,thin
173,76,normal
192,64,thin
136,43,fat
185,50,thin
152,38,thin
190,68,fat
167,35,thin
149,35,thin
186,46,thin
129,49,normal
187,41,thin
133,48,normal
149,41,thin
180,56,thin
176,76,fat
150,79,normal
163,56,fat
150,60,normal
173,78,normal
194,67,thin
196,37,thin
150,43,fat
161,59,fat
120,41,normal
120,63,normal
127,56,normal
150,68,normal
153,50,fat
164,57,fat
163,65,fat
153,46,fat
133,65,normal
126,64,normal
163,74,normal
194,36,thin
198,74,fat
172,78,normal
134,78,normal
180,64,fat
190,75,fat
187,76,fat
195,48,thin
164,41,thin
135,77,normal
199,54,thin
131,40,fat
137,79,normal
135,80,normal
143,76,normal
188,75,fat
141,68,normal
196,67,thin
124,68,normal
140,65,normal
163,54,fat
137,62,normal
153,39,thin
176,54,thin
173,41,thin
174,45,thin
187,64,thin
139,39,fat
131,53,normal
169,78,normal
186,49,thin
167,47,thin
176,55,thin
147,53,fat
152,80,normal
187,79,fat
186,69,fat
148,74,normal
121,53,normal
125,78,normal
172,60,fat
169,53,fat
177,48,thin
157,55,fat
135,49,normal
136,59,normal
192,68,thin
147,61,normal
170,65,fat
140,54,normal
148,75,normal
169,63,fat
189,70,fat
148,69,normal
199,46,thin
172,36,thin
144,67,normal
161,48,fat
165,68,fat
128,76,normal
149,71,normal
157,53,fat
173,68,fat
128,57,normal
160,80,normal
174,72,fat
180,63,fat
190,49,thin
135,75,normal
168,51,thin
135,36,fat
157,59,fat
157,39,thin
181,76,fat
133,67,normal
162,77,normal
157,77,normal
179,79,fat
152,46,fat
143,39,fat
137,53,normal
152,66,normal
135,67,normal
138,75,normal
135,48,normal
148,45,fat
127,35,fat
182,69,fat
179,51,thin
154,76,normal
132,69,normal
141,59,normal
136,69,normal
194,46,thin
172,35,thin
151,56,fat
159,74,normal
150,60,normal
150,60,normal
162,53,fat
128,58,normal
162,39,thin
151,43,fat
166,39,thin
162,57,fat
158,63,normal
166,80,normal
141,60,normal
183,67,fat
125,77,normal
150,53,fat
150,45,fat
132,43,fat
157,58,fat
142,36,thin
168,44,thin
136,75,normal
150,63,normal
187,70,fat
151,70,normal
146,76,normal
151,38,thin
180,69,fat
140,77,normal
152,76,normal
153,70,normal
151,59,normal
140,67,normal
149,38,thin
157,37,thin
130,79,normal
129,52,normal
152,39,thin
142,37,thin
155,60,fat
132,48,normal
122,37,fat
157,35,thin
148,58,normal
124,49,normal
170,63,fat
145,51,fat
163,72,normal
172,75,normal
131,57,normal
160,37,thin
189,61,thin
159,39,thin
129,60,normal
176,45,thin
180,35,thin
179,74,fat
165,38,thin
120,54,normal
127,58,normal
161,37,thin
176,62,fat
169,38,thin
167,62,fat
160,36,thin
146,79,normal
181,49,thin
168,76,normal
163,40,thin
195,72,fat
191,69,fat
190,77,fat
178,75,fat
186,47,thin
179,46,thin
175,59,fat
142,79,normal
143,37,thin
124,52,normal
163,71,normal
168,51,thin
158,61,fat
125,43,normal
182,52,thin
172,79,normal
167,64,fat
197,35,thin
170,71,fat
134,35,fat
125,42,normal
143,42,fat
184,38,thin
161,61,fat
184,50,thin
172,76,normal
167,37,thin
142,68,normal
126,39,fat
136,68,normal
196,48,thin
122,71,normal
171,63,fat
126,48,normal
171,46,thin
126,70,normal
124,46,normal
124,49,normal
171,53,thin
193,63,thin
176,66,fat
178,78,fat
137,39,fat
176,46,thin
172,51,thin
122,71,normal
136,44,fat
196,37,thin
174,70,fat
162,74,normal
161,54,fat
200,50,thin
175,55,thin
170,77,normal
126,79,normal
150,60,normal
132,38,fat
197,71,thin
160,50,fat
180,46,thin
148,70,normal
154,68,normal
165,37,thin
164,66,fat
151,54,fat
178,56,thin
181,42,thin
161,50,fat
133,73,normal
170,60,fat
164,44,thin
142,63,normal
152,75,normal
167,49,thin
151,38,thin
185,63,thin
134,59,normal
195,69,thin
137,49,normal
176,68,fat
198,73,fat
129,49,normal
195,55,thin
127,35,fat
182,74,fat
133,72,normal
160,73,normal
192,46,thin
159,75,normal
149,57,normal
123,80,normal
200,79,fat
137,61,normal
177,54,thin
184,76,fat
132,74,normal
184,71,fat
171,49,thin
173,59,fat
158,57,fat
199,61,thin
164,67,fat
198,39,thin
151,44,fat
156,47,fat
171,42,thin
136,80,normal
197,41,thin
155,63,normal
168,48,thin
172,66,fat
157,47,fat
142,48,fat
178,54,thin
188,77,fat
197,68,thin
196,54,thin
177,66,fat
184,68,fat
170,76,normal
137,69,normal
149,80,normal
164,37,thin
185,38,thin
197,38,thin
151,54,fat
144,56,normal
159,68,normal
167,65,fat
173,49,thin
177,56,thin
187,49,thin
127,39,fat
155,63,normal
150,55,fat
142,61,normal
199,40,thin
176,73,fat
123,45,normal
161,67,normal
148,47,fat
120,51,normal
123,37,fat
186,66,fat
155,71,normal
125,48,normal
169,52,thin
178,80,normal
150,42,fat
149,64,normal
162,67,normal
157,77,normal
126,41,normal
188,69,fat
131,74,normal
139,56,normal
165,50,thin
184,73,fat
158,47,fat
136,67,normal
169,42,thin
142,43,fat
145,65,normal
175,59,fat
133,56,normal
120,68,normal
152,73,normal
153,36,thin
140,48,fat
181,62,fat
184,38,thin
151,53,fat
185,38,thin
145,48,fat
147,45,fat
158,45,thin
164,69,normal
150,70,normal
155,71,normal
163,63,fat
189,61,thin
141,80,normal
141,50,normal
126,49,normal
162,39,thin
135,75,normal
126,73,normal
139,51,normal
122,52,normal
139,45,fat
193,69,fat
129,38,fat
160,80,normal
124,61,normal
138,45,fat
122,50,normal
167,48,thin
160,78,normal
165,44,thin
157,55,fat
146,40,fat
161,69,normal
121,45,normal
120,61,normal
120,41,normal
129,61,normal
165,58,fat
183,51,thin
120,70,normal
125,65,normal
152,73,normal
182,37,thin
133,43,fat
141,57,normal
123,70,normal
133,71,normal
121,57,normal
156,58,fat
127,56,normal
193,42,thin
127,66,normal
171,54,thin
142,53,normal
172,54,thin
154,46,fat
183,68,fat
174,69,fat
167,40,thin
136,56,normal
199,61,thin
137,74,normal
131,75,normal
153,47,fat
135,72,normal
145,77,normal
193,68,thin
121,70,normal
153,46,fat
130,39,fat
189,63,thin
162,48,thin
194,61,thin
171,38,thin
158,73,normal
162,37,thin
139,58,normal
191,77,fat
152,35,thin
197,65,thin
143,71,normal
188,57,thin
161,57,fat
161,43,thin
179,53,thin
170,42,thin
132,70,normal
168,47,thin
166,59,fat
161,52,fat
122,74,normal
198,37,thin
139,37,fat
139,53,normal
149,63,normal
167,52,fat
164,49,thin
127,73,normal
160,37,thin
182,48,thin
146,76,normal
160,57,fat
199,70,thin
165,60,fat
132,54,normal
145,51,fat
142,43,fat
129,73,normal
152,66,normal
193,38,thin
192,61,thin
164,35,thin
142,49,fat
198,73,fat
182,65,fat
124,58,normal
185,80,fat
187,43,thin
188,35,thin
123,45,normal
140,53,normal
127,35,fat
176,36,thin
125,40,normal
192,35,thin
183,77,fat
131,36,fat
138,51,normal
186,45,thin
192,64,thin
154,72,normal
155,80,normal
133,61,normal
181,45,thin
170,57,fat
125,73,normal
195,66,thin
125,73,normal
169,80,normal
151,71,normal
130,49,normal
124,37,fat
142,61,normal
179,37,thin
185,54,thin
167,70,normal
140,65,normal
175,65,fat
193,44,thin
170,51,thin
128,41,normal
135,44,fat
198,35,thin
152,78,normal
188,55,thin
161,61,fat
188,44,thin
140,41,fat
197,76,fat
168,70,fat
177,71,fat
178,48,thin
190,57,thin
166,40,thin
132,47,normal
172,60,fat
176,68,fat
182,35,thin
121,78,normal
128,71,normal
137,41,fat
168,40,thin
196,66,thin
193,80,fat
160,41,thin
172,52,thin
134,36,fat
140,66,normal
152,60,normal
145,71,normal
172,55,fat
170,76,normal
174,52,thin
125,35,fat
133,66,normal
187,75,fat
139,77,normal
154,42,thin
121,43,normal
136,67,normal
199,63,thin
147,80,normal
192,50,thin
141,70,normal
121,46,normal
134,42,fat
152,66,normal
161,56,fat
165,53,fat
153,43,thin
145,75,normal
146,52,fat
165,72,normal
158,42,thin
151,76,normal
142,42,fat
142,54,normal
162,72,normal
185,72,fat
178,58,thin
192,59,thin
131,40,fat
130,67,normal
174,43,thin
191,63,thin
120,38,normal
188,45,thin
173,58,fat
142,62,normal
163,47,thin
156,78,normal
194,64,thin
171,36,thin
180,56,thin
134,41,fat
150,54,fat
160,68,normal
123,44,normal
178,71,fat
150,54,fat
157,70,normal
126,42,normal
178,80,normal
190,77,fat
129,58,normal
185,59,thin
122,55,normal
150,52,fat
175,78,normal
129,51,normal
186,39,thin
146,53,fat
147,35,thin
172,59,fat
197,80,fat
143,47,fat
175,42,thin
160,78,normal
184,73,fat
144,66,normal
155,69,normal
190,55,thin
161,65,normal
184,71,fat
187,66,fat
138,39,fat
159,48,fat
135,42,fat
131,77,normal
137,55,normal
182,39,thin
127,44,normal
176,46,thin
183,48,thin
184,58,thin
197,69,thin
141,37,fat
128,74,normal
178,67,fat
161,80,normal
157,64,normal
184,73,fat
186,73,fat
193,61,thin
140,72,normal
182,67,fat
150,47,fat
159,54,fat
175,56,thin
185,37,thin
160,69,normal
195,65,thin
123,71,normal
167,78,normal
168,53,fat
140,71,normal
152,50,fat
158,44,thin
182,65,fat
145,69,normal
174,41,thin
150,36,thin
193,65,thin
142,40,fat
163,42,thin
176,52,thin
183,50,thin
178,61,fat
192,46,thin
129,68,normal
150,48,fat
174,36,thin
160,46,thin
188,75,fat
181,72,fat
158,73,normal
132,35,fat
143,54,normal
191,51,thin
197,59,thin
186,38,thin
137,72,normal
127,78,normal
123,59,normal
139,72,normal
165,58,fat
189,54,thin
139,74,normal
128,37,fat
198,42,thin
129,77,normal
191,51,thin
175,62,fat
198,53,thin
123,53,normal
178,46,thin
137,39,fat
123,71,normal
187,66,fat
128,71,normal
162,59,fat
183,38,thin
157,79,normal
169,65,fat
156,40,thin
120,80,normal
200,35,thin
196,73,fat
134,52,normal
130,40,fat
165,78,normal
133,72,normal
127,56,normal
166,76,normal
194,38,thin
146,52,fat
161,65,normal
154,72,normal
149,67,normal
137,61,normal
120,72,normal
193,65,thin
176,68,fat
197,36,thin
158,61,fat
189,54,thin
170,54,fat
170,37,thin
185,60,thin
167,65,fat
123,77,normal
130,49,normal
182,60,thin
181,56,thin
144,63,normal
133,56,normal
144,43,fat
143,75,normal
128,39,fat
142,80,normal
147,58,normal
146,77,normal
142,73,normal
149,71,normal
126,54,normal
181,52,thin
121,42,normal
176,78,normal
187,57,thin
191,80,fat
139,59,normal
162,42,thin
147,49,fat
181,38,thin
197,80,fat
135,56,normal
142,67,normal
171,39,thin
134,48,normal
123,48,normal
191,47,thin
144,80,normal
186,79,fat
137,78,normal
152,60,normal
139,38,fat
126,45,normal
164,44,thin
141,44,fat
162,45,thin
163,44,thin
185,44,thin
169,80,normal
120,62,normal
175,67,fat
135,69,normal
124,68,normal
173,67,fat
157,70,normal
184,76,fat
148,77,normal
193,46,thin
180,60,fat
199,70,thin
163,54,fat
131,80,normal
148,76,normal
143,44,fat
134,72,normal
198,43,thin
162,72,normal
146,70,normal
185,55,thin
141,59,normal
136,36,fat
153,35,thin
181,44,thin
127,66,normal
175,45,thin
135,71,normal
138,70,normal
200,61,thin
173,36,thin
170,44,thin
130,62,normal
148,80,normal
139,72,normal
142,76,normal
154,57,fat
136,76,normal
198,47,thin
176,54,thin
128,47,normal
137,64,normal
186,40,thin
159,59,fat
169,47,thin
165,61,fat
123,59,normal
146,50,fat
129,49,normal
146,77,normal
180,71,fat
191,66,thin
127,47,normal
180,62,fat
129,69,normal
134,78,normal
180,79,fat
148,48,fat
174,77,normal
157,56,fat
120,37,normal
127,67,normal
145,56,normal
136,66,normal
182,64,fat
142,78,normal
135,64,normal
185,50,thin
196,60,thin
135,68,normal
152,55,fat
194,41,thin
192,51,thin
127,46,normal
132,37,fat
121,43,normal
153,73,normal
128,74,normal
144,69,normal
159,74,normal
133,39,fat
132,60,normal
186,64,thin
136,39,fat
133,79,normal
176,45,thin
179,80,fat
138,79,normal
136,58,normal
166,36,thin
182,49,thin
156,49,fat
127,45,normal
156,38,thin
121,65,normal
196,56,thin
180,61,fat
177,74,fat
143,64,normal
164,75,normal
132,69,normal
125,74,normal
189,35,thin
163,53,fat
149,71,normal
170,59,fat
186,51,thin
120,55,normal
143,72,normal
171,79,normal
143,76,normal
179,68,fat
200,80,fat
121,45,normal
195,64,thin
158,43,thin
154,74,normal
198,59,thin
170,43,thin
142,38,fat
156,79,normal
124,77,normal
140,71,normal
168,69,fat
193,35,thin
130,71,normal
121,53,normal
164,35,thin
168,55,fat
163,63,fat
139,35,thin
128,50,normal
147,78,normal
141,37,fat
174,66,fat
188,37,thin
189,59,thin
134,67,normal
149,57,normal
146,46,fat
149,57,normal
158,45,thin
162,64,fat
168,76,normal
194,46,thin
132,55,normal
147,41,fat
122,36,fat
134,61,normal
145,74,normal
136,44,fat
178,45,thin
185,62,thin
144,41,fat
151,69,normal
130,48,normal
140,69,normal
192,65,thin
195,54,thin
165,42,thin
184,64,fat
139,73,normal
155,51,fat
139,69,normal
148,74,normal
167,53,fat
134,78,normal
197,76,fat
143,79,normal
168,45,thin
172,50,thin
199,63,thin
127,75,normal
187,59,thin
155,80,normal
124,65,normal
172,67,fat
150,38,thin
161,80,normal
180,67,fat
184,53,thin
132,66,normal
182,40,thin
135,66,normal
158,53,fat
172,78,normal
121,65,normal
132,78,normal
140,36,thin
191,77,fat
138,70,normal
140,47,fat
186,65,fat
148,38,thin
180,35,thin
139,64,normal
145,39,fat
188,57,thin
127,61,normal
149,57,normal
142,63,normal
148,75,normal
186,70,fat
190,61,thin
163,38,thin
139,56,normal
152,76,normal
181,58,thin
122,52,normal
137,51,normal
134,75,normal
163,46,thin
174,52,thin
134,68,normal
152,51,fat
129,62,normal
138,36,fat
137,39,fat
126,75,normal
127,75,normal
184,63,fat
151,64,normal
122,62,normal
141,57,normal
152,60,normal
197,42,thin
140,58,normal
139,45,fat
128,54,normal
145,59,normal
156,57,fat
199,36,thin
139,71,normal
161,74,normal
156,71,normal
120,43,normal
133,63,normal
172,53,thin
171,73,fat
146,73,normal
177,52,thin
133,40,fat
139,48,fat
152,63,normal
152,67,normal
168,48,thin
200,69,thin
139,60,normal
181,35,thin
196,47,thin
173,63,fat
156,69,normal
179,46,thin
143,76,normal
121,61,normal
147,73,normal
125,47,normal
187,63,thin
173,73,fat
122,74,normal
150,54,fat
198,42,thin
130,39,fat
174,61,fat
138,53,normal
148,74,normal
198,64,thin
195,57,thin
162,44,thin
191,70,fat
123,65,normal
134,40,fat
153,36,thin
169,47,thin
181,48,thin
186,56,thin
166,72,normal
155,39,thin
176,75,fat
143,66,normal
142,80,normal
145,42,fat
163,47,thin
160,49,fat
187,74,fat
190,75,fat
184,37,thin
146,50,fat
167,51,thin
171,51,thin
145,55,normal
184,73,fat
121,49,normal
127,73,normal
155,65,normal
186,35,thin
190,63,thin
148,69,normal
183,55,thin
197,78,fat
156,68,normal
181,42,thin
134,52,normal
137,73,normal
138,47,fat
170,69,fat
164,78,normal
171,76,normal
161,64,fat
153,70,normal
140,75,normal
142,40,fat
159,36,thin
132,80,normal
189,62,thin
125,79,normal
148,59,normal
180,36,thin
131,68,normal
191,74,fat
121,68,normal
146,72,normal
184,57,thin
175,36,thin
140,42,fat
139,39,fat
186,40,thin
140,79,normal
158,47,fat
142,62,normal
125,76,normal
145,36,thin
152,66,normal
145,47,fat
142,53,normal
150,36,thin
182,52,thin
178,55,thin
200,40,thin
156,57,fat
184,66,fat
177,44,thin
181,56,thin
122,63,normal
127,39,fat
165,43,thin
185,42,thin
132,80,normal
136,45,fat
161,59,fat
199,59,thin
200,62,thin
198,55,thin
197,79,fat
156,40,thin
153,41,thin
166,43,thin
168,53,fat
128,70,normal
134,62,normal
171,41,thin
145,74,normal
148,48,fat
194,38,thin
196,38,thin
198,79,fat
126,74,normal
132,36,fat
127,47,normal
136,64,normal
164,36,thin
157,45,thin
130,47,normal
135,47,normal
199,64,thin
186,47,thin
163,50,fat
152,39,thin
139,64,normal
150,65,normal
168,36,thin
143,73,normal
163,37,thin
138,65,normal
198,71,thin
130,65,normal
141,62,normal
179,43,thin
199,44,thin
180,50,thin
161,67,normal
134,58,normal
138,62,normal
167,77,normal
188,45,thin
160,41,thin
133,64,normal
121,77,normal
125,67,normal
126,71,normal
168,44,thin
195,54,thin
174,57,fat
187,66,fat
184,49,thin
167,63,fat
147,66,normal
145,46,fat
165,65,fat
127,55,normal
138,42,fat
156,39,thin
190,71,fat
176,72,fat
151,51,fat
160,40,thin
140,44,fat
159,70,normal
185,60,thin
199,46,thin
127,52,normal
189,56,thin
198,39,thin
167,50,thin
171,51,thin
182,55,thin
153,55,fat
154,46,fat
135,66,normal
153,62,normal
125,55,normal
157,61,fat
149,53,fat
148,38,thin
129,56,normal
181,67,fat
176,71,fat
140,53,normal
181,59,thin
168,65,fat
163,76,normal
125,77,normal
192,56,thin
187,58,thin
165,67,fat
190,38,thin
131,45,normal
194,59,thin
148,49,fat
183,60,thin
154,74,normal
124,36,fat
123,65,normal
131,78,normal
199,66,thin
166,38,thin
136,44,fat
126,78,normal
135,68,normal
176,39,thin
150,56,fat
168,74,normal
196,44,thin
135,59,normal
177,73,fat
170,76,normal
182,67,fat
128,58,normal
166,57,fat
148,55,normal
198,44,thin
162,41,thin
174,63,fat
170,57,fat
168,61,fat
156,78,normal
187,41,thin
185,59,thin
138,40,fat
130,50,normal
170,51,thin
176,61,fat
196,80,fat
168,72,normal
194,80,fat
183,73,fat
195,44,thin
124,69,normal
182,63,fat
200,68,thin
199,51,thin
175,62,fat
180,64,fat
192,48,thin
125,43,normal
166,79,normal
189,60,thin
123,35,fat
191,42,thin
122,46,normal
141,46,fat
147,57,normal
155,35,thin
188,58,thin
161,48,fat
162,78,normal
197,35,thin
150,42,fat
190,61,thin
158,36,thin
165,46,thin
178,51,thin
169,70,fat
183,68,fat
154,51,fat
182,74,fat
130,80,normal
200,77,fat
191,61,thin
190,58,thin
184,62,thin
179,55,thin
150,45,fat
181,35,thin
160,42,thin
153,46,fat
183,78,fat
145,53,normal
185,79,fat
193,54,thin
123,72,normal
165,45,thin
195,47,thin
178,79,fat
189,77,fat
159,48,fat
145,43,fat
174,43,thin
158,71,normal
153,46,fat
189,71,fat
140,63,normal
194,71,fat
164,45,thin
193,69,fat
132,59,normal
124,75,normal
200,45,thin
153,76,normal
145,66,normal
154,43,thin
140,46,fat
193,42,thin
129,48,normal
168,72,normal
124,80,normal
133,75,normal
194,50,thin
168,70,fat
136,66,normal
128,71,normal
171,51,thin
173,62,fat
187,67,fat
199,65,thin
123,73,normal
137,39,fat
163,75,normal
167,61,fat
187,65,fat
180,58,thin
161,53,fat
194,74,fat
144,71,normal
140,79,normal
130,76,normal
121,35,fat
186,57,thin
154,41,thin
156,53,fat
154,36,thin
152,62,normal
151,65,normal
194,61,thin
198,75,fat
190,73,fat
139,61,normal
134,60,normal
136,40,fat
173,63,fat
197,79,fat
183,57,thin
174,40,thin
179,54,thin
130,76,normal
121,53,normal
200,79,fat
180,63,fat
136,46,fat
122,49,normal
132,78,normal
151,42,thin
139,56,normal
130,53,normal
196,39,thin
175,47,thin
168,58,fat
185,58,thin
195,37,thin
120,75,normal
125,61,normal
147,79,normal
128,66,normal
154,68,normal
129,42,normal
144,77,normal
183,66,fat
135,65,normal
185,63,thin
143,65,normal
192,37,thin
139,58,normal
195,39,thin
192,42,thin
188,37,thin
179,58,thin
177,49,thin
123,80,normal
155,36,thin
197,60,thin
199,47,thin
188,62,thin
191,46,thin
121,47,normal
153,52,fat
138,50,normal
138,43,fat
183,47,thin
199,77,fat
143,69,normal
181,52,thin
160,44,thin
175,80,normal
123,57,normal
122,52,normal
129,39,fat
132,60,normal
147,68,normal
148,73,normal
188,51,thin
145,66,normal
164,55,fat
163,65,fat
171,61,fat
162,56,fat
184,53,thin
131,46,normal
149,80,normal
132,56,normal
200,72,thin
148,48,fat
168,72,normal
189,53,thin
165,72,normal
127,41,normal
173,73,fat
180,56,thin
179,73,fat
151,63,normal
180,60,fat
134,37,fat
193,75,fat
139,65,normal
148,71,normal
182,53,thin
145,46,fat
163,57,fat
142,55,normal
195,67,thin
121,42,normal
195,75,fat
143,65,normal
195,73,fat
174,52,thin
193,62,thin
191,64,thin
172,59,fat
144,35,thin
162,41,thin
158,48,fat
152,54,fat
185,76,fat
179,73,fat
123,51,normal
167,44,thin
193,65,thin
176,72,fat
125,79,normal
173,74,fat
170,79,normal
153,77,normal
199,63,thin
158,50,fat
121,72,normal
178,41,thin
159,72,normal
140,42,fat
181,68,fat
165,63,fat
200,52,thin
149,40,thin
145,40,fat
126,70,normal
145,49,fat
156,46,fat
168,63,fat
198,39,thin
199,78,fat
137,51,normal
137,53,normal
143,79,normal
179,37,thin
120,63,normal
152,36,thin
137,72,normal
193,57,thin
133,77,normal
164,58,fat
179,53,thin
147,73,normal
137,65,normal
146,70,normal
190,62,thin
124,43,normal
125,46,normal
170,45,thin
170,75,normal
184,63,fat
142,44,fat
171,66,fat
126,70,normal
164,58,fat
198,44,thin
168,69,fat
141,79,normal
180,75,fat
173,44,thin
188,36,thin
129,42,normal
170,44,thin
129,58,normal
192,62,thin
175,74,fat
125,69,normal
137,67,normal
140,45,fat
138,35,thin
188,61,thin
120,64,normal
161,68,normal
171,60,fat
155,46,fat
199,67,thin
168,70,fat
190,41,thin
159,77,normal
135,76,normal
188,67,fat
173,59,fat
141,36,thin
192,43,thin
174,46,thin
198,75,fat
134,54,normal
159,66,normal
193,36,thin
140,64,normal
185,41,thin
164,75,normal
191,71,fat
194,61,thin
197,68,thin
146,75,normal
151,66,normal
185,62,thin
129,78,normal
164,78,normal
175,43,thin
155,40,thin
141,42,fat
126,72,normal
188,74,fat
121,72,normal
164,45,thin
179,70,fat
122,75,normal
134,58,normal
197,56,thin
152,76,normal
127,78,normal
149,64,normal
133,43,fat
143,62,normal
164,71,normal
171,66,fat
180,65,fat
190,69,fat
156,46,fat
133,73,normal
150,67,normal
132,55,normal
133,63,normal
179,66,fat
174,44,thin
185,60,thin
134,39,fat
191,73,fat
195,43,thin
172,69,fat
154,68,normal
166,69,normal
129,51,normal
176,48,thin
183,54,thin
146,47,fat
157,63,normal
154,53,fat
129,58,normal
126,45,normal
185,69,fat
149,58,normal
182,60,thin
183,77,fat
149,77,normal
163,54,fat
172,69,fat
120,61,normal
146,46,fat
131,41,fat
143,75,normal
180,72,fat
165,51,fat
173,80,normal
127,70,normal
134,54,normal
196,58,thin
135,61,normal
123,58,normal
131,41,fat
174,66,fat
166,49,thin
146,76,normal
138,51,normal
190,48,thin
123,71,normal
182,35,thin
164,80,normal
194,49,thin
130,60,normal
143,40,fat
190,80,fat
185,77,fat
166,35,thin
189,79,fat
159,56,fat
198,41,thin
151,53,fat
136,60,normal
123,35,fat
131,65,normal
159,79,normal
154,46,fat
150,44,fat
126,42,normal
179,47,thin
185,45,thin
173,50,thin
178,54,thin
179,72,fat
179,42,thin
124,56,normal
139,43,fat
195,48,thin
179,68,fat
135,58,normal
122,75,normal
180,53,thin
192,36,thin
196,49,thin
134,79,normal
177,65,fat
182,56,thin
135,63,normal
137,60,normal
180,69,fat
134,69,normal
160,65,normal
157,69,normal
187,39,thin
192,78,fat
125,65,normal
186,42,thin
153,51,fat
131,42,fat
124,49,normal
160,40,thin
195,55,thin
160,36,thin
152,36,thin
144,70,normal
170,39,thin
164,79,normal
149,63,normal
122,76,normal
172,45,thin
120,66,normal
128,35,fat
198,77,fat
122,72,normal
141,46,fat
185,54,thin
161,71,normal
196,66,thin
156,75,normal
173,72,fat
165,43,thin
126,79,normal
164,52,fat
169,40,thin
141,36,thin
169,60,fat
198,37,thin
175,35,thin
185,67,fat
176,65,fat
137,73,normal
195,62,thin
186,75,fat
174,54,thin
161,72,normal
160,72,normal
170,79,normal
155,68,normal
175,45,thin
145,61,normal
170,60,fat
144,47,fat
186,72,fat
189,74,fat
177,57,thin
157,47,fat
167,71,normal
150,70,normal
181,57,thin
189,38,thin
169,55,fat
149,79,normal
155,46,fat
175,58,fat
169,63,fat
140,64,normal
189,36,thin
173,49,thin
138,67,normal
179,51,thin
172,73,fat
200,49,thin
189,49,thin
148,46,fat
150,77,normal
164,58,fat
187,40,thin
162,76,normal
149,47,fat
153,56,fat
182,54,thin
135,46,normal
145,61,normal
159,66,normal
164,47,thin
123,79,normal
183,77,fat
125,74,normal
193,60,thin
198,71,thin
196,68,thin
142,67,normal
188,53,thin
147,77,normal
144,72,normal
195,62,thin
185,36,thin
190,68,fat
164,53,fat
177,48,thin
166,44,thin
183,46,thin
137,69,normal
142,47,fat
135,55,normal
198,36,thin
177,45,thin
143,36,thin
166,74,normal
159,68,normal
199,60,thin
183,65,fat
158,45,thin
149,38,thin
122,76,normal
153,54,fat
174,51,thin
192,69,fat
131,75,normal
121,48,normal
130,67,normal
168,78,normal
122,55,normal
189,36,thin
168,38,thin
164,68,normal
127,40,fat
147,78,normal
188,40,thin
180,55,thin
143,63,normal
161,80,normal
167,59,fat
129,46,normal
178,58,thin
164,77,normal
122,52,normal
125,57,normal
182,63,fat
133,60,normal
152,79,normal
135,47,normal
171,61,fat
134,65,normal
121,48,normal
180,48,thin
173,64,fat
164,53,fat
172,77,normal
155,37,thin
132,74,normal
177,57,thin
130,58,normal
187,49,thin
120,47,normal
130,80,normal
151,42,thin
152,51,fat
177,74,fat
125,64,normal
125,51,normal
163,71,normal
138,51,normal
184,44,thin
157,79,normal
145,59,normal
189,71,fat
181,71,fat
137,43,fat
165,68,fat
133,57,normal
128,47,normal
126,79,normal
157,78,normal
144,59,normal
130,48,normal
127,42,normal
176,68,fat
157,49,fat
130,37,fat
158,80,normal
124,57,normal
141,77,normal
134,50,normal
131,69,normal
183,44,thin
125,74,normal
197,51,thin
162,36,thin
180,57,thin
133,57,normal
143,63,normal
134,65,normal
147,36,thin
192,79,fat
165,75,normal
129,36,fat
166,57,fat
173,57,fat
121,54,normal
122,47,normal
135,45,fat
167,35,thin
162,74,normal
198,62,thin
153,64,normal
122,59,normal
136,76,normal
193,43,thin
146,79,normal
174,46,thin
184,61,thin
159,51,fat
193,73,fat
133,46,normal
193,62,thin
197,54,thin
128,66,normal
156,60,fat
120,70,normal
193,61,thin
161,37,thin
142,38,fat
140,77,normal
174,73,fat
193,68,thin
132,40,fat
156,80,normal
187,66,fat
133,73,normal
184,36,thin
135,41,fat
170,43,thin
127,36,fat
135,36,fat
147,67,normal
139,75,normal
139,56,normal
136,69,normal
162,56,fat
175,39,thin
169,45,thin
190,45,thin
187,63,thin
191,71,fat
144,68,normal
128,36,fat
159,40,thin
179,66,fat
160,68,normal
186,78,fat
120,75,normal
173,57,fat
141,45,fat
145,48,fat
163,56,fat
154,46,fat
141,46,fat
169,73,normal
155,80,normal
158,62,fat
199,59,thin
146,75,normal
147,73,normal
139,73,normal
140,75,normal
150,63,normal
160,75,normal
163,63,fat
156,78,normal
174,76,normal
141,69,normal
176,48,thin
162,46,thin
125,36,fat
142,67,normal
173,58,fat
141,55,normal
138,60,normal
144,45,fat
127,74,normal
169,78,normal
168,80,normal
150,74,normal
155,46,fat
160,61,fat
175,44,thin
121,40,normal
198,55,thin
171,65,fat
122,50,normal
149,54,fat
167,75,normal
196,58,thin
180,48,thin
148,40,thin
126,51,normal
172,51,thin
138,78,normal
138,67,normal
200,71,thin
184,45,thin
166,53,fat
161,58,fat
200,77,fat
188,42,thin
141,55,normal
193,57,thin
177,50,thin
125,71,normal
155,48,fat
127,36,fat
190,50,thin
155,59,fat
134,44,fat
127,59,normal
183,47,thin
121,67,normal
136,77,normal
174,61,fat
128,66,normal
174,68,fat
135,36,fat
124,76,normal
198,40,thin
175,42,thin
124,46,normal
190,68,fat
192,70,fat
151,61,normal
177,50,thin
175,37,thin
182,56,thin
160,38,thin
165,56,fat
153,35,thin
192,55,thin
187,44,thin
193,40,thin
127,68,normal
184,55,thin
120,77,normal
164,56,fat
180,52,thin
151,52,fat
159,73,normal
197,42,thin
189,80,fat
152,65,normal
170,55,fat
166,63,fat
140,75,normal
131,63,normal
161,37,thin
164,61,fat
152,77,normal
173,58,fat
130,40,fat
126,77,normal
141,42,fat
171,64,fat
184,36,thin
188,59,thin
186,54,thin
150,38,thin
136,72,normal
168,56,fat
160,80,normal
143,39,fat
162,38,thin
125,58,normal
167,73,normal
122,78,normal
176,37,thin
194,47,thin
157,47,fat
122,49,normal
143,73,normal
144,72,normal
175,74,fat
200,60,thin
186,55,thin
129,71,normal
146,39,thin
176,79,normal
193,52,thin
196,36,thin
185,35,thin
140,43,fat
125,38,fat
192,46,thin
140,48,fat
125,53,normal
196,56,thin
139,48,fat
129,42,normal
200,71,thin
172,40,thin
145,42,fat
151,70,normal
190,75,fat
162,75,normal
122,65,normal
160,44,thin
196,68,thin
145,68,normal
145,62,normal
137,80,normal
161,52,fat
196,71,thin
154,77,normal
158,64,normal
159,52,fat
140,53,normal
139,76,normal
156,57,fat
153,80,normal
135,61,normal
200,79,fat
125,62,normal
171,45,thin
182,66,fat
145,36,thin
139,37,fat
165,39,thin
124,64,normal
174,52,thin
162,36,thin
164,41,thin
135,39,fat
141,50,normal
126,46,normal
139,68,normal
184,61,thin
158,40,thin
151,37,thin
178,55,thin
134,40,fat
177,63,fat
162,46,thin
131,49,normal
159,70,normal
120,59,normal
148,51,fat
154,72,normal
120,80,normal
188,76,fat
181,45,thin
151,43,fat
169,66,fat
162,55,fat
171,79,normal
157,43,thin
152,39,thin
187,43,thin
198,79,fat
194,40,thin
194,38,thin
154,41,thin
160,74,normal
190,47,thin
125,53,normal
163,50,fat
125,37,fat
192,79,fat
199,52,thin
184,55,thin
174,78,normal
163,64,fat
132,45,normal
123,37,fat
123,35,fat
159,79,normal
195,36,thin
192,40,thin
197,66,thin
183,67,fat
176,68,fat
153,37,thin
122,42,normal
170,80,normal
179,75,fat
152,39,thin
181,79,fat
156,55,fat
126,72,normal
129,36,fat
129,73,normal
181,50,thin
126,59,normal
146,54,normal
189,64,thin
154,53,fat
131,73,normal
180,57,thin
170,51,thin
194,80,fat
121,47,normal
145,63,normal
123,38,normal
177,67,fat
148,73,normal
132,63,normal
168,66,fat
152,41,thin
173,49,thin
158,47,fat
170,55,fat
124,58,normal
174,37,thin
191,56,thin
158,36,thin
150,43,fat
182,60,thin
187,56,thin
121,46,normal
143,55,normal
193,40,thin
160,59,fat
200,56,thin
138,49,normal
167,64,fat
169,47,thin
187,61,thin
143,47,fat
156,68,normal
196,45,thin
120,37,normal
189,40,thin
199,72,thin
135,73,normal
123,70,normal
125,63,normal
128,55,normal
150,78,normal
176,63,fat
142,39,fat
162,53,fat
199,59,thin
187,61,thin
181,55,thin
169,48,thin
160,71,normal
148,45,fat
144,77,normal
159,70,normal
162,76,normal
135,79,normal
159,40,thin
169,48,thin
163,35,thin
126,65,normal
170,77,normal
135,73,normal
134,47,normal
174,73,fat
129,41,fat
144,58,normal
159,75,normal
172,66,fat
197,67,thin
124,58,normal
166,35,thin
193,78,fat
139,45,fat
191,51,thin
181,71,fat
158,73,normal
148,62,normal
123,38,normal
145,60,normal
139,41,fat
137,62,normal
141,65,normal
150,60,normal
152,49,fat
184,62,thin
146,57,normal
128,59,normal
127,41,normal
154,39,thin
170,61,fat
180,39,thin
156,77,normal
149,80,normal
182,76,fat
162,54,fat
173,67,fat
164,47,thin
146,46,fat
164,79,normal
163,45,thin
183,63,fat
161,57,fat
183,78,fat
185,44,thin
156,53,fat
141,59,normal
168,62,fat
184,59,thin
164,77,normal
150,57,normal
196,64,thin
160,47,thin
177,73,fat
194,44,thin
135,79,normal
136,69,normal
166,55,fat
186,67,fat
174,40,thin
127,47,normal
168,35,thin
128,55,normal
133,67,normal
128,70,normal
158,52,fat
126,44,normal
178,49,thin
138,57,normal
146,79,normal
192,77,fat
190,60,thin
136,78,normal
175,60,fat
195,42,thin
143,39,fat
199,79,fat
160,36,thin
191,42,thin
124,69,normal
175,36,thin
194,67,thin
148,51,fat
196,39,thin
168,64,fat
181,72,fat
141,55,normal
180,63,fat
153,79,normal
150,40,thin
178,52,thin
152,35,thin
136,68,normal
165,77,normal
150,72,normal
195,38,thin
192,48,thin
197,50,thin
138,37,fat
135,39,fat
190,65,thin
159,67,normal
196,47,thin
184,44,thin
168,38,thin
189,58,thin
126,58,normal
160,45,thin
176,76,fat
124,70,normal
120,66,normal
160,71,normal
188,38,thin
127,66,normal
164,52,fat
165,76,normal
166,53,fat
143,42,fat
176,46,thin
183,69,fat
143,72,normal
171,65,fat
156,36,thin
133,70,normal
162,70,normal
136,55,normal
183,77,fat
166,66,fat
189,77,fat
161,37,thin
144,61,normal
142,50,fat
167,42,thin
180,62,fat
185,56,thin
162,58,fat
196,45,thin
137,49,normal
132,75,normal
122,75,normal
180,39,thin
138,58,normal
199,67,thin
142,63,normal
147,57,normal
162,47,thin
134,49,normal
197,80,fat
154,70,normal
135,72,normal
153,47,fat
130,52,normal
152,49,fat
170,55,fat
190,49,thin
142,57,normal
197,80,fat
130,53,normal
135,77,normal
169,50,thin
179,57,thin
137,44,fat
161,56,fat
164,37,thin
142,66,normal
176,53,thin
175,47,thin
175,48,thin
192,47,thin
172,62,fat
194,45,thin
147,66,normal
170,67,fat
127,46,normal
164,65,fat
175,55,thin
156,54,fat
167,69,fat
145,47,fat
190,71,fat
193,46,thin
179,69,fat
125,42,normal
120,66,normal
136,76,normal
149,64,normal
179,39,thin
180,50,thin
163,77,normal
158,79,normal
178,50,thin
182,62,fat
171,80,normal
182,65,fat
124,47,normal
164,55,fat
142,37,thin
196,51,thin
200,60,thin
133,37,fat
193,40,thin
198,46,thin
189,69,fat
198,52,thin
172,61,fat
180,63,fat
187,65,fat
148,42,fat
185,52,thin
197,38,thin
131,67,normal
195,80,fat
180,40,thin
147,46,fat
147,54,fat
160,65,normal
155,51,fat
194,77,fat
194,54,thin
147,65,normal
180,48,thin
139,73,normal
186,40,thin
185,52,thin
139,43,fat
150,51,fat
152,35,thin
121,40,normal
151,55,fat
181,53,thin
125,38,fat
120,57,normal
166,40,thin
190,40,thin
179,41,thin
199,46,thin
163,59,fat
171,54,thin
158,69,normal
150,58,normal
189,51,thin
187,75,fat
121,36,fat
154,56,fat
198,59,thin
138,51,normal
154,51,fat
193,72,fat
160,61,fat
137,48,normal
188,70,fat
139,45,fat
125,53,normal
156,71,normal
130,51,normal
137,44,fat
198,54,thin
178,36,thin
141,64,normal
149,55,fat
183,56,thin
197,47,thin
149,48,fat
126,76,normal
127,49,normal
136,46,fat
131,57,normal
190,40,thin
169,42,thin
126,68,normal
133,73,normal
135,46,normal
134,51,normal
154,52,fat
146,74,normal
170,55,fat
158,38,thin
152,46,fat
126,64,normal
168,51,thin
150,37,thin
138,44,fat
199,36,thin
187,71,fat
185,36,thin
196,51,thin
159,62,fat
175,61,fat
156,40,thin
169,63,fat
185,74,fat
135,66,normal
122,37,fat
122,48,normal
193,64,thin
124,49,normal
121,69,normal
141,75,normal
172,43,thin
198,49,thin
151,43,fat
196,44,thin
187,48,thin
143,71,normal
196,56,thin
188,45,thin
145,40,fat
195,42,thin
166,62,fat
175,43,thin
179,57,thin
130,45,normal
128,48,normal
140,51,normal
148,40,thin
120,39,normal
129,76,normal
136,41,fat
156,60,fat
153,40,thin
128,65,normal
170,67,fat
153,40,thin
142,60,normal
178,79,fat
129,67,normal
191,62,thin
173,58,fat
143,55,normal
139,45,fat
131,57,normal
123,41,normal
152,63,normal
131,46,normal
138,45,fat
124,68,normal
195,63,thin
190,62,thin
180,78,fat
143,37,thin
179,59,thin
185,47,thin
178,49,thin
133,60,normal
142,57,normal
131,64,normal
200,40,thin
154,71,normal
143,52,normal
198,59,thin
142,35,thin
161,56,fat
200,36,thin
160,45,thin
182,40,thin
191,77,fat
131,68,normal
155,65,normal
141,55,normal
143,74,normal
175,77,normal
165,56,fat
131,68,normal
191,40,thin
173,45,thin
140,43,fat
122,68,normal
128,49,normal
125,59,normal
189,60,thin
178,39,thin
185,76,fat
198,61,thin
141,45,fat
170,38,thin
131,75,normal
195,45,thin
165,70,normal
159,38,thin
131,66,normal
171,50,thin
163,71,normal
155,57,fat
182,49,thin
169,37,thin
170,54,fat
154,59,fat
134,74,normal
144,72,normal
150,70,normal
165,64,fat
179,37,thin
186,47,thin
194,70,fat
173,39,thin
156,59,fat
180,47,thin
124,40,normal
153,47,fat
162,46,thin
181,41,thin
189,36,thin
148,58,normal
193,65,thin
178,36,thin
196,53,thin
154,73,normal
141,45,fat
196,57,thin
140,35,thin
158,75,normal
131,41,fat
165,68,fat
124,37,fat
144,75,normal
163,36,thin
150,51,fat
197,45,thin
141,79,normal
124,70,normal
157,36,thin
166,78,normal
194,72,fat
177,48,thin
188,49,thin
200,52,thin
194,65,thin
166,67,fat
131,71,normal
200,67,thin
190,48,thin
199,51,thin
168,59,fat
125,77,normal
143,71,normal
150,69,normal
161,57,fat
157,72,normal
171,64,fat
161,47,thin
191,58,thin
194,44,thin
184,45,thin
181,40,thin
131,65,normal
147,41,fat
179,56,thin
193,60,thin
132,40,fat
192,71,fat
160,55,fat
136,47,normal
178,65,fat
198,75,fat
167,51,thin
177,48,thin
167,52,fat
161,44,thin
186,72,fat
193,48,thin
180,53,thin
164,75,normal
157,51,fat
188,71,fat
152,58,normal
177,52,thin
156,38,thin
171,49,thin
191,65,thin
170,36,thin
136,60,normal
187,49,thin
172,55,fat
178,41,thin
193,62,thin
131,55,normal
199,71,thin
191,53,thin
146,59,normal
173,74,fat
193,57,thin
131,61,normal
169,49,thin
168,57,fat
190,63,thin
180,37,thin
171,35,thin
183,80,fat
122,45,normal
120,45,normal
160,59,fat
147,51,fat
128,55,normal
131,64,normal
198,57,thin
138,70,normal
127,53,normal
150,78,normal
160,51,fat
169,69,fat
190,62,thin
122,39,normal
131,50,normal
165,61,fat
147,39,thin
179,39,thin
151,49,fat
189,45,thin
128,68,normal
127,72,normal
172,77,normal
167,46,thin
150,36,thin
164,64,fat
173,56,fat
157,61,fat
199,76,fat
122,51,normal
188,37,thin
161,48,fat
137,56,normal
186,48,thin
157,56,fat
135,67,normal
145,41,fat
194,70,fat
200,59,thin
136,52,normal
195,38,thin
128,40,fat
180,74,fat
163,72,normal
154,79,normal
123,49,normal
150,52,fat
180,38,thin
131,75,normal
197,66,thin
177,68,fat
127,38,fat
179,47,thin
148,78,normal
127,76,normal
180,52,thin
160,69,normal
182,78,fat
163,73,normal
134,76,normal
167,60,fat
148,79,normal
142,40,fat
200,57,thin
186,55,thin
182,78,fat
155,49,fat
158,46,thin
163,51,fat
143,48,fat
180,53,thin
154,44,fat
143,48,fat
199,63,thin
130,53,normal
194,49,thin
179,74,fat
137,75,normal
181,55,thin
195,70,thin
185,71,fat
197,57,thin
178,43,thin
143,46,fat
151,67,normal
129,53,normal
162,60,fat
143,54,normal
177,63,fat
143,63,normal
132,37,fat
196,71,thin
126,74,normal
173,75,normal
149,59,normal
163,37,thin
164,72,normal
183,58,thin
176,70,fat
157,47,fat
161,63,fat
137,67,normal
169,73,normal
151,79,normal
169,50,thin
139,47,fat
177,74,fat
157,43,thin
154,73,normal
160,51,fat
141,58,normal
132,72,normal
177,78,fat
195,56,thin
171,78,normal
194,42,thin
127,42,normal
127,57,normal
157,46,fat
174,66,fat
199,72,thin
183,36,thin
168,42,thin
153,61,normal
123,60,normal
171,61,fat
149,76,normal
138,60,normal
137,37,fat
164,43,thin
146,43,fat
129,72,normal
146,78,normal
186,43,thin
127,80,normal
192,73,fat
152,46,fat
164,51,fat
137,53,normal
167,57,fat
127,70,normal
193,46,thin
156,53,fat
176,49,thin
159,78,normal
167,38,thin
139,35,thin
143,72,normal
131,42,fat
146,60,normal
194,71,fat
176,42,thin
131,50,normal
195,43,thin
158,62,fat
149,41,thin
139,72,normal
158,77,normal
129,52,normal
179,47,thin
168,75,normal
131,55,normal
125,35,fat
149,42,fat
149,67,normal
161,46,thin
186,40,thin
168,75,normal
159,79,normal
132,39,fat
165,74,normal
178,47,thin
188,80,fat
136,70,normal
199,55,thin
141,48,fat
120,55,normal
128,65,normal
167,78,normal
175,71,fat
125,61,normal
174,72,fat
188,50,thin
137,46,fat
123,51,normal
171,73,fat
158,45,thin
158,68,normal
151,71,normal
173,80,normal
185,57,thin
135,42,fat
172,52,thin
145,77,normal
120,75,normal
150,55,fat
191,36,thin
127,37,fat
154,57,fat
144,74,normal
121,36,fat
146,60,normal
120,68,normal
148,42,fat
197,69,thin
182,51,thin
166,78,normal
178,56,thin
150,37,thin
124,50,normal
178,73,fat
126,62,normal
200,61,thin
123,64,normal
156,35,thin
178,35,thin
131,55,normal
141,75,normal
164,75,normal
200,40,thin
151,54,fat
155,39,thin
126,66,normal
169,57,fat
177,78,fat
172,56,fat
159,63,fat
188,45,thin
173,54,thin
120,77,normal
159,80,normal
194,36,thin
180,42,thin
131,45,normal
183,75,fat
151,58,normal
123,50,normal
186,56,thin
143,47,fat
189,75,fat
140,76,normal
173,67,fat
186,48,thin
187,57,thin
163,42,thin
191,54,thin
186,61,thin
132,54,normal
164,40,thin
180,73,fat
189,72,fat
187,56,thin
183,38,thin
133,53,normal
126,64,normal
171,73,fat
162,76,normal
196,47,thin
124,62,normal
165,70,normal
123,37,fat
149,49,fat
127,76,normal
158,68,normal
162,57,fat
136,69,normal
200,51,thin
149,42,fat
144,46,fat
146,41,fat
147,66,normal
172,78,normal
183,57,thin
169,69,fat
151,44,fat
197,41,thin
140,75,normal
171,80,normal
181,48,thin
160,36,thin
133,67,normal
149,46,fat
159,66,normal
195,71,fat
200,41,thin
127,55,normal
177,58,fat
131,49,normal
192,35,thin
185,40,thin
158,37,thin
125,73,normal
143,74,normal
136,58,normal
143,42,fat
143,58,normal
136,52,normal
186,61,thin
153,70,normal
155,77,normal
181,79,fat
154,59,fat
159,55,fat
176,70,fat
172,41,thin
188,41,thin
144,36,thin
176,45,thin
143,41,fat
127,71,normal
183,54,thin
132,42,fat
149,43,fat
123,65,normal
181,51,thin
188,35,thin
166,37,thin
138,74,normal
153,56,fat
160,60,fat
161,57,fat
173,42,thin
193,51,thin
138,71,normal
127,46,normal
152,68,normal
162,62,fat
132,63,normal
135,40,fat
175,78,normal
164,61,fat
145,67,normal
142,72,normal
162,64,fat
165,60,fat
198,38,thin
136,67,normal
122,40,normal
177,52,thin
125,75,normal
128,46,normal
148,37,thin
165,41,thin
144,73,normal
198,58,thin
121,44,normal
143,66,normal
165,79,normal
121,68,normal
155,59,fat
192,48,thin
175,77,normal
170,42,thin
154,78,normal
147,75,normal
179,61,fat
177,45,thin
140,70,normal
160,50,fat
152,67,normal
170,66,fat
122,75,normal
161,71,normal
186,78,fat
191,62,thin
132,73,normal
151,69,normal
188,75,fat
154,61,normal
128,74,normal
138,37,fat
127,53,normal
124,47,normal
120,79,normal
144,74,normal
143,50,fat
153,80,normal
172,54,thin
146,43,fat
136,44,fat
126,76,normal
160,57,fat
138,54,normal
177,59,fat
155,65,normal
141,51,normal
131,52,normal
132,56,normal
199,48,thin
139,77,normal
125,37,fat
169,48,thin
120,60,normal
160,73,normal
146,72,normal
164,65,fat
166,48,thin
144,36,thin
125,64,normal
139,64,normal
177,54,thin
190,78,fat
158,45,thin
129,41,fat
120,41,normal
164,70,normal
144,63,normal
164,61,fat
184,61,thin
153,71,normal
126,38,fat
148,40,thin
180,39,thin
145,56,normal
160,66,normal
177,80,normal
123,66,normal
154,75,normal
129,52,normal
191,79,fat
180,47,thin
180,67,fat
172,37,thin
176,40,thin
180,52,thin
129,69,normal
199,36,thin
143,39,fat
191,43,thin
137,40,fat
156,68,normal
168,62,fat
146,52,fat
150,43,fat
171,66,fat
165,60,fat
136,56,normal
161,64,fat
154,72,normal
178,44,thin
145,78,normal
145,51,fat
199,61,thin
192,65,thin
167,68,fat
169,66,fat
199,62,thin
138,61,normal
163,65,fat
135,70,normal
199,72,thin
200,69,thin
161,45,thin
174,48,thin
137,57,normal
140,66,normal
160,37,thin
166,42,thin
137,39,fat
150,79,normal
149,38,thin
167,58,fat
141,38,fat
188,72,fat
143,48,fat
137,74,normal
160,42,thin
125,39,fat
122,48,normal
167,41,thin
133,50,normal
178,45,thin
127,66,normal
195,80,fat
192,59,thin
183,43,thin
187,43,thin
156,43,thin
129,47,normal
155,75,normal
136,45,fat
130,75,normal
144,52,normal
124,55,normal
171,45,thin
195,69,thin
168,37,thin
136,55,normal
189,37,thin
181,44,thin
135,43,fat
154,49,fat
143,52,normal
128,68,normal
162,71,normal
134,64,normal
191,79,fat
169,58,fat
187,47,thin
125,80,normal
166,35,thin
180,48,thin
183,70,fat
192,36,thin
144,36,thin
173,74,fat
134,57,normal
178,43,thin
138,45,fat
124,37,fat
144,52,normal
164,57,fat
178,52,thin
188,71,fat
167,74,normal
145,35,thin
147,55,normal
128,56,normal
143,63,normal
136,72,normal
150,42,fat
182,57,thin
173,72,fat
152,69,normal
175,35,thin
187,53,thin
195,38,thin
173,70,fat
137,65,normal
188,67,fat
147,42,fat
145,35,thin
186,75,fat
186,50,thin
133,53,normal
140,36,thin
197,49,thin
131,60,normal
147,66,normal
132,39,fat
193,70,fat
154,49,fat
131,42,fat
128,35,fat
140,73,normal
190,77,fat
177,55,thin
138,73,normal
134,51,normal
180,52,thin
190,59,thin
165,40,thin
175,35,thin
146,66,normal
147,76,normal
151,48,fat
164,41,thin
176,55,thin
188,54,thin
166,55,fat
129,79,normal
186,47,thin
181,64,fat
169,44,thin
192,63,thin
161,62,fat
166,59,fat
126,35,fat
131,50,normal
200,48,thin
148,63,normal
180,42,thin
127,46,normal
151,62,normal
192,72,fat
179,50,thin
173,59,fat
145,71,normal
153,78,normal
163,67,normal
124,65,normal
186,37,thin
132,36,fat
188,57,thin
128,42,normal
174,48,thin
131,45,normal
121,69,normal
152,49,fat
173,59,fat
137,62,normal
189,76,fat
128,79,normal
192,41,thin
200,55,thin
161,48,fat
156,52,fat
187,44,thin
127,59,normal
120,80,normal
126,52,normal
131,44,normal
139,41,fat
194,80,fat
158,46,thin
155,45,fat
138,57,normal
179,63,fat
183,59,thin
181,66,fat
165,64,fat
159,46,thin
137,58,normal
120,35,fat
123,42,normal
125,73,normal
186,79,fat
147,40,fat
155,61,normal
145,59,normal
148,41,fat
134,41,fat
163,44,thin
145,71,normal
193,78,fat
173,42,thin
149,39,thin
194,66,thin
190,78,fat
184,62,thin
130,59,normal
121,42,normal
143,67,normal
175,73,fat
159,65,normal
143,46,fat
172,63,fat
158,78,normal
190,44,thin
183,64,fat
195,56,thin
136,47,normal
151,79,normal
128,78,normal
151,56,fat
198,76,fat
120,56,normal
136,53,normal
141,66,normal
154,56,fat
172,53,thin
154,44,fat
142,79,normal
147,36,thin
186,45,thin
156,72,normal
194,55,thin
190,50,thin
133,65,normal
138,48,normal
122,73,normal
130,50,normal
155,46,fat
191,55,thin
159,62,fat
178,74,fat
172,75,normal
183,57,thin
127,72,normal
128,64,normal
170,62,fat
138,63,normal
139,77,normal
149,35,thin
169,62,fat
164,44,thin
123,72,normal
168,46,thin
193,72,fat
150,51,fat
196,52,thin
149,46,fat
159,52,fat
182,39,thin
200,58,thin
183,61,thin
126,53,normal
120,39,normal
193,79,fat
157,62,normal
163,62,fat
122,62,normal
196,40,thin
182,41,thin
131,77,normal
151,54,fat
197,53,thin
185,57,thin
130,63,normal
199,41,thin
184,75,fat
188,68,fat
200,49,thin
155,48,fat
194,42,thin
165,76,normal
187,45,thin
128,52,normal
133,48,normal
147,57,normal
126,72,normal
145,57,normal
164,71,normal
136,62,normal
161,56,fat
148,46,fat
151,47,fat
179,58,thin
178,74,fat
133,64,normal
193,52,thin
200,46,thin
191,38,thin
163,76,normal
179,41,thin
125,57,normal
151,59,normal
178,54,thin
171,62,fat
127,72,normal
179,64,fat
182,52,thin
124,71,normal
126,42,normal
179,79,fat
151,59,normal
149,68,normal
185,37,thin
126,40,normal
173,48,thin
183,60,thin
126,68,normal
197,53,thin
168,48,thin
153,55,fat
181,44,thin
131,65,normal
148,38,thin
132,62,normal
150,45,fat
157,72,normal
190,50,thin
131,50,normal
182,50,thin
159,64,normal
151,76,normal
196,40,thin
170,52,thin
167,77,normal
183,78,fat
181,51,thin
151,61,normal
133,50,normal
190,65,thin
171,51,thin
167,50,thin
196,78,fat
147,67,normal
121,53,normal
183,57,thin
200,57,thin
137,73,normal
192,50,thin
166,40,thin
150,44,fat
140,76,normal
195,62,thin
184,67,fat
179,37,thin
147,70,normal
161,50,fat
150,75,normal
131,59,normal
126,47,normal
193,38,thin
152,43,fat
135,36,fat
165,52,fat
134,77,normal
128,45,normal
179,66,fat
173,61,fat
194,62,thin
124,79,normal
162,67,normal
138,62,normal
148,74,normal
188,63,thin
178,76,fat
134,76,normal
183,58,thin
172,63,fat
148,60,normal
168,59,fat
120,69,normal
191,69,fat
190,53,thin
152,53,fat
150,67,normal
167,38,thin
131,57,normal
120,69,normal
170,43,thin
120,51,normal
198,43,thin
167,54,fat
200,51,thin
176,66,fat
122,37,fat
197,50,thin
129,41,fat
184,59,thin
179,53,thin
161,79,normal
163,35,thin
191,50,thin
176,57,thin
126,71,normal
152,50,fat
166,65,fat
162,72,normal
127,72,normal
147,75,normal
192,75,fat
184,42,thin
127,35,fat
156,70,normal
136,67,normal
134,77,normal
188,71,fat
140,47,fat
178,50,thin
127,71,normal
190,70,fat
197,35,thin
196,49,thin
155,72,normal
120,64,normal
136,76,normal
161,71,normal
133,59,normal
120,43,normal
139,63,normal
184,46,thin
178,79,fat
148,61,normal
174,49,thin
123,48,normal
167,57,fat
122,58,normal
162,48,thin
126,35,fat
176,63,fat
122,70,normal
189,77,fat
196,79,fat
128,61,normal
163,75,normal
151,51,fat
182,75,fat
153,59,normal
164,70,normal
144,59,normal
136,77,normal
195,55,thin
152,74,normal
179,52,thin
179,73,fat
178,37,thin
161,52,fat
149,47,fat
126,54,normal
161,40,thin
191,61,thin
156,45,thin
185,64,fat
195,45,thin
150,44,fat
157,47,fat
198,59,thin
132,72,normal
138,61,normal
174,35,thin
162,61,fat
133,61,normal
147,44,fat
156,48,fat
167,74,normal
175,35,thin
200,58,thin
174,74,fat
181,48,thin
121,75,normal
150,48,fat
160,62,fat
121,65,normal
198,42,thin
198,48,thin
142,79,normal
186,49,thin
120,56,normal
140,71,normal
160,75,normal
136,70,normal
182,41,thin
160,41,thin
156,65,normal
156,68,normal
148,59,normal
176,73,fat
157,53,fat
140,36,thin
199,57,thin
133,80,normal
190,54,thin
135,69,normal
164,78,normal
181,75,fat
139,57,normal
137,35,fat
200,39,thin
144,77,normal
196,39,thin
157,60,fat
191,58,thin
190,42,thin
129,49,normal
169,59,fat
166,72,normal
129,78,normal
182,48,thin
173,38,thin
171,77,normal
140,38,fat
132,60,normal
124,36,fat
190,50,thin
177,46,thin
198,48,thin
140,55,normal
150,36,thin
121,70,normal
168,38,thin
197,41,thin
120,65,normal
140,59,normal
129,75,normal
185,56,thin
183,51,thin
160,40,thin
123,73,normal
192,70,fat
132,63,normal
198,53,thin
200,79,fat
164,78,normal
159,56,fat
168,54,fat
182,70,fat
168,52,thin
190,55,thin
184,41,thin
156,69,normal
128,79,normal
129,76,normal
180,72,fat
190,64,thin
120,35,fat
160,63,fat
130,65,normal
137,47,normal
136,50,normal
169,53,fat
162,76,normal
163,56,fat
157,37,thin
175,78,normal
170,49,thin
174,48,thin
123,66,normal
193,37,thin
165,42,thin
148,59,normal
168,42,thin
164,44,thin
146,77,normal
200,37,thin
147,79,normal
144,52,normal
144,76,normal
151,68,normal
128,76,normal
169,53,fat
132,49,normal
157,69,normal
199,45,thin
135,49,normal
144,77,normal
156,66,normal
144,48,fat
188,46,thin
148,53,fat
189,73,fat
129,45,normal
156,72,normal
136,42,fat
183,53,thin
179,77,fat
195,43,thin
160,46,thin
195,51,thin
145,63,normal
200,75,fat
130,80,normal
135,51,normal
170,59,fat
147,49,fat
183,73,fat
175,46,thin
173,48,thin
148,72,normal
169,49,thin
156,68,normal
167,75,normal
145,36,thin
167,43,thin
184,46,thin
172,58,fat
127,61,normal
174,45,thin
163,71,normal
163,51,fat
185,58,thin
170,46,thin
130,78,normal
150,43,fat
137,54,normal
151,56,fat
153,44,fat
162,70,normal
173,61,fat
122,69,normal
198,46,thin
168,41,thin
190,64,thin
175,75,fat
196,54,thin
130,56,normal
161,58,fat
128,61,normal
132,79,normal
180,48,thin
187,62,thin
165,48,thin
196,60,thin
127,60,normal
165,46,thin
125,38,fat
135,45,fat
160,72,normal
198,43,thin
149,55,fat
138,52,normal
199,71,thin
167,68,fat
185,55,thin
177,49,thin
162,66,normal
194,76,fat
138,74,normal
156,47,fat
190,62,thin
145,42,fat
174,52,thin
124,65,normal
170,46,thin
139,35,thin
144,80,normal
144,46,fat
120,77,normal
166,76,normal
149,75,normal
149,45,fat
140,67,normal
159,36,thin
137,59,normal
163,41,thin
142,77,normal
191,58,thin
190,51,thin
192,79,fat
180,73,fat
177,60,fat
194,73,fat
182,46,thin
172,71,fat
133,78,normal
120,61,normal
140,77,normal
177,48,thin
120,59,normal
184,44,thin
128,66,normal
188,72,fat
130,57,normal
191,52,thin
150,68,normal
128,69,normal
196,76,fat
128,72,normal
197,76,fat
145,71,normal
130,43,normal
185,43,thin
158,49,fat
121,48,normal
139,59,normal
161,72,normal
192,53,thin
189,76,fat
192,63,thin
124,43,normal
160,78,normal
122,51,normal
152,62,normal
178,51,thin
127,40,fat
126,45,normal
179,39,thin
121,50,normal
185,77,fat
147,52,fat
188,71,fat
196,63,thin
131,67,normal
183,44,thin
123,59,normal
161,46,thin
147,73,normal
190,70,fat
170,78,normal
155,80,normal
130,80,normal
165,46,thin
196,71,thin
182,54,thin
136,74,normal
152,40,thin
174,44,thin
171,48,thin
121,52,normal
139,42,fat
192,73,fat
170,39,thin
132,56,normal
195,36,thin
154,46,fat
146,70,normal
168,36,thin
136,73,normal
144,72,normal
190,46,thin
195,75,fat
170,48,thin
155,41,thin
168,61,fat
197,65,thin
128,49,normal
150,71,normal
125,62,normal
169,55,fat
169,44,thin
153,53,fat
123,37,fat
194,41,thin
156,48,fat
154,58,fat
187,65,fat
166,38,thin
147,66,normal
129,35,fat
155,55,fat
170,72,fat
180,54,thin
173,59,fat
179,48,thin
161,77,normal
168,44,thin
199,44,thin
168,68,fat
171,78,normal
124,41,normal
199,68,thin
170,61,fat
184,70,fat
198,58,thin
165,47,thin
176,80,normal
151,61,normal
179,76,fat
120,37,normal
144,40,fat
187,69,fat
169,45,thin
121,79,normal
154,37,thin
174,37,thin
188,39,thin
132,72,normal
149,50,fat
170,45,thin
191,55,thin
142,62,normal
123,61,normal
183,57,thin
120,47,normal
135,60,normal
136,65,normal
130,67,normal
146,80,normal
137,51,normal
167,55,fat
147,67,normal
124,58,normal
200,62,thin
127,76,normal
168,76,normal
146,78,normal
143,43,fat
168,37,thin
133,63,normal
127,50,normal
152,50,fat
151,71,normal
137,63,normal
147,55,normal
127,79,normal
150,35,thin
167,42,thin
139,52,normal
200,47,thin
154,45,fat
181,47,thin
122,57,normal
194,39,thin
151,48,fat
197,58,thin
199,76,fat
121,60,normal
198,73,fat
139,57,normal
177,77,fat
161,65,normal
187,78,fat
156,55,fat
176,78,normal
138,47,fat
179,42,thin
158,67,normal
171,74,normal
148,71,normal
167,45,thin
122,48,normal
184,68,fat
181,75,fat
194,53,thin
130,40,fat
167,49,thin
150,48,fat
157,44,thin
197,64,thin
120,62,normal
133,58,normal
140,48,fat
198,61,thin
142,77,normal
167,77,normal
166,57,fat
136,66,normal
169,40,thin
178,71,fat
120,52,normal
123,69,normal
171,49,thin
138,70,normal
138,54,normal
168,73,normal
169,37,thin
129,62,normal
186,67,fat
184,75,fat
149,41,thin
133,64,normal
139,75,normal
153,67,normal
150,72,normal
143,49,fat
149,65,normal
137,71,normal
157,75,normal
184,35,thin
149,35,thin
129,50,normal
168,77,normal
182,58,thin
168,57,fat
127,74,normal
145,41,fat
186,65,fat
199,36,thin
143,57,normal
174,45,thin
200,61,thin
165,63,fat
191,77,fat
154,79,normal
159,40,thin
138,78,normal
123,57,normal
195,59,thin
185,54,thin
127,41,normal
155,74,normal
164,52,fat
141,68,normal
164,73,normal
163,37,thin
149,71,normal
179,42,thin
170,58,fat
154,51,fat
196,56,thin
168,64,fat
142,40,fat
128,35,fat
148,52,fat
147,52,fat
122,38,normal
200,48,thin
189,56,thin
197,56,thin
192,68,thin
123,65,normal
188,39,thin
139,59,normal
129,38,fat
129,57,normal
135,58,normal
165,37,thin
123,51,normal
158,42,thin
156,58,fat
140,60,normal
159,46,thin
159,72,normal
145,55,normal
162,49,fat
199,62,thin
153,42,thin
190,77,fat
178,52,thin
184,43,thin
170,73,normal
181,36,thin
156,45,thin
193,68,thin
145,50,fat
155,68,normal
122,39,normal
139,44,fat
177,61,fat
192,37,thin
139,49,normal
174,45,thin
122,65,normal
156,75,normal
124,62,normal
169,53,fat
154,39,thin
183,52,thin
148,71,normal
136,72,normal
172,38,thin
195,60,thin
184,60,thin
199,36,thin
200,53,thin
123,36,fat
158,36,thin
164,57,fat
183,41,thin
167,40,thin
185,79,fat
128,42,normal
168,53,fat
176,70,fat
151,50,fat
124,76,normal
200,46,thin
162,74,normal
121,75,normal
180,65,fat
156,58,fat
183,52,thin
170,52,thin
146,73,normal
199,37,thin
184,51,thin
162,78,normal
155,49,fat
141,62,normal
123,49,normal
160,76,normal
200,46,thin
195,77,fat
182,72,fat
155,42,thin
148,78,normal
146,36,thin
190,47,thin
127,58,normal
132,65,normal
200,80,fat
132,58,normal
120,61,normal
167,35,thin
190,61,thin
192,68,thin
185,52,thin
152,69,normal
126,58,normal
138,62,normal
137,51,normal
129,58,normal
129,36,fat
150,57,normal
120,49,normal
152,54,fat
127,70,normal
197,43,thin
176,75,fat
137,39,fat
162,59,fat
136,52,normal
153,66,normal
194,51,thin
169,44,thin
175,71,fat
166,37,thin
120,53,normal
184,63,fat
175,45,thin
126,74,normal
185,61,thin
151,62,normal
133,43,fat
180,50,thin
122,78,normal
122,40,normal
183,70,fat
127,58,normal
185,70,fat
191,80,fat
185,67,fat
184,77,fat
136,49,normal
162,44,thin
145,58,normal
123,74,normal
191,69,fat
162,35,thin
181,56,thin
127,69,normal
130,67,normal
160,37,thin
156,47,fat
132,59,normal
161,40,thin
191,51,thin
179,37,thin
140,68,normal
180,75,fat
167,42,thin
141,74,normal
147,36,thin
148,70,normal
136,67,normal
122,45,normal
166,67,fat
186,60,thin
137,53,normal
164,58,fat
145,63,normal
138,61,normal
133,57,normal
162,60,fat
190,49,thin
158,65,normal
122,76,normal
164,48,thin
182,42,thin
192,42,thin
170,38,thin
194,63,thin
152,61,normal
140,64,normal
200,76,fat
160,53,fat
177,39,thin
154,56,fat
138,41,fat
124,50,normal
190,63,thin
191,61,thin
167,51,thin
173,35,thin
174,43,thin
156,73,normal
164,57,fat
141,64,normal
175,62,fat
168,67,fat
181,59,thin
139,64,normal
168,52,thin
149,56,normal
177,39,thin
199,63,thin
120,54,normal
143,76,normal
147,66,normal
153,61,normal
130,61,normal
154,41,thin
162,78,normal
147,53,fat
139,63,normal
198,61,thin
147,77,normal
156,64,normal
140,73,normal
155,68,normal
157,50,fat
143,67,normal
166,50,thin
133,79,normal
124,58,normal
176,37,thin
148,50,fat
120,58,normal
165,80,normal
156,77,normal
162,38,thin
183,58,thin
138,61,normal
140,77,normal
197,47,thin
181,53,thin
144,74,normal
137,55,normal
164,48,thin
157,53,fat
143,45,fat
173,40,thin
193,67,thin
159,43,thin
121,51,normal
155,65,normal
137,64,normal
123,51,normal
179,66,fat
172,65,fat
138,49,normal
191,78,fat
176,57,thin
128,66,normal
121,74,normal
121,74,normal
154,43,thin
197,58,thin
126,43,normal
180,64,fat
151,69,normal
171,59,fat
138,69,normal
177,64,fat
150,58,normal
173,36,thin
152,42,thin
168,57,fat
192,39,thin
196,75,fat
121,63,normal
178,54,thin
130,40,fat
167,76,normal
156,43,thin
121,58,normal
124,48,normal
141,60,normal
166,68,fat
182,74,fat
160,54,fat
180,52,thin
188,77,fat
165,42,thin
136,37,fat
173,42,thin
123,43,normal
195,65,thin
158,52,fat
124,55,normal
189,62,thin
125,60,normal
193,49,thin
175,55,thin
176,65,fat
188,60,thin
144,71,normal
156,52,fat
154,36,thin
146,65,normal
166,57,fat
190,53,thin
153,72,normal
181,73,fat
196,43,thin
141,70,normal
143,79,normal
130,63,normal
183,38,thin
167,64,fat
167,78,normal
141,69,normal
171,67,fat
189,49,thin
170,37,thin
139,80,normal
162,56,fat
173,57,fat
132,51,normal
133,67,normal
132,51,normal
161,52,fat
182,37,thin
143,50,fat
141,44,fat
129,63,normal
159,60,fat
151,76,normal
155,76,normal
131,59,normal
178,58,thin
160,47,thin
182,54,thin
164,38,thin
129,65,normal
130,57,normal
144,69,normal
181,77,fat
181,54,thin
154,44,fat
139,53,normal
184,79,fat
145,61,normal
126,50,normal
196,62,thin
138,42,fat
146,51,fat
151,79,normal
144,54,normal
145,53,normal
146,61,normal
122,60,normal
158,45,thin
141,75,normal
155,57,fat
160,50,fat
140,77,normal
159,50,fat
180,67,fat
160,39,thin
147,61,normal
172,39,thin
169,75,normal
176,50,thin
141,75,normal
167,46,thin
121,52,normal
180,56,thin
141,65,normal
126,76,normal
157,46,fat
191,76,fat
151,46,fat
154,74,normal
145,57,normal
128,54,normal
163,50,fat
125,50,normal
154,66,normal
194,37,thin
181,61,fat
134,61,normal
143,59,normal
126,35,fat
192,47,thin
178,72,fat
130,78,normal
159,56,fat
121,62,normal
172,67,fat
126,77,normal
131,35,fat
163,79,normal
128,42,normal
142,45,fat
129,70,normal
121,70,normal
189,49,thin
148,42,fat
171,65,fat
170,76,normal
177,42,thin
194,69,thin
200,36,thin
200,52,thin
175,56,thin
192,40,thin
134,37,fat
160,40,thin
167,78,normal
200,65,thin
185,58,thin
132,80,normal
152,44,fat
165,43,thin
182,44,thin
190,53,thin
168,60,fat
184,56,thin
145,39,fat
121,64,normal
180,56,thin
200,49,thin
137,50,normal
166,43,thin
195,78,fat
176,40,thin
166,70,normal
123,61,normal
145,40,fat
142,72,normal
143,71,normal
127,68,normal
134,60,normal
192,59,thin
148,79,normal
139,39,fat
187,50,thin
152,52,fat
129,69,normal
169,79,normal
124,80,normal
172,48,thin
181,66,fat
199,45,thin
156,50,fat
153,69,normal
160,39,thin
184,68,fat
177,39,thin
133,54,normal
184,43,thin
180,70,fat
169,50,thin
185,43,thin
161,49,fat
166,63,fat
163,80,normal
125,62,normal
138,52,normal
194,69,thin
174,38,thin
178,40,thin
136,49,normal
170,68,fat
178,75,fat
137,48,normal
190,65,thin
152,36,thin
126,39,fat
175,37,thin
135,75,normal
172,66,fat
131,73,normal
123,77,normal
144,40,fat
124,59,normal
153,48,fat
146,80,normal
132,42,fat
179,78,fat
130,55,normal
153,64,normal
169,44,thin
174,54,thin
192,79,fat
131,46,normal
146,63,normal
196,57,thin
144,74,normal
163,66,fat
132,66,normal
194,35,thin
126,39,fat
151,41,thin
178,57,thin
169,38,thin
130,60,normal
161,62,fat
145,56,normal
163,53,fat
143,74,normal
127,52,normal
135,40,fat
151,43,fat
180,60,fat
148,63,normal
175,52,thin
154,38,thin
197,58,thin
178,75,fat
174,75,fat
173,48,thin
137,52,normal
133,62,normal
198,67,thin
141,69,normal
151,44,fat
129,44,normal
191,44,thin
143,60,normal
164,71,normal
138,52,normal
187,45,thin
183,62,fat
182,61,thin
198,70,thin
195,41,thin
189,47,thin
166,46,thin
165,71,normal
152,38,thin
191,62,thin
130,79,normal
131,50,normal
185,47,thin
158,73,normal
157,60,fat
144,56,normal
156,63,normal
153,79,normal
144,68,normal
136,58,normal
156,69,normal
140,71,normal
130,56,normal
159,63,fat
147,69,normal
140,48,fat
168,38,thin
145,42,fat
128,54,normal
189,55,thin
182,73,fat
123,61,normal
139,79,normal
161,70,normal
138,49,normal
160,69,normal
171,75,normal
132,35,fat
178,41,thin
140,50,normal
156,39,thin
193,51,thin
147,52,fat
162,41,thin
186,42,thin
122,50,normal
159,61,fat
146,38,thin
126,65,normal
123,74,normal
132,79,normal
174,52,thin
188,35,thin
148,65,normal
135,43,fat
165,71,normal
125,68,normal
139,75,normal
151,45,fat
147,52,fat
176,64,fat
173,52,thin
120,54,normal
190,58,thin
173,64,fat
152,42,thin
194,43,thin
159,80,normal
171,45,thin
200,52,thin
187,68,fat
184,52,thin
135,48,normal
193,73,fat
121,43,normal
141,76,normal
162,56,fat
162,68,normal
191,54,thin
162,56,fat
145,73,normal
166,44,thin
135,62,normal
196,59,thin
162,43,thin
174,70,fat
188,73,fat
158,35,thin
141,60,normal
123,47,normal
144,77,normal
152,44,fat
192,39,thin
135,80,normal
142,50,fat
174,43,thin
125,53,normal
122,59,normal
181,41,thin
189,71,fat
153,78,normal
173,74,fat
197,57,thin
171,53,thin
151,76,normal
200,35,thin
164,52,fat
121,70,normal
172,36,thin
132,40,fat
199,56,thin
193,75,fat
161,59,fat
125,63,normal
194,57,thin
199,51,thin
138,56,normal
134,73,normal
132,67,normal
138,35,thin
193,42,thin
136,51,normal
162,37,thin
199,63,thin
200,64,thin
134,38,fat
174,39,thin
199,77,fat
184,59,thin
176,35,thin
135,50,normal
144,66,normal
166,35,thin
183,41,thin
150,40,thin
138,37,fat
134,56,normal
130,35,fat
154,43,thin
144,76,normal
161,41,thin
151,45,fat
184,50,thin
148,36,thin
198,79,fat
190,46,thin
132,52,normal
190,50,thin
128,39,fat
198,64,thin
139,73,normal
196,40,thin
172,72,fat
142,41,fat
182,41,thin
157,80,normal
132,65,normal
120,52,normal
198,47,thin
198,77,fat
147,54,fat
181,75,fat
149,56,normal
142,70,normal
146,50,fat
135,78,normal
187,63,thin
131,36,fat
155,71,normal
147,72,normal
156,40,thin
191,54,thin
181,45,thin
175,39,thin
178,36,thin
158,57,fat
161,67,normal
132,49,normal
141,55,normal
145,35,thin
168,39,thin
171,41,thin
141,45,fat
156,46,fat
126,35,fat
173,51,thin
154,41,thin
200,61,thin
121,40,normal
158,35,thin
128,69,normal
124,36,fat
157,59,fat
126,80,normal
162,43,thin
193,71,fat
163,49,thin
161,39,thin
182,48,thin
120,52,normal
148,41,fat
162,50,fat
138,67,normal
127,44,normal
128,67,normal
130,80,normal
147,46,fat
196,43,thin
128,55,normal
128,56,normal
167,65,fat
163,53,fat
186,73,fat
133,49,normal
147,55,normal
187,76,fat
182,47,thin
143,46,fat
192,56,thin
124,50,normal
141,51,normal
189,43,thin
174,68,fat
128,59,normal
134,73,normal
193,48,thin
138,66,normal
173,76,normal
143,78,normal
121,79,normal
178,80,normal
155,70,normal
120,79,normal
174,41,thin
151,40,thin
193,60,thin
145,79,normal
172,66,fat
192,74,fat
172,45,thin
147,61,normal
133,40,fat
144,36,thin
164,56,fat
121,76,normal
177,80,normal
140,42,fat
158,60,fat
168,77,normal
165,67,fat
168,71,normal
173,67,fat
170,45,thin
173,56,fat
141,72,normal
174,39,thin
142,47,fat
132,76,normal
147,80,normal
167,44,thin
125,76,normal
143,73,normal
151,64,normal
145,49,fat
149,49,fat
121,68,normal
158,53,fat
188,35,thin
123,79,normal
143,40,fat
199,41,thin
131,67,normal
128,75,normal
191,65,thin
121,74,normal
131,54,normal
178,36,thin
136,46,fat
195,45,thin
160,57,fat
127,74,normal
182,53,thin
142,56,normal
199,63,thin
137,45,fat
128,42,normal
156,66,normal
183,47,thin
148,75,normal
143,38,fat
144,56,normal
154,55,fat
141,75,normal
120,43,normal
200,62,thin
185,73,fat
183,37,thin
133,69,normal
163,37,thin
142,59,normal
148,57,normal
189,54,thin
196,39,thin
134,63,normal
176,64,fat
192,60,thin
162,72,normal
129,39,fat
147,78,normal
124,74,normal
194,65,thin
156,66,normal
151,50,fat
187,73,fat
164,45,thin
185,56,thin
177,59,fat
126,59,normal
169,72,normal
166,37,thin
135,59,normal
175,39,thin
192,45,thin
120,39,normal
181,55,thin
199,55,thin
189,50,thin
166,49,thin
124,45,normal
200,71,thin
152,41,thin
173,79,normal
151,69,normal
146,78,normal
138,40,fat
120,50,normal
141,53,normal
158,62,fat
174,74,fat
156,46,fat
156,60,fat
164,44,thin
196,58,thin
162,44,thin
134,53,normal
183,74,fat
158,40,thin
129,74,normal
144,43,fat
196,58,thin
196,44,thin
129,74,normal
179,41,thin
147,35,thin
152,59,normal
168,42,thin
200,74,fat
121,40,normal
174,45,thin
191,75,fat
164,42,thin
134,71,normal
150,39,thin
142,74,normal
155,63,normal
144,53,normal
190,53,thin
180,41,thin
186,58,thin
145,80,normal
147,36,thin
197,62,thin
133,59,normal
178,63,fat
200,68,thin
160,37,thin
129,56,normal
133,47,normal
138,59,normal
200,38,thin
155,61,normal
166,48,thin
178,65,fat
168,47,thin
183,48,thin
181,78,fat
148,72,normal
199,60,thin
155,46,fat
147,54,fat
190,40,thin
153,38,thin
194,53,thin
185,53,thin
196,57,thin
140,73,normal
196,78,fat
154,76,normal
161,65,normal
147,77,normal
187,38,thin
155,77,normal
146,56,normal
165,55,fat
196,58,thin
125,38,fat
157,62,normal
147,46,fat
167,66,fat
197,53,thin
181,79,fat
143,67,normal
200,68,thin
143,35,thin
162,35,thin
149,73,normal
186,52,thin
178,73,fat
190,75,fat
131,35,fat
120,75,normal
172,53,thin
163,51,fat
126,46,normal
167,39,thin
133,54,normal
174,59,fat
143,70,normal
192,71,fat
149,50,fat
158,66,normal
145,45,fat
179,45,thin
131,47,normal
122,63,normal
190,60,thin
188,77,fat
130,78,normal
160,66,normal
197,80,fat
136,54,normal
191,62,thin
137,57,normal
155,66,normal
196,72,fat
129,54,normal
121,64,normal
127,52,normal
160,64,fat
181,37,thin
179,80,fat
141,71,normal
175,63,fat
183,77,fat
136,43,fat
130,72,normal
160,76,normal
169,39,thin
139,63,normal
158,50,fat
164,44,thin
183,50,thin
129,79,normal
172,65,fat
159,60,fat
160,73,normal
175,65,fat
150,71,normal
160,59,fat
159,62,fat
131,70,normal
165,60,fat
129,58,normal
164,52,fat
170,69,fat
157,51,fat
140,42,fat
186,77,fat
169,37,thin
170,43,thin
150,69,normal
156,71,normal
183,80,fat
145,54,normal
192,46,thin
143,78,normal
161,59,fat
200,73,thin
185,72,fat
153,65,normal
199,77,fat
198,65,thin
134,77,normal
132,73,normal
150,56,fat
135,68,normal
167,42,thin
141,77,normal
193,54,thin
194,62,thin
138,51,normal
127,77,normal
166,51,fat
137,36,fat
144,40,fat
170,53,thin
187,62,thin
193,74,fat
199,35,thin
165,60,fat
125,61,normal
174,70,fat
186,35,thin
187,40,thin
173,46,thin
167,68,fat
148,53,fat
140,46,fat
161,73,normal
179,40,thin
188,71,fat
154,62,normal
199,74,fat
183,52,thin
133,79,normal
175,77,normal
166,40,thin
124,75,normal
196,80,fat
123,65,normal
187,55,thin
182,79,fat
191,76,fat
132,35,fat
149,45,fat
177,37,thin
175,79,normal
136,39,fat
163,54,fat
147,55,normal
182,46,thin
141,78,normal
147,75,normal
153,53,fat
184,43,thin
164,53,fat
195,66,thin
139,71,normal
166,42,thin
136,64,normal
159,63,fat
139,73,normal
169,69,fat
162,47,thin
161,67,normal
136,62,normal
140,65,normal
162,51,fat
156,35,thin
142,55,normal
192,69,fat
124,38,fat
131,80,normal
136,75,normal
196,75,fat
184,73,fat
195,46,thin
158,79,normal
163,53,fat
166,48,thin
120,68,normal
192,46,thin
141,61,normal
193,49,thin
133,45,normal
169,49,thin
155,45,fat
146,71,normal
127,73,normal
174,62,fat
146,60,normal
155,44,thin
129,56,normal
150,53,fat
137,64,normal
186,53,thin
196,38,thin
175,62,fat
140,79,normal
155,48,fat
148,40,thin
179,35,thin
121,45,normal
131,54,normal
127,44,normal
137,40,fat
177,67,fat
193,71,fat
189,80,fat
148,39,thin
147,49,fat
127,52,normal
199,59,thin
163,71,normal
166,43,thin
192,79,fat
184,54,thin
174,54,thin
129,71,normal
173,56,fat
137,76,normal
182,56,thin
134,71,normal
197,75,fat
161,75,normal
156,47,fat
184,35,thin
158,71,normal
192,59,thin
165,42,thin
130,49,normal
188,37,thin
150,52,fat
144,37,thin
135,41,fat
178,49,thin
125,41,normal
152,77,normal
150,54,fat
158,61,fat
133,47,normal
133,39,fat
152,54,fat
161,66,normal
177,39,thin
166,54,fat
163,60,fat
160,74,normal
152,42,thin
191,73,fat
187,41,thin
142,75,normal
180,64,fat
151,54,fat
139,45,fat
175,62,fat
130,43,normal
149,64,normal
143,40,fat
190,52,thin
178,63,fat
170,79,normal
150,68,normal
131,35,fat
138,80,normal
140,79,normal
161,78,normal
176,47,thin
195,45,thin
127,37,fat
142,47,fat
143,65,normal
155,72,normal
163,36,thin
196,63,thin
149,42,fat
142,36,thin
129,60,normal
149,38,thin
149,61,normal
129,43,normal
180,54,thin
140,49,normal
133,40,fat
125,50,normal
167,48,thin
154,54,fat
199,67,thin
152,60,normal
133,41,fat
175,58,fat
152,77,normal
156,55,fat
120,77,normal
150,61,normal
144,55,normal
183,76,fat
172,37,thin
160,60,fat
145,41,fat
154,43,thin
162,80,normal
174,37,thin
184,46,thin
144,44,fat
139,77,normal
173,38,thin
139,62,normal
182,74,fat
142,73,normal
136,48,normal
168,61,fat
134,80,normal
123,40,normal
126,59,normal
200,36,thin
183,36,thin
155,51,fat
189,59,thin
171,49,thin
128,78,normal
144,48,fat
195,36,thin
128,76,normal
195,74,fat
180,80,fat
137,55,normal
168,53,fat
194,79,fat
132,64,normal
148,46,fat
181,57,thin
127,73,normal
151,67,normal
187,53,thin
175,44,thin
173,70,fat
164,68,normal
138,38,fat
170,37,thin
157,55,fat
169,43,thin
147,55,normal
163,42,thin
169,47,thin
174,68,fat
160,71,normal
181,73,fat
197,64,thin
157,63,normal
175,47,thin
129,45,normal
122,44,normal
159,53,fat
172,75,normal
190,50,thin
149,69,normal
182,68,fat
128,57,normal
159,50,fat
125,54,normal
156,53,fat
196,43,thin
183,65,fat
167,65,fat
127,62,normal
138,74,normal
192,41,thin
130,76,normal
142,61,normal
126,42,normal
142,39,fat
144,41,fat
161,41,thin
200,52,thin
135,42,fat
199,47,thin
160,75,normal
175,53,thin
174,36,thin
155,79,normal
151,46,fat
150,47,fat
136,44,fat
129,75,normal
152,35,thin
199,68,thin
146,76,normal
144,65,normal
183,57,thin
176,44,thin
193,74,fat
184,48,thin
168,56,fat
128,35,fat
156,54,fat
122,69,normal
126,71,normal
198,55,thin
133,53,normal
184,75,fat
184,54,thin
199,49,thin
158,60,fat
196,35,thin
148,43,fat
191,67,thin
154,79,normal
127,63,normal
184,79,fat
122,65,normal
197,54,thin
144,71,normal
172,36,thin
143,79,normal
172,64,fat
170,76,normal
147,43,fat
134,65,normal
189,55,thin
127,55,normal
170,68,fat
173,73,fat
145,35,thin
120,68,normal
176,55,thin
178,80,normal
182,71,fat
187,36,thin
172,58,fat
120,50,normal
145,42,fat
182,68,fat
152,56,fat
156,50,fat
155,57,fat
133,58,normal
182,59,thin
124,60,normal
162,49,fat
140,35,thin
165,43,thin
186,58,thin
172,48,thin
146,41,fat
172,61,fat
191,36,thin
158,57,fat
156,60,fat
200,60,thin
147,37,thin
186,47,thin
170,72,fat
127,78,normal
154,47,fat
194,56,thin
148,69,normal
143,60,normal
192,49,thin
186,68,fat
166,35,thin
127,35,fat
141,63,normal
141,76,normal
137,64,normal
187,55,thin
133,70,normal
171,76,normal
141,63,normal
200,47,thin
169,63,fat
170,78,normal
147,40,fat
168,50,thin
182,59,thin
187,47,thin
194,40,thin
197,64,thin
175,80,normal
141,57,normal
191,52,thin
172,35,thin
192,45,thin
199,47,thin
192,73,fat
200,49,thin
143,71,normal
164,80,normal
128,72,normal
124,70,normal
144,80,normal
128,54,normal
165,35,thin
144,79,normal
143,69,normal
187,64,thin
154,52,fat
182,71,fat
154,66,normal
133,72,normal
143,66,normal
147,58,normal
131,67,normal
126,39,fat
159,51,fat
192,73,fat
150,64,normal
136,55,normal
200,35,thin
148,49,fat
152,47,fat
156,75,normal
140,70,normal
165,63,fat
130,41,fat
138,79,normal
154,66,normal
186,69,fat
178,73,fat
135,52,normal
152,35,thin
188,48,thin
172,49,thin
178,67,fat
150,51,fat
174,45,thin
165,46,thin
152,50,fat
167,44,thin
146,41,fat
129,61,normal
155,69,normal
154,46,fat
149,45,fat
159,69,normal
187,51,thin
153,68,normal
127,47,normal
127,57,normal
185,36,thin
129,42,normal
200,36,thin
187,54,thin
123,70,normal
137,59,normal
129,50,normal
192,61,thin
125,60,normal
126,74,normal
192,60,thin
120,41,normal
153,56,fat
162,70,normal
169,36,thin
151,35,thin
149,68,normal
143,77,normal
183,50,thin
167,77,normal
181,72,fat
157,71,normal
128,51,normal
127,35,fat
145,80,normal
190,39,thin
157,54,fat
171,54,thin
182,61,thin
142,67,normal
188,72,fat
122,40,normal
158,37,thin
200,67,thin
137,48,normal
154,71,normal
143,79,normal
141,80,normal
163,75,normal
193,76,fat
153,75,normal
176,37,thin
172,66,fat
184,39,thin
162,37,thin
186,40,thin
194,46,thin
155,37,thin
171,51,thin
161,35,thin
181,63,fat
163,70,normal
138,73,normal
148,73,normal
173,58,fat
169,35,thin
184,74,fat
172,68,fat
154,56,fat
146,41,fat
178,38,thin
157,42,thin
133,60,normal
165,68,fat
165,57,fat
179,52,thin
156,51,fat
167,37,thin
120,47,normal
162,75,normal
128,72,normal
147,39,thin
170,62,fat
149,45,fat
193,58,thin
187,52,thin
141,80,normal
128,40,fat
153,47,fat
145,71,normal
142,73,normal
143,60,normal
186,55,thin
193,47,thin
191,66,thin
150,75,normal
190,70,fat
154,43,thin
164,74,normal
132,78,normal
178,71,fat
189,37,thin
157,36,thin
195,40,thin
148,70,normal
199,53,thin
159,43,thin
123,47,normal
131,62,normal
133,35,fat
172,43,thin
123,69,normal
180,57,thin
182,46,thin
129,45,normal
170,75,normal
162,41,thin
136,77,normal
139,40,fat
140,35,thin
122,52,normal
167,40,thin
200,64,thin
192,53,thin
199,67,thin
184,56,thin
166,48,thin
126,73,normal
152,70,normal
127,45,normal
126,41,normal
161,80,normal
198,73,fat
169,57,fat
148,62,normal
158,65,normal
165,74,normal
193,75,fat
164,69,normal
184,65,fat
139,42,fat
174,68,fat
129,39,fat
180,52,thin
121,77,normal
126,42,normal
133,53,normal
153,42,thin
151,72,normal
122,46,normal
145,45,fat
169,58,fat
192,36,thin
135,69,normal
120,55,normal
143,78,normal
152,42,thin
128,80,normal
163,57,fat
171,58,fat
182,47,thin
124,78,normal
128,60,normal
121,48,normal
169,48,thin
164,44,thin
198,70,thin
180,74,fat
140,59,normal
176,61,fat
195,64,thin
126,72,normal
199,73,thin
161,67,normal
139,37,fat
155,69,normal
159,45,thin
185,78,fat
136,47,normal
121,42,normal
197,36,thin
139,68,normal
168,72,normal
191,44,thin
182,39,thin
131,56,normal
181,43,thin
125,76,normal
195,37,thin
160,71,normal
194,41,thin
190,38,thin
142,49,fat
148,73,normal
127,80,normal
144,52,normal
160,53,fat
177,48,thin
189,72,fat
132,78,normal
142,72,normal
195,61,thin
129,49,normal
179,73,fat
178,42,thin
185,53,thin
188,36,thin
130,60,normal
163,49,thin
129,45,normal
156,53,fat
160,67,normal
127,45,normal
122,78,normal
172,41,thin
137,67,normal
126,49,normal
154,66,normal
130,46,normal
172,79,normal
188,42,thin
141,38,fat
195,67,thin
193,77,fat
154,56,fat
161,73,normal
148,72,normal
151,50,fat
172,58,fat
123,52,normal
132,63,normal
165,64,fat
146,68,normal
149,61,normal
192,39,thin
157,44,thin
150,62,normal
131,77,normal
136,57,normal
157,67,normal
140,74,normal
182,43,thin
185,55,thin
173,38,thin
176,58,fat
126,61,normal
125,64,normal
172,61,fat
142,75,normal
129,54,normal
168,52,thin
186,64,thin
176,74,fat
148,48,fat
137,60,normal
139,73,normal
144,63,normal
175,71,fat
200,56,thin
148,44,fat
131,55,normal
133,73,normal
136,52,normal
150,78,normal
140,46,fat
173,55,thin
132,76,normal
199,56,thin
148,69,normal
149,75,normal
138,50,normal
157,50,fat
180,55,thin
170,76,normal
161,51,fat
138,62,normal
153,57,fat
171,64,fat
188,45,thin
164,59,fat
185,49,thin
124,41,normal
148,71,normal
129,45,normal
199,42,thin
147,69,normal
144,76,normal
170,35,thin
189,48,thin
191,79,fat
152,39,thin
130,77,normal
193,63,thin
137,73,normal
180,60,fat
179,48,thin
179,40,thin
154,65,normal
198,72,thin
136,73,normal
179,42,thin
181,57,thin
133,75,normal
124,48,normal
171,50,thin
123,65,normal
124,52,normal
176,39,thin
161,77,normal
160,61,fat
125,35,fat
180,72,fat
148,39,thin
189,61,thin
123,48,normal
189,61,thin
173,38,thin
154,71,normal
140,64,normal
159,45,thin
166,55,fat
175,76,fat
122,69,normal
154,61,normal
173,47,thin
192,36,thin
165,68,fat
200,62,thin
181,79,fat
168,64,fat
146,77,normal
183,45,thin
127,58,normal
178,63,fat
177,37,thin
125,76,normal
151,54,fat
124,57,normal
148,60,normal
133,56,normal
174,41,thin
188,69,fat
191,36,thin
169,70,fat
171,64,fat
183,58,thin
199,56,thin
133,52,normal
177,58,fat
143,44,fat
125,35,fat
178,68,fat
187,65,fat
159,52,fat
139,55,normal
166,55,fat
185,49,thin
132,57,normal
149,43,fat
196,72,fat
142,39,fat
189,45,thin
131,47,normal
189,51,thin
131,48,normal
127,59,normal
123,78,normal
184,59,thin
174,77,normal
148,79,normal
149,67,normal
158,46,thin
130,57,normal
165,48,thin
171,74,normal
191,41,thin
152,71,normal
197,73,fat
132,69,normal
159,78,normal
179,56,thin
198,78,fat
181,59,thin
196,72,fat
174,37,thin
137,64,normal
141,55,normal
184,64,fat
144,49,fat
196,38,thin
195,40,thin
195,70,thin
149,73,normal
153,62,normal
128,78,normal
126,54,normal
171,74,normal
127,43,normal
181,64,fat
198,62,thin
132,70,normal
147,38,thin
180,55,thin
180,44,thin
148,79,normal
159,58,fat
120,78,normal
158,42,thin
147,74,normal
179,78,fat
122,60,normal
127,54,normal
199,74,fat
144,44,fat
132,51,normal
161,77,normal
182,54,thin
195,76,fat
155,50,fat
155,40,thin
179,50,thin
164,48,thin
140,66,normal
194,44,thin
151,35,thin
191,49,thin
182,43,thin
140,58,normal
188,41,thin
191,62,thin
170,53,thin
175,46,thin
133,54,normal
132,68,normal
153,65,normal
169,71,fat
169,35,thin
179,64,fat
185,66,fat
135,63,normal
171,38,thin
173,40,thin
168,70,fat
122,36,fat
146,50,fat
123,53,normal
170,47,thin
121,45,normal
130,40,fat
200,38,thin
174,79,normal
158,57,fat
123,53,normal
145,65,normal
160,39,thin
133,40,fat
128,55,normal
164,63,fat
162,73,normal
135,56,normal
174,70,fat
144,37,thin
135,64,normal
165,64,fat
189,67,fat
120,63,normal
129,47,normal
190,68,fat
167,65,fat
125,39,fat
120,79,normal
187,72,fat
140,37,fat
175,77,normal
140,50,normal
186,74,fat
196,55,thin
195,40,thin
128,75,normal
135,72,normal
123,42,normal
160,49,fat
184,56,thin
198,63,thin
197,43,thin
159,59,fat
130,64,normal
155,40,thin
137,65,normal
178,47,thin
198,40,thin
192,58,thin
131,80,normal
133,54,normal
124,54,normal
197,76,fat
130,55,normal
195,65,thin
165,55,fat
145,76,normal
139,47,fat
173,39,thin
135,47,normal
130,53,normal
190,36,thin
181,52,thin
176,48,thin
172,58,fat
180,72,fat
192,35,thin
163,55,fat
173,48,thin
195,49,thin
193,76,fat
194,49,thin
175,76,fat
167,45,thin
130,61,normal
182,51,thin
179,48,thin
147,56,normal
166,78,normal
196,48,thin
139,35,thin
178,35,thin
151,56,fat
125,66,normal
128,55,normal
200,63,thin
144,72,normal
127,60,normal
160,73,normal
126,47,normal
149,66,normal
148,48,fat
123,74,normal
122,79,normal
128,80,normal
156,61,normal
163,57,fat
157,74,normal
130,69,normal
142,68,normal
168,72,normal
187,59,thin
150,35,thin
185,46,thin
151,46,fat
198,72,thin
159,63,fat
149,39,thin
151,50,fat
159,60,fat
149,80,normal
150,67,normal
148,70,normal
192,80,fat
157,35,thin
130,44,normal
187,60,thin
153,40,thin
200,41,thin
175,76,fat
169,37,thin
188,51,thin
190,64,thin
131,35,fat
150,62,normal
160,62,fat
165,77,normal
170,67,fat
136,67,normal
158,52,fat
165,67,fat
141,60,normal
127,37,fat
176,43,thin
196,72,fat
134,48,normal
191,59,thin
153,46,fat
123,67,normal
166,66,fat
130,41,fat
175,38,thin
199,39,thin
133,72,normal
161,64,fat
199,62,thin
160,45,thin
170,67,fat
193,45,thin
120,35,fat
176,37,thin
162,41,thin
165,43,thin
169,37,thin
158,54,fat
153,47,fat
182,50,thin
192,53,thin
124,42,normal
164,78,normal
157,53,fat
179,51,thin
145,56,normal
134,45,normal
125,65,normal
163,66,fat
153,42,thin
148,73,normal
193,80,fat
143,80,normal
189,69,fat
151,50,fat
170,80,normal
173,48,thin
161,77,normal
121,50,normal
180,74,fat
187,53,thin
124,40,normal
177,44,thin
130,58,normal
184,62,thin
159,60,fat
140,74,normal
141,80,normal
123,52,normal
134,47,normal
143,67,normal
155,68,normal
176,68,fat
194,75,fat
138,71,normal
183,78,fat
133,61,normal
178,46,thin
120,49,normal
143,41,fat
199,56,thin
134,76,normal
175,44,thin
152,80,normal
200,58,thin
145,76,normal
123,67,normal
159,35,thin
184,60,thin
125,40,normal
190,44,thin
128,36,fat
168,76,normal
159,71,normal
123,51,normal
191,53,thin
175,72,fat
191,49,thin
126,67,normal
139,43,fat
179,73,fat
168,80,normal
140,64,normal
194,40,thin
141,39,fat
136,64,normal
146,46,fat
161,51,fat
191,60,thin
158,46,thin
149,36,thin
163,37,thin
192,45,thin
180,71,fat
161,61,fat
190,71,fat
197,67,thin
137,43,fat
150,57,normal
200,56,thin
171,63,fat
161,57,fat
142,74,normal
195,54,thin
158,39,thin
192,58,thin
157,65,normal
144,62,normal
122,35,fat
147,66,normal
151,79,normal
142,41,fat
134,78,normal
158,42,thin
131,48,normal
123,40,normal
136,50,normal
163,42,thin
160,72,normal
140,62,normal
165,69,normal
178,58,thin
126,70,normal
174,72,fat
127,79,normal
178,77,fat
123,55,normal
124,60,normal
137,61,normal
199,79,fat
148,50,fat
199,76,fat
128,72,normal
139,47,fat
148,73,normal
165,43,thin
137,71,normal
155,45,fat
173,49,thin
183,76,fat
186,64,thin
128,64,normal
155,42,thin
127,41,normal
130,80,normal
197,37,thin
172,52,thin
200,76,fat
186,70,fat
122,47,normal
153,47,fat
179,45,thin
169,56,fat
176,61,fat
173,77,normal
197,66,thin
135,42,fat
129,60,normal
187,37,thin
177,68,fat
170,52,thin
198,70,thin
127,61,normal
145,65,normal
167,39,thin
159,69,normal
143,79,normal
150,54,fat
151,74,normal
128,43,normal
185,68,fat
198,44,thin
143,52,normal
130,47,normal
199,57,thin
141,59,normal
126,47,normal
168,44,thin
168,53,fat
138,42,fat
177,54,thin
150,73,normal
146,47,fat
187,60,thin
145,73,normal
167,73,normal
125,40,normal
145,47,fat
168,77,normal
166,45,thin
170,59,fat
144,52,normal
185,57,thin
194,56,thin
151,37,thin
184,58,thin
179,50,thin
157,43,thin
137,61,normal
160,50,fat
164,56,fat
131,66,normal
157,59,fat
131,40,fat
191,77,fat
183,71,fat
127,67,normal
173,50,thin
137,51,normal
160,42,thin
193,48,thin
191,37,thin
158,65,normal
142,70,normal
157,55,fat
141,65,normal
186,78,fat
120,60,normal
145,79,normal
175,42,thin
130,68,normal
126,38,fat
200,65,thin
189,73,fat
192,49,thin
158,66,normal
157,54,fat
159,48,fat
198,75,fat
199,65,thin
170,48,thin
179,66,fat
157,39,thin
191,59,thin
123,68,normal
189,45,thin
185,35,thin
199,39,thin
125,40,normal
120,48,normal
191,71,fat
179,73,fat
121,49,normal
172,52,thin
134,45,normal
120,41,normal
144,62,normal
143,63,normal
125,45,normal
138,35,thin
162,57,fat
172,63,fat
149,71,normal
160,79,normal
175,60,fat
186,64,thin
151,56,fat
172,68,fat
143,42,fat
192,80,fat
186,54,thin
199,80,fat
164,47,thin
155,61,normal
167,61,fat
196,67,thin
131,52,normal
152,70,normal
187,53,thin
163,66,fat
172,43,thin
198,37,thin
141,79,normal
199,70,thin
126,61,normal
134,75,normal
149,52,fat
161,70,normal
173,77,normal
184,71,fat
142,60,normal
173,63,fat
164,43,thin
185,47,thin
199,79,fat
162,52,fat
168,53,fat
180,36,thin
138,38,fat
179,46,thin
181,68,fat
193,36,thin
192,64,thin
200,61,thin
191,65,thin
140,53,normal
165,54,fat
200,35,thin
171,69,fat
155,49,fat
192,54,thin
139,72,normal
128,69,normal
132,50,normal
161,57,fat
195,38,thin
150,74,normal
182,56,thin
128,61,normal
136,50,normal
175,40,thin
138,40,fat
134,77,normal
159,73,normal
198,78,fat
143,52,normal
145,36,thin
153,61,normal
165,40,thin
135,67,normal
140,39,fat
150,54,fat
148,42,fat
191,58,thin
184,54,thin
141,74,normal
169,48,thin
152,42,thin
188,55,thin
120,40,normal
197,35,thin
200,77,fat
129,39,fat
189,66,thin
136,69,normal
190,67,fat
152,68,normal
150,59,normal
147,47,fat
191,36,thin
176,56,thin
187,40,thin
163,69,normal
142,40,fat
129,74,normal
153,66,normal
197,48,thin
150,61,normal
143,56,normal
160,66,normal
127,44,normal
195,39,thin
192,64,thin
134,38,fat
165,62,fat
149,59,normal
142,44,fat
126,46,normal
132,65,normal
175,71,fat
186,68,fat
152,36,thin
148,53,fat
174,71,fat
194,39,thin
173,35,thin
138,70,normal
146,63,normal
144,79,normal
164,61,fat
174,65,fat
153,59,normal
197,56,thin
195,45,thin
198,73,fat
137,52,normal
166,39,thin
139,41,fat
141,57,normal
150,71,normal
195,39,thin
188,51,thin
193,45,thin
190,75,fat
160,70,normal
160,68,normal
138,38,fat
121,37,normal
197,77,fat
127,54,normal
155,58,fat
158,57,fat
123,36,fat
147,41,fat
156,60,fat
135,52,normal
120,51,normal
140,74,normal
162,40,thin
144,44,fat
189,56,thin
143,65,normal
166,80,normal
187,59,thin
167,35,thin
162,71,normal
133,60,normal
185,61,thin
128,66,normal
144,40,fat
140,40,fat
154,58,fat
190,67,fat
172,78,normal
123,78,normal
170,67,fat
188,75,fat
136,35,fat
162,63,fat
135,65,normal
177,77,fat
137,47,normal
160,60,fat
187,36,thin
152,35,thin
178,68,fat
198,67,thin
181,62,fat
178,45,thin
124,48,normal
125,74,normal
171,37,thin
121,40,normal
131,61,normal
151,43,fat
125,44,normal
193,53,thin
126,51,normal
135,65,normal
152,42,thin
150,63,normal
193,44,thin
156,79,normal
138,53,normal
174,37,thin
200,55,thin
139,41,fat
185,72,fat
199,66,thin
198,38,thin
164,75,normal
134,59,normal
173,76,normal
197,58,thin
195,62,thin
172,35,thin
155,61,normal
168,78,normal
151,43,fat
199,64,thin
158,57,fat
169,37,thin
187,54,thin
124,43,normal
160,36,thin
171,67,fat
142,40,fat
124,76,normal
144,71,normal
158,55,fat
143,75,normal
166,52,fat
156,41,thin
190,67,fat
168,56,fat
190,54,thin
128,39,fat
196,58,thin
130,72,normal
129,51,normal
192,66,thin
131,65,normal
199,75,fat
135,47,normal
199,74,fat
167,36,thin
157,70,normal
161,56,fat
198,65,thin
155,78,normal
173,41,thin
136,35,fat
124,64,normal
120,50,normal
169,76,normal
188,55,thin
131,73,normal
133,50,normal
195,57,thin
138,61,normal
139,45,fat
189,72,fat
127,50,normal
125,63,normal
132,69,normal
160,69,normal
184,57,thin
160,70,normal
192,38,thin
179,43,thin
192,42,thin
187,39,thin
172,73,fat
153,47,fat
160,44,thin
127,70,normal
155,70,normal
160,57,fat
183,61,thin
162,46,thin
193,46,thin
195,67,thin
131,68,normal
130,70,normal
153,76,normal
156,67,normal
129,78,normal
128,69,normal
176,76,fat
185,68,fat
151,68,normal
142,74,normal
133,59,normal
155,57,fat
123,70,normal
149,63,normal
124,46,normal
157,62,normal
192,58,thin
168,64,fat
147,70,normal
129,73,normal
199,47,thin
183,56,thin
191,78,fat
127,58,normal
140,38,fat
176,80,normal
170,36,thin
175,56,thin
136,63,normal
197,50,thin
157,36,thin
120,37,normal
151,50,fat
133,62,normal
167,62,fat
190,45,thin
177,53,thin
160,68,normal
164,39,thin
134,70,normal
141,57,normal
164,41,thin
130,44,normal
126,53,normal
136,45,fat
144,65,normal
137,71,normal
181,63,fat
168,54,fat
142,50,fat
171,59,fat
165,67,fat
187,73,fat
184,74,fat
125,72,normal
175,56,thin
188,57,thin
181,36,thin
192,58,thin
128,69,normal
196,61,thin
179,74,fat
159,61,fat
139,74,normal
163,52,fat
143,41,fat
120,72,normal
159,80,normal
183,54,thin
125,66,normal
137,45,fat
138,35,thin
153,38,thin
128,72,normal
196,58,thin
177,45,thin
165,74,normal
136,62,normal
194,43,thin
195,44,thin
199,40,thin
165,72,normal
140,74,normal
184,76,fat
173,42,thin
157,70,normal
168,70,fat
127,66,normal
133,40,fat
176,50,thin
184,59,thin
190,62,thin
171,78,normal
187,54,thin
171,36,thin
153,54,fat
189,59,thin
153,53,fat
121,37,normal
161,77,normal
158,56,fat
173,46,thin
172,79,normal
178,80,normal
188,66,fat
177,40,thin
126,74,normal
160,65,normal
165,45,thin
134,46,normal
166,69,normal
177,61,fat
151,56,fat
174,80,normal
168,80,normal
151,37,thin
129,69,normal
148,64,normal
141,38,fat
193,77,fat
132,68,normal
141,74,normal
177,55,thin
197,44,thin
194,67,thin
176,54,thin
164,73,normal
121,71,normal
151,50,fat
131,80,normal
153,52,fat
134,36,fat
135,68,normal
178,50,thin
175,57,fat
195,47,thin
166,76,normal
161,64,fat
190,38,thin
140,40,fat
138,80,normal
145,44,fat
136,40,fat
151,76,normal
128,45,normal
158,56,fat
159,64,normal
141,37,fat
153,61,normal
123,78,normal
134,78,normal
151,42,thin
148,57,normal
188,61,thin
130,48,normal
178,39,thin
122,44,normal
136,63,normal
173,52,thin
179,41,thin
133,44,fat
127,55,normal
161,49,fat
154,49,fat
177,65,fat
137,52,normal
189,36,thin
155,71,normal
188,72,fat
179,61,fat
198,44,thin
199,62,thin
191,37,thin
165,47,thin
186,72,fat
153,67,normal
129,59,normal
178,57,thin
200,56,thin
165,46,thin
166,44,thin
174,44,thin
181,80,fat
134,67,normal
166,38,thin
167,38,thin
123,48,normal
144,52,normal
191,62,thin
183,80,fat
199,41,thin
124,51,normal
123,52,normal
132,49,normal
180,65,fat
121,36,fat
159,43,thin
198,69,thin
132,51,normal
196,67,thin
145,63,normal
120,64,normal
196,77,fat
184,79,fat
194,66,thin
187,73,fat
123,44,normal
193,63,thin
163,55,fat
166,62,fat
128,70,normal
120,70,normal
148,55,normal
154,76,normal
163,79,normal
132,77,normal
193,69,fat
194,63,thin
199,62,thin
142,77,normal
183,38,thin
156,40,thin
172,59,fat
126,60,normal
157,69,normal
181,73,fat
177,71,fat
182,53,thin
157,36,thin
173,47,thin
141,55,normal
147,50,fat
134,53,normal
159,35,thin
124,62,normal
198,65,thin
144,35,thin
138,41,fat
168,78,normal
150,61,normal
162,49,fat
144,58,normal
154,36,thin
198,47,thin
192,75,fat
168,63,fat
126,36,fat
128,70,normal
151,74,normal
143,51,fat
149,75,normal
153,49,fat
175,64,fat
126,73,normal
159,55,fat
192,77,fat
139,36,fat
167,53,fat
191,72,fat
177,69,fat
135,57,normal
162,48,thin
150,50,fat
192,63,thin
169,54,fat
121,52,normal
168,60,fat
188,80,fat
146,73,normal
167,64,fat
150,41,thin
151,64,normal
170,56,fat
193,36,thin
123,58,normal
167,59,fat
156,56,fat
150,44,fat
195,57,thin
160,38,thin
191,71,fat
171,54,thin
165,38,thin
152,55,fat
164,78,normal
149,45,fat
126,43,normal
163,66,fat
195,64,thin
164,43,thin
143,62,normal
153,50,fat
177,42,thin
183,80,fat
177,49,thin
187,48,thin
123,70,normal
127,45,normal
156,65,normal
125,42,normal
198,60,thin
167,36,thin
196,45,thin
190,68,fat
146,71,normal
192,53,thin
126,57,normal
133,35,fat
194,61,thin
124,44,normal
189,55,thin
136,62,normal
133,50,normal
193,69,fat
154,35,thin
146,47,fat
184,45,thin
194,58,thin
129,65,normal
169,62,fat
196,70,thin
198,80,fat
129,79,normal
172,36,thin
163,73,normal
125,38,fat
167,72,normal
156,74,normal
147,62,normal
142,60,normal
128,39,fat
197,79,fat
178,63,fat
155,76,normal
157,37,thin
130,58,normal
165,44,thin
122,58,normal
182,51,thin
189,73,fat
177,38,thin
152,79,normal
171,76,normal
177,45,thin
146,56,normal
133,76,normal
121,59,normal
197,50,thin
121,78,normal
132,43,fat
150,64,normal
130,72,normal
179,37,thin
156,75,normal
172,65,fat
157,73,normal
122,38,normal
138,77,normal
185,79,fat
183,71,fat
123,80,normal
139,80,normal
174,53,thin
128,45,normal
128,78,normal
126,73,normal
186,74,fat
175,51,thin
122,69,normal
143,52,normal
190,79,fat
125,45,normal
199,52,thin
176,77,fat
192,40,thin
175,44,thin
134,64,normal
184,73,fat
122,43,normal
181,56,thin
149,74,normal
123,80,normal
167,75,normal
166,46,thin
187,74,fat
183,73,fat
175,53,thin
125,57,normal
137,49,normal
193,79,fat
149,64,normal
194,54,thin
196,47,thin
159,67,normal
146,49,fat
191,60,thin
142,44,fat
155,41,thin
137,41,fat
132,68,normal
132,44,normal
138,62,normal
148,77,normal
175,46,thin
182,70,fat
183,66,fat
173,47,thin
136,45,fat
186,54,thin
140,58,normal
126,61,normal
193,51,thin
161,76,normal
125,41,normal
143,44,fat
166,68,fat
158,45,thin
199,72,thin
125,54,normal
167,49,thin
161,74,normal
145,62,normal
162,39,thin
139,72,normal
159,59,fat
144,47,fat
198,41,thin
198,53,thin
148,48,fat
126,61,normal
125,45,normal
169,73,normal
140,52,normal
121,42,normal
154,68,normal
151,79,normal
148,67,normal
163,35,thin
151,37,thin
195,74,fat
151,49,fat
184,44,thin
196,51,thin
140,58,normal
178,46,thin
123,45,normal
148,56,normal
168,36,thin
144,53,normal
197,75,fat
133,65,normal
195,44,thin
140,38,fat
196,45,thin
142,55,normal
140,61,normal
167,53,fat
154,72,normal
125,73,normal
176,36,thin
182,75,fat
165,64,fat
191,70,fat
162,56,fat
165,40,thin
186,69,fat
195,57,thin
165,45,thin
156,62,normal
132,59,normal
198,39,thin
175,59,fat
142,38,fat
166,61,fat
156,67,normal
130,70,normal
178,42,thin
146,47,fat
142,47,fat
166,39,thin
136,43,fat
124,45,normal
147,40,fat
198,35,thin
190,57,thin
169,61,fat
145,65,normal
146,50,fat
143,36,thin
150,68,normal
184,65,fat
159,37,thin
170,44,thin
151,71,normal
130,61,normal
156,55,fat
138,37,fat
196,40,thin
192,76,fat
186,38,thin
155,44,thin
197,71,thin
175,59,fat
177,67,fat
128,63,normal
124,69,normal
175,59,fat
163,39,thin
157,55,fat
162,39,thin
171,79,normal
179,70,fat
179,40,thin
155,70,normal
146,66,normal
185,59,thin
140,74,normal
188,41,thin
143,52,normal
181,74,fat
161,70,normal
164,78,normal
134,59,normal
120,71,normal
129,38,fat
169,37,thin
162,63,fat
139,36,fat
147,49,fat
197,54,thin
133,36,fat
169,51,thin
120,54,normal
122,48,normal
200,67,thin
128,73,normal
127,54,normal
147,47,fat
200,40,thin
132,65,normal
196,67,thin
166,66,fat
180,37,thin
169,40,thin
181,79,fat
143,73,normal
148,45,fat
123,65,normal
149,75,normal
177,46,thin
185,62,thin
186,78,fat
157,38,thin
192,66,thin
166,56,fat
157,73,normal
192,61,thin
159,77,normal
192,79,fat
160,42,thin
161,40,thin
154,36,thin
195,67,thin
179,55,thin
193,71,fat
145,48,fat
126,63,normal
180,78,fat
197,40,thin
129,73,normal
141,70,normal
158,71,normal
121,69,normal
165,76,normal
180,47,thin
164,69,normal
155,74,normal
155,69,normal
156,43,thin
172,62,fat
146,54,normal
191,78,fat
174,55,thin
136,54,normal
155,64,normal
197,49,thin
175,66,fat
160,62,fat
181,60,thin
170,42,thin
161,68,normal
172,80,normal
158,80,normal
173,69,fat
166,42,thin
200,50,thin
148,63,normal
120,53,normal
147,79,normal
148,66,normal
198,46,thin
174,36,thin
195,67,thin
197,36,thin
169,43,thin
146,64,normal
166,67,fat
134,52,normal
141,36,thin
192,73,fat
198,72,thin
190,53,thin
155,72,normal
139,74,normal
199,79,fat
188,35,thin
170,75,normal
138,43,fat
162,37,thin
141,64,normal
161,38,thin
158,75,normal
169,75,normal
124,67,normal
192,74,fat
186,51,thin
162,47,thin
161,65,normal
143,62,normal
152,71,normal
138,69,normal
132,61,normal
147,56,normal
187,53,thin
164,71,normal
163,54,fat
124,72,normal
186,66,fat
192,57,thin
131,36,fat
125,62,normal
157,77,normal
170,49,thin
181,48,thin
192,53,thin
194,43,thin
152,71,normal
160,60,fat
186,61,thin
166,76,normal
165,55,fat
179,41,thin
196,52,thin
185,64,fat
134,73,normal
165,69,normal
196,62,thin
125,58,normal
172,64,fat
127,61,normal
174,80,normal
167,44,thin
138,74,normal
159,68,normal
136,57,normal
195,42,thin
148,56,normal
155,60,fat
181,73,fat
196,47,thin
131,44,normal
148,66,normal
140,47,fat
160,51,fat
160,43,thin
128,36,fat
162,67,normal
184,39,thin
133,48,normal
158,79,normal
173,75,normal
167,70,normal
154,74,normal
199,50,thin
196,36,thin
180,51,thin
173,47,thin
175,69,fat
159,69,normal
147,74,normal
176,40,thin
184,77,fat
186,56,thin
191,43,thin
164,39,thin
169,58,fat
135,38,fat
149,67,normal
155,50,fat
195,72,fat
121,75,normal
122,58,normal
196,56,thin
154,57,fat
184,77,fat
174,77,normal
189,53,thin
162,48,thin
182,80,fat
148,63,normal
182,40,thin
143,76,normal
151,71,normal
132,61,normal
141,37,fat
164,72,normal
120,70,normal
191,52,thin
135,68,normal
128,73,normal
184,63,fat
149,79,normal
150,59,normal
156,67,normal
179,41,thin
196,43,thin
147,37,thin
179,58,thin
134,77,normal
148,39,thin
154,65,normal
183,37,thin
194,66,thin
155,67,normal
199,69,thin
147,78,normal
180,75,fat
172,37,thin
128,63,normal
146,51,fat
139,59,normal
185,41,thin
129,42,normal
140,79,normal
122,46,normal
125,71,normal
198,44,thin
135,79,normal
153,80,normal
196,46,thin
157,72,normal
129,48,normal
144,76,normal
185,43,thin
166,48,thin
154,56,fat
155,80,normal
150,38,thin
174,77,normal
137,55,normal
129,62,normal
189,58,thin
157,62,normal
162,66,normal
195,54,thin
126,35,fat
190,43,thin
192,41,thin
124,59,normal
195,64,thin
194,45,thin
181,63,fat
133,54,normal
192,74,fat
168,71,normal
126,67,normal
177,49,thin
173,77,normal
150,69,normal
127,67,normal
195,71,fat
170,68,fat
158,75,normal
164,42,thin
167,39,thin
196,47,thin
166,49,thin
193,35,thin
157,54,fat
159,35,thin
136,53,normal
148,40,thin
184,58,thin
186,70,fat
145,78,normal
172,44,thin
169,35,thin
180,52,thin
138,57,normal
125,37,fat
182,38,thin
168,75,normal
134,37,fat
172,42,thin
190,73,fat
147,40,fat
129,46,normal
145,64,normal
173,56,fat
134,71,normal
131,42,fat
121,49,normal
197,63,thin
158,69,normal
198,75,fat
181,79,fat
135,67,normal
176,44,thin
167,40,thin
178,53,thin
172,58,fat
169,56,fat
167,66,fat
122,77,normal
148,40,thin
158,52,fat
181,71,fat
172,69,fat
169,69,fat
193,51,thin
134,52,normal
141,51,normal
125,65,normal
124,36,fat
169,52,thin
148,75,normal
162,53,fat
191,50,thin
147,62,normal
138,69,normal
153,69,normal
194,73,fat
179,67,fat
120,72,normal
121,52,normal
160,80,normal
167,71,normal
164,70,normal
195,42,thin
173,57,fat
169,46,thin
199,76,fat
200,48,thin
187,77,fat
188,68,fat
200,60,thin
163,60,fat
138,63,normal
193,55,thin
129,74,normal
131,38,fat
187,35,thin
138,37,fat
172,77,normal
154,57,fat
133,74,normal
169,59,fat
169,60,fat
190,43,thin
188,35,thin
124,39,normal
167,36,thin
191,70,fat
153,59,normal
167,46,thin
179,68,fat
175,78,normal
172,56,fat
154,63,normal
123,59,normal
185,69,fat
190,80,fat
133,45,normal
168,67,fat
150,43,fat
196,70,thin
163,76,normal
177,74,fat
141,57,normal
187,57,thin
165,78,normal
130,77,normal
127,77,normal
169,54,fat
198,35,thin
163,40,thin
187,47,thin
143,45,fat
200,35,thin
122,67,normal
178,65,fat
140,71,normal
192,46,thin
146,70,normal
140,46,fat
129,73,normal
171,66,fat
170,77,normal
193,46,thin
122,52,normal
189,45,thin
197,70,thin
170,74,normal
131,50,normal
188,62,thin
196,56,thin
187,44,thin
195,41,thin
170,45,thin
175,49,thin
162,65,fat
180,57,thin
135,56,normal
141,37,fat
168,59,fat
125,49,normal
132,70,normal
183,70,fat
169,74,normal
124,65,normal
120,68,normal
149,59,normal
141,54,normal
140,74,normal
188,54,thin
178,74,fat
126,44,normal
130,51,normal
187,50,thin
189,54,thin
128,38,fat
187,66,fat
171,69,fat
160,61,fat
149,59,normal
167,40,thin
128,77,normal
126,51,normal
149,70,normal
199,44,thin
140,62,normal
126,49,normal
146,35,thin
123,75,normal
153,67,normal
187,43,thin
161,62,fat
145,79,normal
149,56,normal
165,42,thin
131,74,normal
121,47,normal
141,59,normal
126,54,normal
175,37,thin
125,67,normal
166,55,fat
120,55,normal
180,47,thin
195,54,thin
151,71,normal
196,75,fat
185,70,fat
139,64,normal
170,80,normal
177,78,fat
148,68,normal
175,69,fat
150,49,fat
162,55,fat
133,72,normal
144,44,fat
133,58,normal
130,68,normal
156,57,fat
148,48,fat
174,49,thin
159,74,normal
182,60,thin
159,48,fat
126,63,normal
169,44,thin
154,35,thin
179,77,fat
157,72,normal
164,46,thin
171,80,normal
175,73,fat
180,67,fat
164,47,thin
185,52,thin
185,36,thin
121,52,normal
152,59,normal
166,61,fat
128,70,normal
160,44,thin
186,56,thin
142,75,normal
185,37,thin
162,51,fat
124,70,normal
194,64,thin
176,56,thin
190,47,thin
188,47,thin
197,46,thin
134,43,fat
166,55,fat
143,55,normal
159,77,normal
120,71,normal
126,79,normal
185,78,fat
140,72,normal
158,40,thin
173,40,thin
168,40,thin
157,69,normal
197,74,fat
158,71,normal
121,60,normal
137,54,normal
187,49,thin
142,48,fat
120,56,normal
196,45,thin
197,72,fat
123,79,normal
139,63,normal
178,75,fat
120,75,normal
176,35,thin
174,67,fat
149,79,normal
191,49,thin
188,67,fat
153,47,fat
163,62,fat
127,58,normal
132,39,fat
133,57,normal
170,52,thin
149,60,normal
183,74,fat
196,44,thin
169,36,thin
161,75,normal
138,45,fat
162,43,thin
191,56,thin
162,75,normal
184,43,thin
200,58,thin
134,43,fat
154,61,normal
158,72,normal
196,69,thin
156,53,fat
135,66,normal
130,45,normal
153,39,thin
140,40,fat
175,54,thin
174,66,fat
193,43,thin
147,77,normal
184,41,thin
138,40,fat
122,69,normal
186,48,thin
128,54,normal
158,55,fat
150,52,fat
142,60,normal
176,58,fat
198,76,fat
137,78,normal
160,44,thin
127,49,normal
143,79,normal
137,71,normal
197,45,thin
191,51,thin
188,36,thin
139,59,normal
178,65,fat
162,76,normal
169,46,thin
184,55,thin
170,79,normal
133,66,normal
142,71,normal
141,72,normal
190,67,fat
155,44,thin
148,58,normal
126,45,normal
200,65,thin
154,71,normal
135,39,fat
140,71,normal
176,52,thin
146,68,normal
184,67,fat
156,37,thin
195,42,thin
160,38,thin
125,70,normal
128,80,normal
178,50,thin
150,46,fat
132,73,normal
186,75,fat
179,80,fat
166,61,fat
182,44,thin
198,74,fat
142,60,normal
127,73,normal
188,47,thin
183,54,thin
123,76,normal
174,71,fat
154,73,normal
194,66,thin
183,73,fat
149,44,fat
184,57,thin
128,72,normal
200,52,thin
176,58,fat
198,54,thin
149,41,thin
145,54,normal
171,52,thin
150,67,normal
181,35,thin
153,57,fat
155,56,fat
199,63,thin
136,41,fat
189,52,thin
146,72,normal
180,37,thin
137,46,fat
147,41,fat
170,48,thin
175,78,normal
164,44,thin
186,64,thin
139,78,normal
170,77,normal
133,68,normal
165,66,fat
192,47,thin
178,38,thin
185,56,thin
178,45,thin
142,44,fat
142,47,fat
159,60,fat
155,52,fat
176,77,fat
160,37,thin
176,74,fat
165,50,thin
193,74,fat
165,56,fat
165,74,normal
167,48,thin
196,80,fat
181,56,thin
166,41,thin
192,52,thin
184,67,fat
126,67,normal
144,64,normal
183,46,thin
188,55,thin
161,42,thin
128,56,normal
159,46,thin
140,47,fat
178,59,fat
176,45,thin
139,43,fat
131,50,normal
190,50,thin
185,38,thin
195,74,fat
120,59,normal
144,36,thin
138,38,fat
171,36,thin
142,48,fat
120,59,normal
137,68,normal
162,56,fat
144,39,fat
151,63,normal
161,64,fat
162,54,fat
150,59,normal
141,76,normal
169,61,fat
125,72,normal
177,50,thin
194,67,thin
165,79,normal
198,35,thin
132,79,normal
132,36,fat
157,49,fat
161,61,fat
168,49,thin
137,43,fat
154,67,normal
169,78,normal
123,79,normal
140,60,normal
180,58,thin
192,80,fat
168,78,normal
200,80,fat
170,75,normal
150,35,thin
163,62,fat
126,44,normal
128,57,normal
197,61,thin
162,57,fat
137,68,normal
144,39,fat
141,67,normal
174,58,fat
198,58,thin
155,63,normal
138,80,normal
123,40,normal
197,66,thin
159,44,thin
142,57,normal
156,65,normal
167,36,thin
153,48,fat
132,65,normal
150,67,normal
170,70,fat
130,42,fat
169,45,thin
139,36,fat
123,60,normal
164,38,thin
168,38,thin
194,69,thin
174,66,fat
152,63,normal
126,48,normal
172,49,thin
176,52,thin
195,42,thin
137,41,fat
152,39,thin
134,74,normal
137,46,fat
178,50,thin
198,78,fat
137,69,normal
136,43,fat
158,66,normal
135,52,normal
176,39,thin
144,70,normal
178,56,thin
189,74,fat
188,54,thin
163,47,thin
131,54,normal
133,76,normal
139,78,normal
184,44,thin
180,79,fat
181,63,fat
133,43,fat
141,55,normal
196,58,thin
132,63,normal
187,39,thin
184,38,thin
169,80,normal
132,44,normal
144,37,thin
188,77,fat
187,75,fat
140,48,fat
133,44,fat
158,66,normal
122,51,normal
179,68,fat
187,47,thin
182,67,fat
193,75,fat
200,52,thin
157,47,fat
196,40,thin
168,49,thin
192,80,fat
151,58,normal
194,62,thin
178,49,thin
173,53,thin
148,44,fat
160,61,fat
184,37,thin
191,74,fat
129,44,normal
143,53,normal
140,52,normal
171,67,fat
164,50,fat
160,47,thin
136,60,normal
127,76,normal
136,55,normal
171,69,fat
150,69,normal
161,42,thin
123,76,normal
172,40,thin
151,54,fat
172,36,thin
138,79,normal
191,62,thin
135,68,normal
189,60,thin
139,75,normal
123,70,normal
168,68,fat
186,59,thin
197,67,thin
131,58,normal
155,37,thin
124,66,normal
132,78,normal
177,73,fat
129,79,normal
177,76,fat
120,70,normal
125,42,normal
186,72,fat
150,40,thin
167,80,normal
180,70,fat
156,47,fat
191,38,thin
174,40,thin
199,55,thin
184,47,thin
183,35,thin
142,71,normal
129,67,normal
120,40,normal
197,55,thin
159,66,normal
128,64,normal
150,80,normal
195,49,thin
197,62,thin
163,78,normal
168,79,normal
150,49,fat
169,53,fat
192,73,fat
135,76,normal
186,70,fat
120,37,normal
189,67,fat
184,39,thin
157,74,normal
169,52,thin
180,36,thin
121,75,normal
127,58,normal
133,62,normal
131,37,fat
147,63,normal
193,38,thin
189,63,thin
185,77,fat
162,46,thin
125,37,fat
170,53,thin
157,65,normal
136,70,normal
128,51,normal
133,71,normal
143,54,normal
148,62,normal
156,68,normal
168,77,normal
171,66,fat
199,63,thin
184,44,thin
139,41,fat
145,69,normal
196,76,fat
168,68,fat
121,51,normal
148,61,normal
178,73,fat
130,50,normal
140,76,normal
183,66,fat
147,38,thin
124,53,normal
165,39,thin
142,36,thin
174,65,fat
179,55,thin
176,74,fat
151,66,normal
151,52,fat
159,70,normal
123,69,normal
151,42,thin
139,40,fat
161,48,fat
159,66,normal
184,36,thin
189,43,thin
159,55,fat
120,48,normal
158,35,thin
137,53,normal
188,55,thin
135,66,normal
181,68,fat
199,51,thin
132,35,fat
199,43,thin
166,35,thin
200,55,thin
171,51,thin
157,60,fat
196,35,thin
170,73,normal
173,68,fat
169,40,thin
150,38,thin
131,66,normal
139,52,normal
189,59,thin
153,39,thin
191,66,thin
134,50,normal
132,67,normal
143,45,fat
172,45,thin
127,63,normal
144,44,fat
151,67,normal
165,73,normal
127,37,fat
147,39,thin
173,42,thin
120,42,normal
161,57,fat
148,57,normal
163,52,fat
136,47,normal
193,39,thin
166,60,fat
167,69,fat
124,58,normal
129,39,fat
156,56,fat
152,39,thin
195,42,thin
141,47,fat
140,43,fat
130,64,normal
186,59,thin
185,55,thin
169,41,thin
167,66,fat
178,71,fat
131,69,normal
124,56,normal
171,79,normal
137,72,normal
156,79,normal
151,68,normal
127,79,normal
159,78,normal
126,67,normal
156,62,normal
124,39,normal
121,73,normal
127,59,normal
139,40,fat
195,42,thin
150,45,fat
144,61,normal
137,42,fat
166,48,thin
194,73,fat
200,36,thin
175,64,fat
184,68,fat
184,48,thin
184,44,thin
134,51,normal
188,39,thin
140,74,normal
140,61,normal
158,70,normal
138,38,fat
160,80,normal
194,35,thin
164,42,thin
161,37,thin
195,41,thin
137,56,normal
140,73,normal
174,35,thin
165,69,normal
174,53,thin
155,80,normal
171,67,fat
185,45,thin
168,59,fat
143,45,fat
193,42,thin
142,36,thin
121,49,normal
186,60,thin
161,63,fat
124,67,normal
142,37,thin
157,43,thin
138,40,fat
165,76,normal
128,69,normal
124,58,normal
175,50,thin
151,62,normal
189,57,thin
155,58,fat
126,71,normal
198,46,thin
186,60,thin
156,75,normal
142,50,fat
183,78,fat
130,65,normal
191,57,thin
141,50,normal
149,79,normal
168,75,normal
186,61,thin
189,36,thin
182,69,fat
146,78,normal
179,53,thin
132,69,normal
150,79,normal
180,80,fat
158,58,fat
144,51,fat
156,52,fat
190,78,fat
167,41,thin
157,59,fat
126,73,normal
181,40,thin
187,71,fat
177,67,fat
165,66,fat
126,60,normal
172,55,fat
199,44,thin
143,64,normal
198,80,fat
127,79,normal
180,79,fat
197,79,fat
173,63,fat
141,36,thin
179,73,fat
171,69,fat
156,49,fat
141,77,normal
195,44,thin
177,71,fat
121,73,normal
126,72,normal
177,80,normal
200,53,thin
141,49,fat
181,60,thin
197,67,thin
164,45,thin
183,41,thin
139,48,fat
169,72,normal
145,53,normal
178,66,fat
128,75,normal
156,41,thin
154,53,fat
125,64,normal
180,48,thin
176,57,thin
137,58,normal
138,64,normal
172,37,thin
170,71,fat
174,63,fat
126,60,normal
154,43,thin
171,43,thin
123,41,normal
151,69,normal
164,80,normal
173,41,thin
188,43,thin
126,77,normal
156,50,fat
189,80,fat
179,44,thin
159,50,fat
176,57,thin
141,74,normal
170,76,normal
138,48,normal
181,41,thin
173,80,normal
125,36,fat
124,43,normal
128,72,normal
163,76,normal
126,37,fat
160,52,fat
153,64,normal
192,46,thin
123,64,normal
125,40,normal
162,52,fat
157,59,fat
138,74,normal
192,35,thin
120,37,normal
169,41,thin
164,77,normal
148,49,fat
158,69,normal
125,46,normal
164,43,thin
133,65,normal
154,45,fat
170,72,fat
160,35,thin
181,36,thin
197,39,thin
178,52,thin
137,35,fat
151,45,fat
191,41,thin
158,56,fat
194,66,thin
199,39,thin
154,52,fat
122,64,normal
160,53,fat
198,42,thin
160,40,thin
175,39,thin
137,71,normal
136,42,fat
163,75,normal
156,37,thin
187,55,thin
185,62,thin
171,55,fat
169,76,normal
173,38,thin
184,70,fat
166,70,normal
188,79,fat
181,60,thin
147,70,normal
187,62,thin
184,68,fat
139,69,normal
193,36,thin
183,79,fat
194,37,thin
168,68,fat
191,60,thin
179,72,fat
152,35,thin
180,75,fat
131,70,normal
135,57,normal
133,58,normal
197,58,thin
166,50,thin
178,41,thin
170,35,thin
164,77,normal
191,37,thin
176,76,fat
134,47,normal
166,76,normal
169,42,thin
183,70,fat
132,69,normal
152,58,normal
200,51,thin
199,36,thin
158,61,fat
152,68,normal
134,62,normal
142,65,normal
181,63,fat
134,60,normal
144,58,normal
144,35,thin
190,46,thin
175,76,fat
152,54,fat
190,60,thin
145,51,fat
147,63,normal
182,44,thin
120,46,normal
123,56,normal
197,57,thin
149,72,normal
128,52,normal
149,55,fat
181,60,thin
143,46,fat
189,42,thin
172,75,normal
159,35,thin
133,56,normal
197,63,thin
123,72,normal
167,65,fat
197,53,thin
131,69,normal
168,58,fat
125,45,normal
160,73,normal
169,50,thin
170,75,normal
147,39,thin
200,36,thin
190,68,fat
184,72,fat
151,35,thin
184,52,thin
172,49,thin
199,45,thin
153,58,fat
131,69,normal
158,36,thin
194,63,thin
167,61,fat
160,41,thin
129,67,normal
155,39,thin
148,45,fat
152,72,normal
176,54,thin
171,35,thin
162,45,thin
156,72,normal
138,62,normal
180,52,thin
184,64,fat
158,76,normal
182,35,thin
189,49,thin
157,74,normal
171,53,thin
181,48,thin
193,56,thin
175,75,fat
188,64,thin
136,49,normal
138,67,normal
123,54,normal
140,74,normal
143,75,normal
129,66,normal
160,53,fat
180,72,fat
145,42,fat
131,79,normal
184,58,thin
165,49,thin
151,52,fat
155,75,normal
121,70,normal
193,59,thin
164,51,fat
173,53,thin
173,64,fat
159,67,normal
178,64,fat
135,49,normal
194,38,thin
180,51,thin
142,67,normal
142,75,normal
165,69,normal
191,62,thin
164,54,fat
163,56,fat
173,53,thin
156,48,fat
177,60,fat
166,76,normal
158,72,normal
185,58,thin
179,42,thin
144,54,normal
145,72,normal
179,40,thin
194,55,thin
138,69,normal
194,67,thin
165,42,thin
122,57,normal
140,69,normal
123,55,normal
140,49,normal
138,42,fat
121,75,normal
160,49,fat
127,35,fat
133,72,normal
192,52,thin
130,76,normal
168,42,thin
172,70,fat
186,62,thin
195,64,thin
145,54,normal
176,70,fat
127,37,fat
172,74,normal
128,45,normal
183,67,fat
136,68,normal
133,79,normal
189,60,thin
148,51,fat
160,45,thin
137,78,normal
171,66,fat
140,38,fat
133,37,fat
198,76,fat
125,60,normal
179,76,fat
189,72,fat
195,47,thin
151,58,normal
183,80,fat
132,73,normal
150,38,thin
134,78,normal
141,60,normal
131,79,normal
175,70,fat
173,79,normal
184,62,thin
186,42,thin
147,71,normal
185,39,thin
139,62,normal
178,63,fat
132,41,fat
169,65,fat
188,68,fat
188,80,fat
128,51,normal
121,44,normal
150,61,normal
194,62,thin
138,61,normal
133,38,fat
158,58,fat
164,52,fat
130,50,normal
153,63,normal
187,76,fat
148,63,normal
133,62,normal
186,58,thin
150,40,thin
127,72,normal
144,61,normal
182,47,thin
151,68,normal
141,78,normal
178,58,thin
160,60,fat
166,46,thin
130,58,normal
180,62,fat
185,48,thin
176,56,thin
176,78,normal
131,44,normal
197,64,thin
135,75,normal
176,57,thin
151,80,normal
185,35,thin
151,61,normal
131,40,fat
199,63,thin
190,43,thin
180,79,fat
153,64,normal
178,77,fat
197,79,fat
155,47,fat
130,77,normal
121,71,normal
147,43,fat
161,65,normal
135,35,fat
174,64,fat
159,67,normal
152,80,normal
190,63,thin
150,65,normal
137,37,fat
125,40,normal
183,58,thin
176,79,normal
150,56,fat
148,42,fat
177,61,fat
159,42,thin
173,55,thin
200,51,thin
146,44,fat
132,71,normal
120,40,normal
139,40,fat
175,40,thin
149,61,normal
177,66,fat
186,37,thin
135,63,normal
138,39,fat
131,77,normal
183,77,fat
180,54,thin
122,49,normal
172,80,normal
170,79,normal
167,51,thin
133,62,normal
193,67,thin
142,59,normal
156,35,thin
175,38,thin
137,45,fat
170,58,fat
122,46,normal
170,56,fat
169,59,fat
174,45,thin
159,52,fat
146,72,normal
197,35,thin
180,46,thin
173,36,thin
134,39,fat
183,69,fat
155,75,normal
196,67,thin
130,45,normal
164,66,fat
187,39,thin
143,47,fat
183,57,thin
143,55,normal
197,80,fat
163,41,thin
167,47,thin
138,72,normal
180,78,fat
130,62,normal
130,53,normal
129,64,normal
157,55,fat
131,39,fat
174,70,fat
182,41,thin
195,69,thin
194,50,thin
146,38,thin
181,77,fat
151,63,normal
189,63,thin
134,42,fat
200,79,fat
165,69,normal
146,57,normal
145,42,fat
150,57,normal
148,67,normal
143,45,fat
157,49,fat
161,69,normal
125,71,normal
177,42,thin
181,62,fat
175,70,fat
137,59,normal
171,79,normal
162,68,normal
196,58,thin
123,69,normal
170,67,fat
193,71,fat
181,48,thin
190,56,thin
122,66,normal
170,61,fat
194,43,thin
120,76,normal
159,73,normal
155,78,normal
193,57,thin
145,49,fat
192,62,thin
144,44,fat
120,67,normal
145,54,normal
196,50,thin
167,55,fat
127,55,normal
167,40,thin
142,51,normal
193,66,thin
132,70,normal
169,49,thin
159,42,thin
152,53,fat
167,51,thin
127,64,normal
140,50,normal
186,58,thin
144,62,normal
198,43,thin
183,49,thin
133,68,normal
139,60,normal
127,56,normal
125,63,normal
130,69,normal
193,49,thin
133,67,normal
133,77,normal
186,63,thin
126,73,normal
137,65,normal
172,47,thin
186,44,thin
159,58,fat
171,57,fat
139,49,normal
161,71,normal
197,71,thin
166,73,normal
136,43,fat
172,66,fat
123,70,normal
169,77,normal
162,68,normal
169,52,thin
181,52,thin
194,35,thin
130,62,normal
196,68,thin
188,63,thin
127,52,normal
136,46,fat
197,75,fat
161,69,normal
127,68,normal
188,47,thin
148,61,normal
147,35,thin
122,45,normal
137,75,normal
154,43,thin
148,42,fat
183,75,fat
146,44,fat
134,48,normal
152,47,fat
185,50,thin
150,80,normal
160,43,thin
194,60,thin
163,66,fat
170,61,fat
122,40,normal
125,58,normal
165,59,fat
164,48,thin
174,35,thin
128,37,fat
197,75,fat
146,42,fat
129,77,normal
176,67,fat
161,69,normal
152,40,thin
147,42,fat
184,41,thin
197,53,thin
120,38,normal
189,44,thin
147,42,fat
157,58,fat
185,38,thin
135,36,fat
173,69,fat
167,75,normal
156,64,normal
157,48,fat
123,46,normal
146,70,normal
136,47,normal
138,59,normal
138,46,fat
133,72,normal
126,68,normal
144,71,normal
177,50,thin
140,42,fat
184,55,thin
180,56,thin
195,58,thin
139,54,normal
170,56,fat
200,54,thin
198,70,thin
177,67,fat
132,74,normal
166,71,normal
190,40,thin
188,61,thin
181,66,fat
185,80,fat
194,75,fat
183,41,thin
165,71,normal
171,80,normal
131,44,normal
140,68,normal
151,57,fat
185,62,thin
188,70,fat
139,73,normal
120,52,normal
147,59,normal
150,36,thin
170,52,thin
134,55,normal
153,68,normal
166,78,normal
145,61,normal
134,70,normal
131,41,fat
172,80,normal
147,50,fat
196,54,thin
123,57,normal
158,39,thin
192,62,thin
129,56,normal
143,69,normal
170,47,thin
141,60,normal
193,54,thin
139,75,normal
192,70,fat
165,51,fat
177,38,thin
180,78,fat
174,57,fat
132,76,normal
158,48,fat
165,36,thin
120,66,normal
135,36,fat
141,63,normal
177,41,thin
199,57,thin
133,64,normal
167,51,thin
155,48,fat
145,45,fat
146,68,normal
154,61,normal
188,46,thin
197,65,thin
169,51,thin
184,35,thin
178,45,thin
200,50,thin
136,50,normal
185,44,thin
170,47,thin
171,79,normal
132,49,normal
185,59,thin
192,54,thin
172,42,thin
134,66,normal
187,43,thin
152,47,fat
184,49,thin
133,55,normal
145,46,fat
161,67,normal
189,51,thin
159,68,normal
138,73,normal
166,39,thin
178,49,thin
120,37,normal
126,75,normal
152,74,normal
158,59,fat
172,69,fat
134,70,normal
153,38,thin
135,68,normal
135,40,fat
179,77,fat
190,69,fat
156,71,normal
122,69,normal
120,43,normal
124,64,normal
139,41,fat
199,43,thin
130,47,normal
199,53,thin
156,63,normal
128,60,normal
164,74,normal
155,78,normal
121,61,normal
135,73,normal
150,56,fat
158,62,fat
167,71,normal
194,57,thin
168,76,normal
183,51,thin
136,37,fat
196,46,thin
188,54,thin
139,50,normal
140,74,normal
169,56,fat
139,67,normal
130,45,normal
152,36,thin
133,41,fat
136,79,normal
127,48,normal
150,76,normal
174,43,thin
142,74,normal
127,63,normal
176,42,thin
193,57,thin
167,63,fat
196,69,thin
163,50,fat
182,67,fat
155,43,thin
136,72,normal
125,75,normal
168,63,fat
151,61,normal
169,75,normal
156,42,thin
179,52,thin
162,68,normal
120,63,normal
121,50,normal
125,65,normal
145,73,normal
161,80,normal
180,71,fat
191,74,fat
129,60,normal
180,36,thin
161,70,normal
123,42,normal
186,76,fat
185,43,thin
194,76,fat
185,46,thin
187,63,thin
148,60,normal
156,67,normal
198,40,thin
170,49,thin
162,69,normal
185,39,thin
172,38,thin
132,47,normal
194,47,thin
192,71,fat
197,59,thin
191,76,fat
161,37,thin
182,49,thin
187,51,thin
174,73,fat
129,37,fat
129,46,normal
151,67,normal
176,38,thin
130,44,normal
155,67,normal
178,68,fat
137,45,fat
154,50,fat
190,48,thin
189,73,fat
138,63,normal
179,79,fat
167,44,thin
129,54,normal
142,45,fat
187,55,thin
162,54,fat
124,60,normal
176,62,fat
195,79,fat
182,48,thin
180,67,fat
189,37,thin
150,40,thin
168,56,fat
127,67,normal
127,52,normal
140,72,normal
176,44,thin
169,44,thin
144,73,normal
135,68,normal
176,74,fat
183,57,thin
197,44,thin
192,71,fat
141,67,normal
138,77,normal
129,79,normal
185,57,thin
132,73,normal
159,41,thin
167,50,thin
165,43,thin
143,80,normal
168,69,fat
154,42,thin
142,71,normal
120,73,normal
187,70,fat
128,64,normal
183,39,thin
141,49,fat
162,73,normal
175,37,thin
145,35,thin
164,52,fat
122,68,normal
122,44,normal
172,54,thin
171,79,normal
181,66,fat
126,76,normal
191,52,thin
133,47,normal
200,53,thin
155,51,fat
194,76,fat
122,76,normal
133,74,normal
178,45,thin
186,56,thin
164,60,fat
154,54,fat
162,39,thin
141,73,normal
144,65,normal
147,79,normal
121,36,fat
179,66,fat
178,63,fat
163,54,fat
188,76,fat
128,58,normal
189,50,thin
156,60,fat
143,46,fat
130,44,normal
134,39,fat
179,51,thin
150,40,thin
137,74,normal
152,49,fat
137,42,fat
191,36,thin
153,79,normal
194,59,thin
146,41,fat
146,76,normal
196,53,thin
188,71,fat
140,62,normal
128,49,normal
177,72,fat
124,69,normal
190,67,fat
178,51,thin
125,54,normal
138,67,normal
128,75,normal
186,70,fat
177,53,thin
135,42,fat
155,80,normal
155,53,fat
198,54,thin
156,53,fat
153,47,fat
131,76,normal
153,72,normal
165,70,normal
172,59,fat
179,42,thin
149,69,normal
153,54,fat
182,75,fat
148,37,thin
140,72,normal
187,74,fat
138,75,normal
193,69,fat
135,64,normal
175,49,thin
172,73,fat
172,76,normal
178,64,fat
166,43,thin
194,40,thin
155,45,fat
159,44,thin
197,79,fat
121,52,normal
122,70,normal
181,60,thin
124,69,normal
174,63,fat
138,45,fat
145,77,normal
127,39,fat
158,74,normal
165,60,fat
141,35,thin
180,61,fat
158,63,normal
189,41,thin
141,46,fat
168,47,thin
168,44,thin
121,54,normal
133,53,normal
122,68,normal
136,78,normal
200,77,fat
192,49,thin
124,60,normal
139,80,normal
184,76,fat
178,75,fat
145,71,normal
171,58,fat
134,59,normal
186,54,thin
181,79,fat
195,73,fat
148,36,thin
139,75,normal
182,47,thin
136,35,fat
126,53,normal
159,42,thin
186,50,thin
125,42,normal
130,56,normal
167,74,normal
151,37,thin
133,72,normal
168,56,fat
140,73,normal
170,36,thin
137,79,normal
170,41,thin
186,61,thin
134,79,normal
129,72,normal
131,54,normal
158,77,normal
180,79,fat
167,50,thin
182,60,thin
162,37,thin
175,71,fat
168,50,thin
186,68,fat
137,59,normal
165,76,normal
126,62,normal
172,52,thin
162,46,thin
171,37,thin
126,35,fat
147,79,normal
136,76,normal
146,62,normal
198,74,fat
139,59,normal
200,56,thin
186,45,thin
182,40,thin
167,39,thin
174,74,fat
163,44,thin
171,59,fat
155,60,fat
182,78,fat
157,40,thin
151,66,normal
188,58,thin
173,77,normal
180,64,fat
122,62,normal
159,49,fat
131,49,normal
128,44,normal
185,38,thin
132,60,normal
152,63,normal
182,72,fat
146,42,fat
167,51,thin
190,61,thin
168,63,fat
152,68,normal
148,57,normal
166,79,normal
156,78,normal
194,39,thin
122,79,normal
167,68,fat
146,54,normal
158,44,thin
164,75,normal
191,63,thin
191,65,thin
129,48,normal
128,47,normal
149,77,normal
187,45,thin
150,73,normal
169,62,fat
162,54,fat
184,76,fat
157,79,normal
173,62,fat
157,79,normal
185,38,thin
124,67,normal
153,49,fat
168,66,fat
187,45,thin
191,72,fat
176,76,fat
164,59,fat
176,43,thin
174,46,thin
132,56,normal
156,52,fat
133,38,fat
125,39,fat
187,60,thin
151,42,thin
155,58,fat
148,67,normal
168,47,thin
183,45,thin
153,61,normal
190,56,thin
124,59,normal
184,44,thin
172,78,normal
135,63,normal
163,63,fat
148,69,normal
168,79,normal
145,60,normal
121,58,normal
198,47,thin
195,40,thin
150,41,thin
186,74,fat
148,45,fat
155,35,thin
123,66,normal
166,56,fat
123,54,normal
161,77,normal
194,56,thin
200,77,fat
200,47,thin
122,37,fat
135,72,normal
172,51,thin
180,60,fat
131,54,normal
192,47,thin
191,62,thin
180,76,fat
159,41,thin
169,78,normal
154,79,normal
195,65,thin
134,51,normal
171,50,thin
194,38,thin
197,36,thin
156,61,normal
183,54,thin
145,55,normal
130,63,normal
155,80,normal
160,51,fat
154,45,fat
166,57,fat
165,75,normal
146,68,normal
178,75,fat
138,49,normal
176,64,fat
178,60,fat
147,78,normal
127,72,normal
177,38,thin
183,55,thin
151,43,fat
160,40,thin
133,52,normal
188,61,thin
183,61,thin
150,59,normal
169,39,thin
129,73,normal
192,38,thin
173,71,fat
169,38,thin
133,49,normal
163,60,fat
186,75,fat
198,80,fat
156,78,normal
160,79,normal
146,44,fat
168,52,thin
194,37,thin
161,46,thin
173,73,fat
191,59,thin
124,68,normal
132,39,fat
130,64,normal
191,53,thin
130,76,normal
122,66,normal
174,42,thin
177,44,thin
183,64,fat
188,55,thin
152,49,fat
166,41,thin
127,36,fat
188,61,thin
199,70,thin
156,57,fat
122,55,normal
128,46,normal
167,75,normal
160,42,thin
153,46,fat
149,80,normal
199,59,thin
172,56,fat
143,59,normal
146,37,thin
190,62,thin
137,50,normal
159,72,normal
158,55,fat
178,57,thin
132,37,fat
156,46,fat
179,69,fat
192,59,thin
136,39,fat
140,51,normal
121,66,normal
185,64,fat
147,56,normal
194,76,fat
188,77,fat
129,38,fat
193,70,fat
187,44,thin
193,69,fat
199,76,fat
186,75,fat
161,39,thin
199,44,thin
170,45,thin
168,60,fat
192,53,thin
174,73,fat
197,57,thin
143,40,fat
167,69,fat
186,61,thin
121,69,normal
161,42,thin
140,76,normal
167,72,normal
122,46,normal
128,40,fat
131,58,normal
169,39,thin
191,66,thin
173,43,thin
142,77,normal
199,36,thin
189,35,thin
194,69,thin
168,76,normal
188,65,thin
162,66,normal
163,38,thin
162,69,normal
162,80,normal
187,42,thin
125,35,fat
147,43,fat
200,59,thin
169,39,thin
161,69,normal
187,69,fat
154,45,fat
194,71,fat
198,38,thin
185,78,fat
199,73,thin
143,66,normal
134,61,normal
193,46,thin
141,63,normal
197,50,thin
159,65,normal
139,78,normal
159,76,normal
163,47,thin
160,48,fat
166,68,fat
158,62,fat
132,38,fat
144,42,fat
174,53,thin
125,78,normal
170,56,fat
121,47,normal
122,77,normal
184,58,thin
191,77,fat
181,43,thin
190,57,thin
130,51,normal
186,74,fat
133,46,normal
170,39,thin
193,72,fat
158,43,thin
168,77,normal
188,54,thin
135,70,normal
190,48,thin
177,42,thin
197,48,thin
196,66,thin
185,60,thin
191,65,thin
173,80,normal
121,54,normal
170,39,thin
194,67,thin
135,62,normal
199,68,thin
121,63,normal
126,45,normal
135,41,fat
196,59,thin
121,65,normal
197,59,thin
194,36,thin
136,50,normal
187,45,thin
146,80,normal
140,53,normal
137,54,normal
148,52,fat
172,74,normal
186,70,fat
175,66,fat
161,46,thin
182,39,thin
121,75,normal
130,46,normal
153,36,thin
137,44,fat
150,45,fat
158,77,normal
163,42,thin
182,42,thin
126,72,normal
174,63,fat
135,75,normal
124,42,normal
125,44,normal
154,58,fat
161,59,fat
163,77,normal
173,76,normal
192,54,thin
122,42,normal
189,55,thin
199,38,thin
152,72,normal
165,59,fat
200,70,thin
150,47,fat
167,66,fat
135,46,normal
130,65,normal
199,40,thin
130,73,normal
161,53,fat
137,38,fat
192,51,thin
127,48,normal
150,63,normal
154,52,fat
149,74,normal
161,54,fat
123,73,normal
190,52,thin
140,36,thin
156,36,thin
147,50,fat
148,73,normal
184,80,fat
193,62,thin
150,72,normal
197,75,fat
162,78,normal
183,65,fat
147,45,fat
188,42,thin
144,49,fat
127,67,normal
131,37,fat
180,77,fat
131,40,fat
135,67,normal
128,53,normal
189,38,thin
172,61,fat
156,70,normal
189,66,thin
121,48,normal
149,69,normal
168,38,thin
137,48,normal
179,69,fat
197,55,thin
162,39,thin
120,74,normal
176,57,thin
160,36,thin
129,50,normal
178,51,thin
136,68,normal
135,65,normal
151,63,normal
163,52,fat
158,68,normal
156,70,normal
186,47,thin
140,70,normal
156,76,normal
132,39,fat
156,69,normal
134,75,normal
187,52,thin
200,71,thin
139,46,fat
182,69,fat
128,67,normal
190,55,thin
132,47,normal
125,73,normal
172,42,thin
138,51,normal
190,67,fat
173,41,thin
150,65,normal
176,74,fat
167,39,thin
149,56,normal
133,65,normal
180,43,thin
196,43,thin
146,60,normal
147,57,normal
127,80,normal
186,43,thin
141,48,fat
181,76,fat
178,64,fat
174,52,thin
180,80,fat
179,75,fat
154,67,normal
146,70,normal
148,47,fat
183,49,thin
129,48,normal
139,53,normal
178,61,fat
194,42,thin
176,57,thin
162,61,fat
132,59,normal
161,37,thin
164,80,normal
134,66,normal
134,68,normal
188,47,thin
181,61,fat
125,62,normal
156,46,fat
133,41,fat
191,56,thin
143,68,normal
194,63,thin
158,51,fat
130,49,normal
188,65,thin
139,75,normal
161,71,normal
171,74,normal
197,39,thin
178,48,thin
141,75,normal
148,55,normal
177,71,fat
141,38,fat
170,43,thin
164,76,normal
177,38,thin
192,65,thin
164,80,normal
199,61,thin
147,40,fat
148,77,normal
143,73,normal
161,46,thin
150,37,thin
198,56,thin
193,69,fat
159,78,normal
174,41,thin
188,74,fat
174,68,fat
159,74,normal
179,67,fat
195,67,thin
198,71,thin
198,58,thin
199,69,thin
189,74,fat
125,70,normal
164,62,fat
164,61,fat
182,66,fat
160,55,fat
170,60,fat
138,55,normal
149,48,fat
141,49,fat
122,79,normal
136,50,normal
128,64,normal
164,51,fat
135,77,normal
146,38,thin
199,62,thin
120,47,normal
170,52,thin
149,61,normal
135,42,fat
124,57,normal
140,54,normal
158,39,thin
196,72,fat
196,65,thin
122,58,normal
165,63,fat
187,76,fat
165,62,fat
159,77,normal
189,40,thin
156,48,fat
150,78,normal
123,70,normal
143,58,normal
174,75,fat
167,79,normal
187,77,fat
135,77,normal
161,36,thin
168,52,thin
156,38,thin
131,58,normal
160,61,fat
198,41,thin
177,45,thin
179,59,thin
170,37,thin
192,63,thin
193,55,thin
150,40,thin
138,37,fat
122,44,normal
155,77,normal
133,63,normal
196,41,thin
196,69,thin
149,54,fat
180,73,fat
183,48,thin
154,41,thin
191,79,fat
124,40,normal
154,38,thin
168,46,thin
127,77,normal
150,54,fat
176,61,fat
186,66,fat
172,44,thin
148,53,fat
153,63,normal
161,70,normal
147,45,fat
200,62,thin
143,38,fat
125,75,normal
155,65,normal
149,61,normal
195,62,thin
171,35,thin
154,68,normal
195,78,fat
130,46,normal
185,77,fat
125,39,fat
194,36,thin
144,54,normal
161,36,thin
171,79,normal
147,42,fat
121,54,normal
164,57,fat
187,69,fat
184,62,thin
171,69,fat
197,76,fat
176,65,fat
131,46,normal
144,79,normal
131,57,normal
174,78,normal
136,46,fat
171,37,thin
122,48,normal
148,50,fat
196,45,thin
126,55,normal
175,64,fat
166,35,thin
136,65,normal
179,46,thin
128,47,normal
165,51,fat
124,45,normal
170,80,normal
194,53,thin
193,55,thin
188,47,thin
122,79,normal
130,44,normal
128,60,normal
121,42,normal
124,72,normal
185,37,thin
162,39,thin
138,55,normal
149,60,normal
191,38,thin
137,62,normal
163,74,normal
125,78,normal
142,40,fat
144,67,normal
171,68,fat
168,46,thin
199,65,thin
191,57,thin
181,74,fat
158,77,normal
131,64,normal
188,62,thin
167,50,thin
174,61,fat
200,46,thin
174,38,thin
157,67,normal
171,77,normal
120,46,normal
136,40,fat
163,80,normal
126,62,normal
156,64,normal
122,43,normal
161,80,normal
121,49,normal
144,65,normal
195,37,thin
139,46,fat
182,75,fat
198,80,fat
160,79,normal
149,55,fat
164,56,fat
199,73,thin
165,74,normal
194,52,thin
199,77,fat
163,63,fat
129,77,normal
198,77,fat
181,75,fat
127,57,normal
143,50,fat
151,80,normal
136,79,normal
129,47,normal
150,35,thin
124,61,normal
168,41,thin
120,60,normal
159,69,normal
200,59,thin
126,60,normal
154,38,thin
148,76,normal
170,63,fat
191,79,fat
139,71,normal
185,51,thin
185,49,thin
194,36,thin
194,44,thin
182,69,fat
183,74,fat
182,68,fat
166,37,thin
199,40,thin
139,43,fat
138,53,normal
141,43,fat
142,66,normal
129,59,normal
149,52,fat
138,36,fat
156,70,normal
162,78,normal
148,79,normal
173,51,thin
159,38,thin
192,39,thin
167,57,fat
123,74,normal
170,54,fat
161,63,fat
146,74,normal
195,36,thin
187,55,thin
134,60,normal
182,50,thin
148,79,normal
122,43,normal
169,71,fat
200,35,thin
180,70,fat
180,61,fat
175,72,fat
121,35,fat
134,47,normal
190,35,thin
191,35,thin
182,54,thin
180,51,thin
187,46,thin
129,55,normal
169,58,fat
180,79,fat
135,79,normal
189,56,thin
171,51,thin
143,70,normal
140,48,fat
151,59,normal
173,47,thin
161,66,normal
198,74,fat
186,76,fat
162,55,fat
125,74,normal
200,73,thin
192,59,thin
184,59,thin
188,55,thin
169,80,normal
173,61,fat
184,58,thin
186,76,fat
165,78,normal
150,76,normal
148,77,normal
155,77,normal
127,36,fat
167,43,thin
199,40,thin
197,47,thin
120,61,normal
128,59,normal
139,45,fat
142,49,fat
134,55,normal
151,54,fat
150,53,fat
144,48,fat
129,59,normal
146,55,normal
131,56,normal
150,76,normal
189,35,thin
121,54,normal
137,69,normal
139,42,fat
180,36,thin
130,39,fat
185,67,fat
148,43,fat
148,38,thin
139,38,fat
144,78,normal
149,65,normal
137,69,normal
159,49,fat
190,46,thin
175,55,thin
132,67,normal
191,63,thin
141,59,normal
172,62,fat
129,76,normal
134,56,normal
146,53,fat
123,38,normal
144,38,thin
134,42,fat
137,54,normal
131,42,fat
179,48,thin
142,65,normal
152,62,normal
175,68,fat
179,76,fat
156,61,normal
186,74,fat
147,64,normal
129,50,normal
164,46,thin
170,37,thin
169,63,fat
184,43,thin
169,73,normal
174,75,fat
135,50,normal
155,75,normal
121,53,normal
182,71,fat
136,41,fat
134,48,normal
189,61,thin
176,40,thin
137,55,normal
174,57,fat
149,63,normal
177,77,fat
190,52,thin
183,41,thin
147,51,fat
163,60,fat
151,55,fat
147,52,fat
132,78,normal
176,38,thin
168,62,fat
193,39,thin
186,75,fat
171,42,thin
199,40,thin
198,75,fat
166,42,thin
145,64,normal
139,61,normal
199,64,thin
173,43,thin
175,72,fat
173,80,normal
187,46,thin
133,46,normal
198,74,fat
174,36,thin
173,36,thin
182,67,fat
157,54,fat
151,55,fat
163,35,thin
138,53,normal
198,67,thin
198,36,thin
200,79,fat
175,35,thin
171,40,thin
196,80,fat
196,59,thin
121,63,normal
161,63,fat
199,78,fat
165,51,fat
167,71,normal
192,41,thin
122,50,normal
173,79,normal
192,59,thin
177,73,fat
190,80,fat
189,79,fat
196,56,thin
197,43,thin
176,55,thin
166,75,normal
170,80,normal
190,59,thin
186,41,thin
175,74,fat
195,41,thin
163,73,normal
148,60,normal
173,45,thin
155,67,normal
132,72,normal
169,38,thin
142,80,normal
122,75,normal
164,41,thin
182,58,thin
125,79,normal
159,50,fat
129,77,normal
170,60,fat
186,80,fat
155,48,fat
131,56,normal
200,67,thin
198,70,thin
134,79,normal
194,64,thin
173,65,fat
167,78,normal
120,43,normal
164,58,fat
123,50,normal
172,78,normal
120,65,normal
192,63,thin
159,76,normal
186,70,fat
173,37,thin
200,36,thin
154,65,normal
159,41,thin
185,53,thin
135,51,normal
136,48,normal
198,63,thin
185,64,fat
150,44,fat
145,56,normal
146,70,normal
161,78,normal
194,59,thin
127,49,normal
155,42,thin
170,44,thin
162,51,fat
131,64,normal
147,53,fat
142,36,thin
130,72,normal
165,43,thin
158,70,normal
190,73,fat
154,58,fat
130,41,fat
136,80,normal
178,50,thin
149,80,normal
150,49,fat
124,67,normal
188,71,fat
165,75,normal
197,52,thin
137,65,normal
193,75,fat
160,43,thin
122,49,normal
200,44,thin
141,56,normal
170,69,fat
197,68,thin
166,68,fat
129,68,normal
182,49,thin
181,58,thin
162,53,fat
167,76,normal
151,73,normal
143,79,normal
193,55,thin
157,77,normal
181,43,thin
170,46,thin
166,52,fat
161,49,fat
125,65,normal
151,50,fat
159,68,normal
173,46,thin
188,50,thin
132,44,normal
124,44,normal
170,53,thin
169,56,fat
192,72,fat
128,44,normal
138,80,normal
186,66,fat
191,41,thin
177,62,fat
142,54,normal
176,35,thin
131,36,fat
158,59,fat
170,71,fat
131,68,normal
157,72,normal
200,68,thin
181,35,thin
142,40,fat
123,62,normal
154,46,fat
130,56,normal
196,38,thin
185,36,thin
127,64,normal
126,70,normal
151,52,fat
198,36,thin
129,35,fat
194,39,thin
142,41,fat
136,61,normal
147,77,normal
186,68,fat
158,47,fat
197,42,thin
141,80,normal
181,79,fat
193,48,thin
167,39,thin
126,55,normal
197,71,thin
153,71,normal
164,53,fat
177,57,thin
125,61,normal
146,72,normal
129,80,normal
122,65,normal
125,45,normal
125,55,normal
185,46,thin
188,42,thin
159,75,normal
160,51,fat
181,39,thin
121,38,normal
159,74,normal
121,53,normal
149,46,fat
172,73,fat
153,41,thin
135,61,normal
155,44,thin
121,53,normal
169,69,fat
197,60,thin
141,68,normal
138,37,fat
182,49,thin
125,62,normal
183,38,thin
188,63,thin
132,52,normal
151,43,fat
121,71,normal
178,54,thin
195,58,thin
192,78,fat
182,76,fat
172,61,fat
157,42,thin
196,52,thin
177,80,normal
150,37,thin
197,61,thin
174,70,fat
143,40,fat
133,36,fat
151,80,normal
186,53,thin
137,51,normal
145,57,normal
128,52,normal
167,43,thin
161,56,fat
166,75,normal
184,63,fat
122,41,normal
129,44,normal
132,55,normal
200,65,thin
156,67,normal
186,48,thin
161,40,thin
137,73,normal
157,37,thin
157,68,normal
170,55,fat
161,64,fat
155,74,normal
137,53,normal
190,74,fat
182,35,thin
143,35,thin
175,75,fat
173,43,thin
200,57,thin
194,63,thin
129,78,normal
142,78,normal
200,42,thin
139,42,fat
164,73,normal
181,38,thin
170,60,fat
140,66,normal
120,79,normal
140,62,normal
183,58,thin
178,47,thin
177,69,fat
134,70,normal
160,54,fat
165,53,fat
164,79,normal
160,69,normal
129,51,normal
143,54,normal
135,71,normal
163,71,normal
196,42,thin
163,70,normal
126,62,normal
141,67,normal
121,76,normal
149,80,normal
166,79,normal
128,70,normal
199,49,thin
198,69,thin
183,79,fat
137,51,normal
196,78,fat
179,61,fat
180,45,thin
162,62,fat
181,75,fat
172,76,normal
175,80,normal
146,36,thin
165,41,thin
177,65,fat
137,48,normal
179,48,thin
180,58,thin
157,76,normal
150,77,normal
174,51,thin
139,78,normal
172,52,thin
160,41,thin
170,62,fat
150,49,fat
169,42,thin
148,59,normal
165,77,normal
181,43,thin
143,63,normal
155,50,fat
129,63,normal
165,40,thin
159,62,fat
158,62,fat
137,67,normal
144,55,normal
155,39,thin
137,69,normal
183,42,thin
152,45,fat
179,38,thin
147,76,normal
179,51,thin
199,42,thin
185,40,thin
184,65,fat
141,57,normal
181,65,fat
137,70,normal
160,52,fat
152,71,normal
166,53,fat
144,64,normal
168,65,fat
150,37,thin
125,54,normal
184,68,fat
165,66,fat
150,75,normal
120,40,normal
179,71,fat
132,66,normal
193,53,thin
173,65,fat
122,51,normal
135,74,normal
187,61,thin
124,59,normal
145,37,thin
187,51,thin
168,43,thin
176,64,fat
144,43,fat
178,55,thin
123,50,normal
124,71,normal
129,69,normal
150,76,normal
174,52,thin
158,38,thin
129,76,normal
176,66,fat
121,65,normal
121,70,normal
127,47,normal
175,45,thin
124,60,normal
157,73,normal
136,57,normal
160,36,thin
173,66,fat
169,66,fat
193,79,fat
133,78,normal
144,36,thin
163,37,thin
188,78,fat
191,77,fat
173,42,thin
173,70,fat
148,64,normal
151,45,fat
142,78,normal
196,53,thin
172,50,thin
125,49,normal
146,57,normal
132,50,normal
162,42,thin
190,48,thin
144,57,normal
193,65,thin
191,67,thin
145,39,fat
158,67,normal
134,35,fat
169,78,normal
165,46,thin
179,66,fat
130,51,normal
128,45,normal
134,62,normal
180,58,thin
123,53,normal
178,49,thin
192,42,thin
180,66,fat
122,44,normal
198,51,thin
192,36,thin
170,56,fat
172,69,fat
183,62,fat
190,42,thin
129,42,normal
152,55,fat
164,41,thin
170,71,fat
176,54,thin
156,53,fat
177,63,fat
182,57,thin
184,67,fat
196,74,fat
164,67,fat
124,63,normal
134,48,normal
156,53,fat
180,59,thin
145,53,normal
126,43,normal
135,65,normal
180,65,fat
191,46,thin
194,41,thin
147,72,normal
133,79,normal
136,45,fat
196,42,thin
186,80,fat
159,36,thin
170,36,thin
139,57,normal
120,37,normal
142,73,normal
191,46,thin
155,67,normal
161,55,fat
168,43,thin
156,35,thin
166,49,thin
135,54,normal
188,47,thin
159,37,thin
161,65,normal
185,74,fat
200,64,thin
159,62,fat
121,79,normal
170,54,fat
189,43,thin
146,41,fat
157,37,thin
130,50,normal
152,67,normal
130,51,normal
144,40,fat
153,40,thin
185,68,fat
143,43,fat
198,52,thin
178,43,thin
191,73,fat
142,58,normal
156,37,thin
140,49,normal
192,50,thin
132,55,normal
162,54,fat
174,74,fat
160,70,normal
158,70,normal
179,38,thin
196,80,fat
131,59,normal
136,55,normal
165,50,thin
191,57,thin
176,79,normal
196,62,thin
150,53,fat
134,79,normal
161,75,normal
193,64,thin
124,64,normal
169,59,fat
143,49,fat
195,77,fat
178,37,thin
122,58,normal
181,57,thin
149,55,fat
140,55,normal
180,43,thin
163,72,normal
122,35,fat
145,39,fat
198,45,thin
154,50,fat
186,57,thin
164,56,fat
156,50,fat
138,43,fat
136,50,normal
153,78,normal
182,58,thin
125,44,normal
176,38,thin
145,65,normal
168,54,fat
186,39,thin
136,44,fat
184,69,fat
120,71,normal
173,52,thin
171,36,thin
134,43,fat
130,55,normal
124,60,normal
153,45,fat
182,56,thin
176,45,thin
180,44,thin
162,63,fat
158,71,normal
197,48,thin
192,72,fat
191,49,thin
198,75,fat
162,40,thin
163,53,fat
194,70,fat
168,74,normal
175,41,thin
191,68,fat
133,46,normal
188,39,thin
128,67,normal
176,35,thin
120,55,normal
183,77,fat
184,72,fat
135,66,normal
171,37,thin
172,74,normal
132,48,normal
164,56,fat
180,52,thin
185,58,thin
149,45,fat
177,65,fat
157,37,thin
165,68,fat
147,66,normal
161,65,normal
137,68,normal
120,59,normal
135,65,normal
157,76,normal
147,47,fat
141,62,normal
128,69,normal
163,71,normal
160,65,normal
154,44,fat
164,59,fat
195,44,thin
181,77,fat
161,53,fat
182,41,thin
152,71,normal
164,70,normal
137,65,normal
200,59,thin
196,45,thin
120,66,normal
142,64,normal
164,63,fat
187,45,thin
199,47,thin
199,78,fat
179,70,fat
138,58,normal
144,64,normal
172,69,fat
123,69,normal
157,58,fat
153,71,normal
131,46,normal
179,77,fat
170,80,normal
169,60,fat
157,39,thin
129,49,normal
179,36,thin
126,75,normal
159,71,normal
176,36,thin
159,37,thin
174,45,thin
164,77,normal
160,36,thin
142,53,normal
132,77,normal
151,80,normal
134,69,normal
164,43,thin
139,48,fat
175,70,fat
173,44,thin
193,63,thin
187,41,thin
176,56,thin
159,49,fat
184,60,thin
194,40,thin
182,79,fat
186,79,fat
164,58,fat
164,52,fat
151,53,fat
144,44,fat
175,71,fat
156,44,thin
138,47,fat
177,46,thin
158,37,thin
125,73,normal
186,36,thin
173,70,fat
181,52,thin
136,61,normal
161,63,fat
192,72,fat
166,45,thin
181,71,fat
183,73,fat
190,40,thin
138,38,fat
149,69,normal
161,37,thin
169,36,thin
137,68,normal
174,45,thin
123,69,normal
194,68,thin
149,61,normal
182,58,thin
166,42,thin
178,66,fat
126,58,normal
149,39,thin
155,41,thin
141,75,normal
191,74,fat
175,39,thin
162,72,normal
189,60,thin
190,35,thin
147,48,fat
194,72,fat
132,66,normal
169,50,thin
180,52,thin
191,68,fat
199,65,thin
154,75,normal
179,49,thin
137,42,fat
144,76,normal
194,65,thin
124,43,normal
147,72,normal
125,78,normal
140,71,normal
199,35,thin
126,49,normal
175,39,thin
127,38,fat
168,74,normal
167,63,fat
149,63,normal
193,79,fat
183,63,fat
148,46,fat
159,78,normal
172,55,fat
172,77,normal
159,66,normal
164,64,fat
178,69,fat
185,76,fat
150,51,fat
199,46,thin
198,48,thin
142,59,normal
135,76,normal
164,41,thin
197,40,thin
183,69,fat
166,42,thin
182,66,fat
178,57,thin
181,35,thin
140,60,normal
126,79,normal
187,65,fat
129,61,normal
125,63,normal
139,48,fat
153,70,normal
133,56,normal
178,71,fat
157,46,fat
154,42,thin
196,43,thin
155,75,normal
186,49,thin
128,39,fat
153,57,fat
132,68,normal
171,37,thin
137,63,normal
137,41,fat
197,73,fat
175,80,normal
137,39,fat
160,67,normal
170,37,thin
126,52,normal
138,66,normal
181,45,thin
173,57,fat
178,63,fat
148,56,normal
190,77,fat
137,52,normal
159,52,fat
132,64,normal
136,67,normal
138,60,normal
159,58,fat
194,57,thin
142,40,fat
193,71,fat
133,43,fat
180,62,fat
159,76,normal
133,79,normal
135,45,fat
154,79,normal
176,75,fat
130,40,fat
171,77,normal
199,56,thin
126,80,normal
172,36,thin
158,76,normal
121,80,normal
164,52,fat
186,80,fat
131,71,normal
178,38,thin
161,45,thin
168,47,thin
159,73,normal
150,51,fat
171,76,normal
178,61,fat
145,45,fat
120,55,normal
165,53,fat
121,56,normal
150,44,fat
171,75,normal
183,71,fat
197,69,thin
180,43,thin
167,41,thin
159,61,fat
154,40,thin
157,61,fat
171,69,fat
136,75,normal
154,72,normal
177,67,fat
121,77,normal
190,58,thin
128,37,fat
121,59,normal
158,53,fat
140,78,normal
166,74,normal
178,69,fat
162,76,normal
197,44,thin
124,75,normal
148,39,thin
160,56,fat
165,38,thin
125,59,normal
189,35,thin
162,38,thin
163,36,thin
158,62,fat
168,45,thin
154,46,fat
155,76,normal
197,43,thin
193,67,thin
188,44,thin
146,71,normal
195,36,thin
172,38,thin
132,75,normal
182,80,fat
157,46,fat
124,73,normal
154,49,fat
173,45,thin
166,58,fat
159,42,thin
180,77,fat
148,35,thin
138,37,fat
143,77,normal
189,50,thin
168,37,thin
162,75,normal
155,66,normal
149,43,fat
142,43,fat
131,44,normal
173,75,normal
155,45,fat
132,39,fat
149,75,normal
120,54,normal
177,70,fat
125,76,normal
125,45,normal
121,42,normal
133,73,normal
150,45,fat
170,57,fat
158,40,thin
183,49,thin
133,64,normal
146,70,normal
175,59,fat
143,66,normal
200,66,thin
151,42,thin
199,37,thin
188,77,fat
156,59,fat
163,63,fat
164,64,fat
129,62,normal
172,38,thin
151,49,fat
165,44,thin
160,69,normal
128,67,normal
141,72,normal
139,40,fat
120,63,normal
168,75,normal
152,42,thin
143,74,normal
131,37,fat
125,65,normal
190,62,thin
157,36,thin
190,43,thin
156,70,normal
159,38,thin
178,68,fat
183,75,fat
129,49,normal
145,63,normal
121,55,normal
139,59,normal
182,65,fat
152,64,normal
159,37,thin
162,66,normal
193,35,thin
156,49,fat
144,43,fat
129,75,normal
130,73,normal
200,43,thin
157,39,thin
139,78,normal
163,52,fat
181,75,fat
185,39,thin
198,68,thin
145,75,normal
142,67,normal
199,73,thin
126,71,normal
171,41,thin
133,52,normal
160,56,fat
138,58,normal
193,50,thin
163,65,fat
162,61,fat
198,47,thin
131,74,normal
151,46,fat
172,76,normal
164,64,fat
175,70,fat
128,56,normal
160,78,normal
190,46,thin
164,77,normal
172,62,fat
180,39,thin
187,58,thin
139,56,normal
187,46,thin
130,70,normal
142,59,normal
120,69,normal
164,57,fat
196,50,thin
160,62,fat
150,53,fat
131,61,normal
129,48,normal
193,35,thin
182,78,fat
187,45,thin
123,69,normal
198,47,thin
120,64,normal
180,54,thin
197,46,thin
131,48,normal
175,72,fat
136,42,fat
129,53,normal
146,80,normal
184,50,thin
127,74,normal
153,62,normal
151,73,normal
148,64,normal
175,59,fat
138,57,normal
193,70,fat
179,69,fat
159,55,fat
180,54,thin
163,57,fat
125,68,normal
123,48,normal
198,69,thin
143,79,normal
196,75,fat
169,71,fat
165,44,thin
120,37,normal
158,65,normal
167,36,thin
199,55,thin
172,57,fat
123,64,normal
150,57,normal
130,78,normal
151,54,fat
173,37,thin
143,75,normal
125,68,normal
128,35,fat
134,37,fat
172,60,fat
185,69,fat
195,59,thin
137,80,normal
156,65,normal
154,60,normal
166,75,normal
178,74,fat
121,56,normal
196,54,thin
143,39,fat
190,37,thin
131,75,normal
144,79,normal
195,47,thin
123,41,normal
153,45,fat
188,75,fat
158,38,thin
134,36,fat
150,45,fat
200,71,thin
171,45,thin
156,56,fat
134,38,fat
145,70,normal
172,63,fat
168,45,thin
171,72,fat
138,76,normal
140,54,normal
125,54,normal
137,43,fat
175,38,thin
187,44,thin
180,66,fat
195,71,fat
173,43,thin
128,52,normal
180,54,thin
128,72,normal
121,59,normal
120,66,normal
175,42,thin
189,77,fat
136,39,fat
147,78,normal
171,38,thin
156,35,thin
199,52,thin
179,59,thin
158,47,fat
148,40,thin
126,35,fat
132,57,normal
195,73,fat
198,38,thin
133,68,normal
179,68,fat
197,58,thin
195,52,thin
171,35,thin
126,46,normal
178,47,thin
151,71,normal
132,55,normal
176,77,fat
180,49,thin
141,70,normal
186,72,fat
165,36,thin
126,45,normal
147,54,fat
135,66,normal
180,47,thin
147,59,normal
168,80,normal
157,59,fat
129,79,normal
161,39,thin
181,73,fat
124,64,normal
191,50,thin
162,68,normal
195,72,fat
131,65,normal
184,38,thin
157,42,thin
153,73,normal
170,52,thin
197,59,thin
190,44,thin
172,49,thin
165,72,normal
124,62,normal
133,39,fat
167,65,fat
163,74,normal
144,55,normal
134,36,fat
160,42,thin
170,69,fat
197,47,thin
154,59,fat
186,75,fat
137,80,normal
125,73,normal
162,66,normal
190,39,thin
157,72,normal
156,75,normal
190,55,thin
169,80,normal
168,49,thin
190,76,fat
167,76,normal
146,36,thin
161,60,fat
179,51,thin
166,63,fat
185,37,thin
192,56,thin
158,80,normal
196,48,thin
135,37,fat
156,46,fat
188,50,thin
146,65,normal
169,79,normal
172,47,thin
153,76,normal
124,53,normal
162,58,fat
161,53,fat
131,76,normal
150,53,fat
189,63,thin
192,51,thin
132,39,fat
194,38,thin
138,54,normal
172,80,normal
171,75,normal
193,62,thin
150,76,normal
184,77,fat
134,75,normal
184,78,fat
169,76,normal
120,78,normal
200,74,fat
157,78,normal
151,38,thin
177,62,fat
191,80,fat
138,74,normal
152,56,fat
177,57,thin
140,80,normal
154,52,fat
121,43,normal
148,56,normal
193,68,thin
186,39,thin
187,50,thin
128,55,normal
166,44,thin
168,69,fat
163,53,fat
187,51,thin
143,49,fat
190,62,thin
127,55,normal
190,73,fat
141,52,normal
146,59,normal
183,71,fat
156,80,normal
130,59,normal
191,66,thin
175,73,fat
176,48,thin
140,41,fat
177,71,fat
196,75,fat
172,67,fat
183,75,fat
150,40,thin
120,46,normal
199,51,thin
155,79,normal
136,73,normal
140,61,normal
155,59,fat
131,59,normal
156,62,normal
170,63,fat
180,48,thin
177,57,thin
156,77,normal
193,62,thin
127,58,normal
193,63,thin
194,70,fat
172,65,fat
143,45,fat
168,76,normal
142,75,normal
123,58,normal
148,64,normal
131,61,normal
198,76,fat
159,67,normal
128,42,normal
146,71,normal
152,75,normal
127,48,normal
155,37,thin
152,41,thin
141,42,fat
144,53,normal
146,44,fat
152,71,normal
182,48,thin
133,41,fat
140,55,normal
195,45,thin
150,73,normal
149,57,normal
158,60,fat
172,69,fat
167,71,normal
159,37,thin
193,62,thin
124,57,normal
143,58,normal
169,51,thin
151,45,fat
147,80,normal
155,64,normal
129,42,normal
137,54,normal
152,59,normal
167,46,thin
146,68,normal
161,80,normal
193,72,fat
157,73,normal
140,78,normal
168,40,thin
143,57,normal
170,74,normal
196,65,thin
177,40,thin
159,38,thin
168,67,fat
126,55,normal
144,48,fat
122,77,normal
126,48,normal
154,44,fat
128,78,normal
182,68,fat
189,73,fat
191,47,thin
149,55,fat
178,72,fat
199,49,thin
143,50,fat
129,44,normal
191,67,thin
161,66,normal
126,67,normal
197,39,thin
189,71,fat
168,47,thin
158,70,normal
181,62,fat
158,63,normal
193,79,fat
183,49,thin
178,37,thin
198,36,thin
189,51,thin
145,72,normal
163,36,thin
128,75,normal
134,41,fat
176,39,thin
137,52,normal
181,46,thin
151,50,fat
149,54,fat
166,73,normal
195,67,thin
198,79,fat
137,75,normal
169,63,fat
197,64,thin
182,52,thin
124,60,normal
126,74,normal
137,46,fat
177,56,thin
156,36,thin
180,76,fat
123,69,normal
174,44,thin
174,54,thin
170,77,normal
121,60,normal
123,49,normal
178,76,fat
170,54,fat
162,41,thin
122,52,normal
175,43,thin
131,50,normal
123,65,normal
194,45,thin
136,35,fat
166,62,fat
168,55,fat
192,71,fat
141,76,normal
141,77,normal
179,59,thin
186,39,thin
128,43,normal
133,64,normal
177,46,thin
154,68,normal
163,43,thin
141,66,normal
144,42,fat
124,47,normal
126,74,normal
172,74,normal
177,37,thin
153,55,fat
175,37,thin
191,57,thin
123,53,normal
190,53,thin
157,36,thin
163,55,fat
170,68,fat
183,69,fat
145,39,fat
174,59,fat
188,64,thin
134,58,normal
158,36,thin
196,48,thin
139,64,normal
141,47,fat
181,35,thin
199,52,thin
149,56,normal
135,63,normal
186,63,thin
154,63,normal
197,55,thin
169,49,thin
144,61,normal
152,52,fat
168,77,normal
150,62,normal
192,76,fat
130,36,fat
135,49,normal
149,56,normal
122,80,normal
140,36,thin
154,57,fat
137,44,fat
152,50,fat
141,41,fat
184,45,thin
174,43,thin
171,69,fat
171,77,normal
193,51,thin
165,47,thin
194,54,thin
175,69,fat
143,43,fat
142,78,normal
121,47,normal
166,68,fat
126,41,normal
174,69,fat
133,57,normal
184,76,fat
155,52,fat
191,74,fat
166,66,fat
132,59,normal
186,58,thin
155,35,thin
143,53,normal
156,37,thin
149,55,fat
153,69,normal
173,58,fat
183,35,thin
171,48,thin
128,79,normal
162,58,fat
132,75,normal
171,45,thin
156,80,normal
154,39,thin
198,38,thin
120,40,normal
132,53,normal
159,54,fat
149,68,normal
136,78,normal
165,35,thin
189,36,thin
199,52,thin
128,50,normal
146,73,normal
131,55,normal
182,49,thin
123,62,normal
154,76,normal
186,41,thin
161,49,fat
197,49,thin
140,65,normal
123,46,normal
168,63,fat
143,66,normal
142,76,normal
160,46,thin
182,66,fat
130,78,normal
170,59,fat
171,74,normal
138,75,normal
182,79,fat
135,74,normal
198,70,thin
120,74,normal
139,78,normal
157,70,normal
198,54,thin
147,52,fat
134,51,normal
132,47,normal
171,70,fat
181,59,thin
170,38,thin
173,64,fat
152,36,thin
136,75,normal
168,43,thin
169,37,thin
173,59,fat
165,45,thin
123,50,normal
137,53,normal
188,37,thin
185,77,fat
160,44,thin
180,53,thin
184,47,thin
173,41,thin
121,79,normal
136,62,normal
179,39,thin
155,61,normal
127,77,normal
184,73,fat
168,72,normal
159,38,thin
197,40,thin
155,42,thin
184,49,thin
136,48,normal
167,74,normal
153,78,normal
159,39,thin
194,53,thin
193,76,fat
151,49,fat
124,63,normal
137,42,fat
162,64,fat
133,43,fat
130,69,normal
159,35,thin
198,79,fat
132,53,normal
120,48,normal
150,49,fat
170,66,fat
171,44,thin
136,54,normal
153,76,normal
134,60,normal
120,45,normal
120,77,normal
160,54,fat
181,43,thin
181,43,thin
156,71,normal
190,62,thin
169,49,thin
123,39,normal
130,44,normal
192,63,thin
199,64,thin
153,63,normal
182,59,thin
146,61,normal
175,76,fat
128,40,fat
193,46,thin
163,40,thin
167,61,fat
172,64,fat
161,53,fat
173,80,normal
194,77,fat
153,42,thin
123,72,normal
193,65,thin
145,56,normal
170,76,normal
169,43,thin
132,69,normal
174,76,normal
184,44,thin
149,56,normal
172,79,normal
163,75,normal
142,46,fat
139,59,normal
168,42,thin
196,51,thin
176,75,fat
167,73,normal
192,68,thin
167,79,normal
169,40,thin
144,72,normal
190,74,fat
191,76,fat
171,48,thin
136,53,normal
188,58,thin
130,73,normal
125,74,normal
197,38,thin
143,74,normal
175,48,thin
182,51,thin
124,45,normal
132,37,fat
199,51,thin
195,37,thin
134,74,normal
186,66,fat
151,37,thin
157,46,fat
174,36,thin
177,45,thin
177,54,thin
164,59,fat
178,60,fat
189,65,thin
167,59,fat
133,69,normal
135,40,fat
147,69,normal
152,74,normal
191,74,fat
166,64,fat
170,76,normal
150,73,normal
189,69,fat
182,45,thin
179,60,fat
167,72,normal
156,67,normal
173,77,normal
185,78,fat
166,70,normal
127,75,normal
167,41,thin
189,53,thin
161,61,fat
146,77,normal
138,60,normal
194,35,thin
176,73,fat
171,51,thin
142,43,fat
147,79,normal
175,39,thin
151,46,fat
149,69,normal
137,77,normal
186,42,thin
188,75,fat
166,75,normal
173,46,thin
157,63,normal
175,60,fat
165,62,fat
133,76,normal
123,65,normal
154,55,fat
153,51,fat
169,53,fat
144,80,normal
194,41,thin
185,60,thin
171,61,fat
177,48,thin
120,64,normal
133,40,fat
175,63,fat
128,45,normal
155,53,fat
183,37,thin
182,57,thin
152,67,normal
138,67,normal
171,61,fat
145,35,thin
146,79,normal
140,45,fat
173,67,fat
188,49,thin
146,62,normal
134,79,normal
157,49,fat
189,53,thin
145,74,normal
145,66,normal
166,35,thin
169,55,fat
184,44,thin
190,51,thin
135,60,normal
138,49,normal
162,57,fat
154,80,normal
138,40,fat
125,51,normal
148,80,normal
163,70,normal
153,65,normal
175,36,thin
159,54,fat
183,40,thin
186,70,fat
191,36,thin
166,45,thin
125,58,normal
143,50,fat
122,68,normal
171,42,thin
200,47,thin
200,57,thin
120,62,normal
134,45,normal
122,64,normal
151,70,normal
197,36,thin
146,37,thin
130,73,normal
184,58,thin
167,77,normal
199,51,thin
123,76,normal
175,44,thin
178,47,thin
175,36,thin
123,37,fat
132,60,normal
175,75,fat
166,62,fat
146,62,normal
183,62,fat
187,54,thin
156,63,normal
149,79,normal
177,57,thin
133,48,normal
168,79,normal
122,67,normal
125,52,normal
183,52,thin
160,55,fat
200,80,fat
160,76,normal
190,72,fat
149,39,thin
162,61,fat
170,70,fat
137,73,normal
148,65,normal
169,57,fat
168,54,fat
175,69,fat
153,46,fat
156,76,normal
190,39,thin
153,54,fat
147,73,normal
183,74,fat
175,64,fat
180,55,thin
162,70,normal
190,64,thin
157,40,thin
137,76,normal
181,42,thin
181,42,thin
143,79,normal
140,52,normal
195,48,thin
170,56,fat
171,35,thin
162,50,fat
157,43,thin
184,50,thin
192,48,thin
123,66,normal
136,64,normal
173,74,fat
151,68,normal
196,39,thin
166,59,fat
149,78,normal
139,69,normal
154,40,thin
181,61,fat
162,42,thin
137,65,normal
153,74,normal
197,35,thin
170,78,normal
186,49,thin
171,62,fat
156,53,fat
188,38,thin
159,65,normal
197,43,thin
124,75,normal
153,51,fat
139,49,normal
125,75,normal
170,39,thin
157,38,thin
148,66,normal
194,59,thin
178,72,fat
142,37,thin
124,35,fat
192,77,fat
185,43,thin
190,75,fat
182,45,thin
173,55,thin
139,67,normal
146,44,fat
176,76,fat
174,70,fat
147,62,normal
150,47,fat
196,61,thin
122,52,normal
181,57,thin
180,61,fat
124,38,fat
156,41,thin
192,50,thin
174,74,fat
120,65,normal
148,55,normal
180,49,thin
133,72,normal
181,56,thin
170,75,normal
196,35,thin
154,71,normal
128,44,normal
125,37,fat
161,43,thin
163,43,thin
127,64,normal
183,73,fat
185,45,thin
142,64,normal
127,53,normal
148,49,fat
130,43,normal
190,78,fat
147,50,fat
192,75,fat
199,64,thin
155,65,normal
159,47,fat
151,65,normal
158,61,fat
151,62,normal
150,60,normal
136,52,normal
178,73,fat
192,63,thin
198,43,thin
198,61,thin
140,51,normal
188,58,thin
164,76,normal
144,66,normal
128,51,normal
180,79,fat
165,65,fat
200,65,thin
149,37,thin
198,79,fat
187,65,fat
196,60,thin
161,39,thin
155,36,thin
176,38,thin
121,53,normal
129,68,normal
139,49,normal
153,36,thin
126,55,normal
165,50,thin
124,62,normal
120,37,normal
121,47,normal
125,51,normal
139,36,fat
182,58,thin
187,75,fat
148,51,fat
131,42,fat
138,52,normal
184,63,fat
197,79,fat
182,54,thin
135,44,fat
158,47,fat
158,66,normal
161,73,normal
184,41,thin
145,40,fat
171,58,fat
129,74,normal
182,50,thin
182,78,fat
139,46,fat
125,66,normal
122,50,normal
144,74,normal
120,72,normal
156,79,normal
135,48,normal
134,59,normal
126,45,normal
159,70,normal
129,60,normal
140,48,fat
140,37,fat
166,44,thin
124,42,normal
178,73,fat
146,62,normal
171,55,fat
160,41,thin
156,69,normal
179,36,thin
162,47,thin
165,57,fat
181,61,fat
152,42,thin
182,71,fat
158,65,normal
125,52,normal
193,47,thin
187,66,fat
188,58,thin
157,72,normal
163,47,thin
186,44,thin
131,48,normal
155,80,normal
127,46,normal
162,51,fat
137,38,fat
147,46,fat
133,51,normal
191,60,thin
154,43,thin
138,76,normal
120,37,normal
128,68,normal
134,44,fat
153,72,normal
197,69,thin
131,78,normal
191,68,fat
181,43,thin
154,35,thin
178,49,thin
169,78,normal
126,64,normal
176,60,fat
173,65,fat
164,75,normal
194,57,thin
154,62,normal
188,37,thin
198,39,thin
179,52,thin
128,71,normal
124,48,normal
131,55,normal
123,73,normal
195,71,fat
120,47,normal
171,47,thin
169,40,thin
200,62,thin
131,70,normal
135,35,fat
149,66,normal
166,76,normal
148,40,thin
130,76,normal
193,45,thin
187,39,thin
144,49,fat
195,68,thin
200,58,thin
122,59,normal
173,67,fat
145,68,normal
125,60,normal
179,79,fat
196,71,thin
174,50,thin
152,36,thin
189,67,fat
135,58,normal
198,65,thin
140,71,normal
181,72,fat
151,49,fat
124,68,normal
123,53,normal
140,56,normal
131,57,normal
122,72,normal
198,61,thin
168,47,thin
175,59,fat
152,62,normal
170,60,fat
197,40,thin
198,40,thin
122,79,normal
129,41,fat
171,35,thin
132,36,fat
193,45,thin
127,37,fat
188,63,thin
185,46,thin
124,43,normal
175,75,fat
136,58,normal
136,43,fat
179,70,fat
149,44,fat
151,59,normal
158,69,normal
126,74,normal
176,70,fat
124,59,normal
132,59,normal
172,63,fat
183,57,thin
180,67,fat
148,45,fat
191,53,thin
151,74,normal
162,73,normal
157,80,normal
124,69,normal
200,74,fat
173,45,thin
176,70,fat
155,40,thin
172,76,normal
176,50,thin
139,48,fat
124,73,normal
174,67,fat
128,46,normal
139,78,normal
139,71,normal
195,70,thin
148,59,normal
135,54,normal
178,54,thin
156,40,thin
184,53,thin
161,54,fat
125,72,normal
151,61,normal
137,53,normal
175,48,thin
131,73,normal
160,69,normal
132,78,normal
129,40,fat
158,47,fat
151,35,thin
136,41,fat
136,78,normal
179,76,fat
156,61,normal
178,39,thin
162,77,normal
139,67,normal
184,44,thin
150,64,normal
168,44,thin
151,52,fat
168,46,thin
179,43,thin
126,56,normal
161,73,normal
161,42,thin
175,66,fat
173,42,thin
199,78,fat
198,41,thin
134,51,normal
136,63,normal
148,46,fat
174,70,fat
145,69,normal
196,53,thin
125,65,normal
127,72,normal
163,69,normal
153,47,fat
126,77,normal
150,43,fat
162,54,fat
154,52,fat
182,60,thin
157,37,thin
200,71,thin
183,74,fat
168,62,fat
175,71,fat
158,41,thin
171,56,fat
171,63,fat
196,42,thin
166,67,fat
195,55,thin
137,80,normal
186,59,thin
134,70,normal
188,58,thin
197,35,thin
136,61,normal
125,73,normal
188,60,thin
138,41,fat
155,66,normal
182,40,thin
122,35,fat
146,51,fat
185,66,fat
173,52,thin
164,60,fat
128,53,normal
186,80,fat
147,41,fat
141,43,fat
134,40,fat
160,46,thin
182,49,thin
198,54,thin
187,68,fat
120,36,fat
181,49,thin
122,42,normal
147,75,normal
182,55,thin
121,43,normal
162,63,fat
137,68,normal
174,57,fat
174,40,thin
136,64,normal
156,63,normal
144,43,fat
187,76,fat
120,49,normal
139,76,normal
180,74,fat
163,80,normal
158,38,thin
147,54,fat
157,46,fat
133,36,fat
182,48,thin
194,80,fat
158,63,normal
186,60,thin
155,77,normal
176,43,thin
176,80,normal
170,65,fat
159,52,fat
169,55,fat
140,63,normal
155,68,normal
179,67,fat
144,75,normal
183,48,thin
162,56,fat
178,64,fat
187,65,fat
176,79,normal
123,37,fat
148,54,fat
175,52,thin
189,37,thin
190,80,fat
198,65,thin
144,47,fat
199,72,thin
193,66,thin
153,46,fat
197,79,fat
165,56,fat
121,58,normal
176,66,fat
200,75,fat
149,41,thin
178,80,normal
170,62,fat
140,67,normal
139,60,normal
186,43,thin
177,77,fat
153,78,normal
132,75,normal
122,49,normal
193,51,thin
154,55,fat
184,67,fat
188,52,thin
183,76,fat
166,71,normal
134,59,normal
160,42,thin
190,73,fat
131,64,normal
120,79,normal
156,44,thin
125,72,normal
133,56,normal
193,79,fat
181,62,fat
158,40,thin
157,55,fat
179,38,thin
120,60,normal
149,50,fat
133,77,normal
131,63,normal
154,59,fat
174,73,fat
178,57,thin
191,77,fat
124,49,normal
120,76,normal
130,68,normal
192,55,thin
144,43,fat
198,48,thin
198,74,fat
151,80,normal
126,55,normal
146,78,normal
133,58,normal
120,73,normal
125,54,normal
188,50,thin
182,44,thin
147,63,normal
169,62,fat
123,51,normal
179,40,thin
161,75,normal
199,63,thin
181,80,fat
161,44,thin
169,57,fat
168,65,fat
153,80,normal
194,73,fat
128,64,normal
158,60,fat
187,42,thin
169,51,thin
193,77,fat
142,49,fat
175,53,thin
166,60,fat
152,56,fat
164,35,thin
147,73,normal
173,53,thin
124,68,normal
150,77,normal
168,66,fat
195,62,thin
196,65,thin
142,67,normal
128,47,normal
169,37,thin
182,74,fat
158,37,thin
160,67,normal
198,44,thin
176,35,thin
131,74,normal
121,68,normal
197,61,thin
134,80,normal
130,77,normal
160,51,fat
134,50,normal
162,62,fat
200,47,thin
159,62,fat
141,62,normal
185,72,fat
146,37,thin
197,59,thin
127,74,normal
134,48,normal
129,61,normal
132,62,normal
142,44,fat
129,38,fat
165,70,normal
127,39,fat
178,51,thin
121,49,normal
148,69,normal
131,50,normal
199,36,thin
130,66,normal
128,67,normal
172,67,fat
145,48,fat
167,63,fat
155,39,thin
162,42,thin
155,72,normal
134,61,normal
181,69,fat
162,38,thin
150,70,normal
174,69,fat
169,62,fat
147,44,fat
189,78,fat
180,38,thin
160,70,normal
157,44,thin
181,37,thin
146,76,normal
144,60,normal
140,71,normal
175,62,fat
187,61,thin
129,80,normal
136,49,normal
192,66,thin
147,64,normal
120,50,normal
167,35,thin
181,38,thin
183,77,fat
161,41,thin
172,40,thin
195,59,thin
158,37,thin
176,60,fat
126,73,normal
155,77,normal
129,60,normal
190,39,thin
200,71,thin
125,72,normal
130,55,normal
157,51,fat
137,59,normal
145,70,normal
125,43,normal
129,69,normal
134,44,fat
175,78,normal
199,40,thin
137,73,normal
181,64,fat
138,68,normal
136,80,normal
184,52,thin
186,77,fat
168,67,fat
128,60,normal
144,72,normal
173,80,normal
188,72,fat
168,64,fat
159,50,fat
170,41,thin
163,59,fat
178,46,thin
180,63,fat
152,44,fat
152,68,normal
139,53,normal
159,41,thin
138,75,normal
166,70,normal
175,40,thin
147,69,normal
186,72,fat
141,51,normal
132,37,fat
169,64,fat
184,40,thin
131,51,normal
125,78,normal
180,38,thin
161,39,thin
154,39,thin
138,49,normal
195,52,thin
162,72,normal
139,78,normal
122,69,normal
134,78,normal
157,70,normal
185,52,thin
160,60,fat
159,71,normal
154,44,fat
183,68,fat
132,75,normal
148,48,fat
124,47,normal
125,38,fat
162,69,normal
125,59,normal
146,53,fat
185,52,thin
182,51,thin
134,42,fat
123,51,normal
122,65,normal
163,76,normal
160,48,fat
200,55,thin
136,43,fat
145,35,thin
120,68,normal
124,53,normal
182,63,fat
198,52,thin
191,63,thin
169,55,fat
152,61,normal
195,66,thin
180,57,thin
120,47,normal
127,69,normal
142,46,fat
178,72,fat
138,47,fat
141,72,normal
167,53,fat
190,75,fat
164,35,thin
125,42,normal
199,48,thin
142,65,normal
172,37,thin
187,68,fat
161,67,normal
134,59,normal
161,62,fat
140,41,fat
154,36,thin
154,64,normal
159,45,thin
123,69,normal
194,53,thin
147,38,thin
179,59,thin
123,73,normal
192,63,thin
128,69,normal
188,57,thin
193,61,thin
168,66,fat
190,69,fat
173,62,fat
120,53,normal
173,57,fat
122,78,normal
135,61,normal
134,54,normal
188,63,thin
180,59,thin
184,79,fat
187,49,thin
188,68,fat
180,72,fat
200,40,thin
122,67,normal
191,46,thin
132,58,normal
139,43,fat
124,71,normal
199,36,thin
138,63,normal
127,45,normal
120,36,fat
150,71,normal
156,37,thin
174,74,fat
199,75,fat
154,45,fat
157,78,normal
138,40,fat
177,44,thin
154,46,fat
149,68,normal
200,67,thin
185,67,fat
141,52,normal
161,41,thin
127,40,fat
150,79,normal
158,73,normal
150,47,fat
127,51,normal
162,50,fat
187,54,thin
121,44,normal
130,45,normal
179,36,thin
153,68,normal
166,63,fat
147,72,normal
193,72,fat
166,72,normal
158,50,fat
149,67,normal
175,40,thin
175,37,thin
140,56,normal
186,76,fat
171,45,thin
171,62,fat
148,62,normal
153,74,normal
164,68,normal
138,35,thin
128,49,normal
194,41,thin
187,69,fat
139,61,normal
158,36,thin
173,64,fat
141,60,normal
187,47,thin
189,45,thin
143,36,thin
178,71,fat
188,52,thin
142,68,normal
155,73,normal
120,69,normal
150,69,normal
141,49,fat
184,67,fat
190,35,thin
174,55,thin
131,53,normal
157,39,thin
154,74,normal
185,53,thin
172,36,thin
190,71,fat
200,58,thin
170,41,thin
150,38,thin
157,74,normal
163,39,thin
168,38,thin
167,38,thin
181,57,thin
127,44,normal
147,64,normal
162,76,normal
142,44,fat
198,76,fat
138,51,normal
155,77,normal
182,78,fat
190,63,thin
173,41,thin
135,51,normal
154,48,fat
164,50,fat
165,75,normal
165,69,normal
137,37,fat
162,37,thin
127,50,normal
128,63,normal
190,50,thin
171,38,thin
121,61,normal
198,64,thin
176,69,fat
148,57,normal
146,74,normal
121,47,normal
122,40,normal
177,59,fat
128,46,normal
183,80,fat
170,75,normal
136,64,normal
165,78,normal
196,59,thin
198,67,thin
120,51,normal
163,48,thin
137,77,normal
166,50,thin
177,49,thin
168,54,fat
131,43,normal
174,42,thin
166,51,fat
186,47,thin
154,58,fat
193,35,thin
195,59,thin
174,35,thin
176,44,thin
138,73,normal
141,79,normal
151,61,normal
142,79,normal
180,75,fat
126,72,normal
156,68,normal
141,70,normal
179,67,fat
135,67,normal
131,65,normal
190,75,fat
140,52,normal
195,79,fat
139,58,normal
175,62,fat
120,62,normal
200,46,thin
121,55,normal
192,36,thin
123,62,normal
161,67,normal
166,49,thin
142,54,normal
139,50,normal
146,42,fat
152,62,normal
183,74,fat
137,60,normal
136,52,normal
157,65,normal
143,40,fat
183,37,thin
136,65,normal
177,60,fat
198,37,thin
152,65,normal
200,70,thin
153,57,fat
157,51,fat
140,67,normal
160,73,normal
184,74,fat
180,45,thin
159,42,thin
200,46,thin
151,51,fat
148,36,thin
198,43,thin
129,41,fat
179,80,fat
120,65,normal
198,62,thin
168,65,fat
138,55,normal
166,53,fat
182,47,thin
131,37,fat
185,40,thin
140,35,thin
162,36,thin
128,42,normal
129,80,normal
189,71,fat
149,49,fat
172,36,thin
145,41,fat
153,64,normal
155,72,normal
186,43,thin
166,77,normal
197,54,thin
173,45,thin
181,66,fat
140,53,normal
186,51,thin
162,57,fat
165,47,thin
167,67,fat
155,79,normal
160,41,thin
191,48,thin
131,52,normal
185,78,fat
121,71,normal
169,75,normal
136,39,fat
134,49,normal
185,54,thin
145,78,normal
127,49,normal
185,71,fat
185,71,fat
159,49,fat
128,53,normal
177,61,fat
191,53,thin
138,78,normal
175,54,thin
129,57,normal
188,63,thin
147,66,normal
146,49,fat
187,74,fat
165,37,thin
133,59,normal
152,66,normal
146,57,normal
153,53,fat
176,61,fat
157,78,normal
121,55,normal
143,39,fat
157,61,fat
200,77,fat
166,75,normal
177,43,thin
157,63,normal
137,45,fat
146,51,fat
137,37,fat
153,64,normal
192,50,thin
145,48,fat
186,60,thin
128,73,normal
156,61,normal
196,43,thin
134,64,normal
171,62,fat
190,35,thin
146,52,fat
125,58,normal
193,52,thin
169,36,thin
135,79,normal
182,66,fat
125,69,normal
155,62,normal
123,64,normal
133,38,fat
123,43,normal
135,80,normal
152,52,fat
177,78,fat
181,53,thin
125,75,normal
162,54,fat
168,75,normal
121,78,normal
187,65,fat
126,71,normal
144,72,normal
162,76,normal
160,74,normal
171,66,fat
195,68,thin
180,65,fat
149,58,normal
157,48,fat
183,78,fat
124,47,normal
197,35,thin
180,47,thin
147,43,fat
197,70,thin
160,40,thin
156,73,normal
129,73,normal
130,73,normal
138,75,normal
163,40,thin
195,49,thin
174,53,thin
172,80,normal
158,68,normal
194,66,thin
120,57,normal
123,46,normal
188,65,thin
168,51,thin
123,79,normal
138,72,normal
196,46,thin
142,65,normal
178,37,thin
154,39,thin
124,73,normal
137,75,normal
156,56,fat
160,67,normal
175,62,fat
132,76,normal
177,72,fat
148,75,normal
184,52,thin
178,45,thin
193,60,thin
169,66,fat
172,58,fat
167,60,fat
162,52,fat
177,48,thin
136,48,normal
143,65,normal
126,62,normal
185,78,fat
120,41,normal
163,60,fat
136,72,normal
132,66,normal
139,39,fat
147,62,normal
152,64,normal
168,48,thin
159,54,fat
122,59,normal
181,51,thin
151,53,fat
195,60,thin
172,65,fat
140,80,normal
178,78,fat
121,70,normal
152,54,fat
196,53,thin
187,72,fat
161,66,normal
146,37,thin
135,47,normal
190,48,thin
196,74,fat
196,46,thin
189,73,fat
157,61,fat
124,38,fat
191,46,thin
188,66,fat
184,36,thin
141,40,fat
178,50,thin
190,49,thin
132,41,fat
174,42,thin
169,66,fat
121,47,normal
156,48,fat
136,38,fat
171,56,fat
199,58,thin
189,49,thin
189,73,fat
154,50,fat
186,37,thin
172,57,fat
183,79,fat
166,51,fat
188,58,thin
200,69,thin
178,41,thin
195,38,thin
122,80,normal
157,41,thin
182,37,thin
154,63,normal
186,63,thin
167,56,fat
168,37,thin
143,80,normal
154,67,normal
148,52,fat
157,45,thin
190,76,fat
184,45,thin
162,49,fat
173,35,thin
133,74,normal
189,56,thin
155,37,thin
128,48,normal
192,76,fat
144,69,normal
142,51,normal
192,70,fat
146,68,normal
167,41,thin
164,57,fat
199,54,thin
178,36,thin
196,44,thin
167,46,thin
160,60,fat
131,79,normal
150,58,normal
160,60,fat
188,79,fat
194,76,fat
129,43,normal
149,59,normal
191,60,thin
180,60,fat
125,59,normal
194,68,thin
149,70,normal
199,57,thin
180,37,thin
174,50,thin
148,36,thin
196,78,fat
173,46,thin
195,42,thin
133,74,normal
145,48,fat
138,54,normal
162,64,fat
171,56,fat
122,60,normal
137,68,normal
200,79,fat
125,58,normal
171,39,thin
127,57,normal
135,63,normal
144,78,normal
134,56,normal
188,36,thin
138,65,normal
168,79,normal
163,69,normal
172,71,fat
140,80,normal
120,60,normal
175,47,thin
195,52,thin
182,68,fat
195,72,fat
178,66,fat
157,73,normal
170,76,normal
177,80,normal
193,79,fat
167,42,thin
172,35,thin
191,36,thin
129,65,normal
121,49,normal
138,41,fat
164,57,fat
192,54,thin
158,53,fat
138,62,normal
188,72,fat
146,47,fat
140,35,thin
152,35,thin
128,44,normal
190,65,thin
166,58,fat
167,58,fat
175,39,thin
121,38,normal
186,43,thin
142,37,thin
188,40,thin
196,61,thin
155,61,normal
124,48,normal
182,77,fat
126,60,normal
139,61,normal
145,35,thin
156,71,normal
155,59,fat
139,57,normal
149,64,normal
161,45,thin
189,36,thin
174,47,thin
159,43,thin
121,75,normal
191,77,fat
177,64,fat
190,38,thin
190,41,thin
121,75,normal
189,35,thin
143,66,normal
188,44,thin
142,75,normal
158,70,normal
153,36,thin
158,80,normal
131,71,normal
148,36,thin
154,53,fat
148,46,fat
177,43,thin
173,45,thin
177,39,thin
150,43,fat
198,73,fat
193,73,fat
170,35,thin
165,39,thin
189,40,thin
189,54,thin
142,46,fat
135,47,normal
145,68,normal
182,54,thin
136,49,normal
183,54,thin
195,56,thin
176,61,fat
176,74,fat
141,55,normal
162,48,thin
156,73,normal
123,38,normal
159,59,fat
197,36,thin
136,72,normal
167,63,fat
125,74,normal
142,64,normal
133,54,normal
143,56,normal
120,35,fat
156,65,normal
165,75,normal
122,74,normal
149,43,fat
188,51,thin
154,39,thin
197,38,thin
184,79,fat
125,57,normal
123,71,normal
153,53,fat
128,60,normal
169,54,fat
156,46,fat
163,44,thin
186,73,fat
133,71,normal
198,44,thin
151,75,normal
163,36,thin
123,76,normal
173,65,fat
131,79,normal
150,75,normal
196,36,thin
168,38,thin
190,44,thin
163,43,thin
125,39,fat
159,39,thin
185,57,thin
150,47,fat
178,79,fat
184,62,thin
122,47,normal
122,43,normal
182,68,fat
132,60,normal
133,40,fat
145,50,fat
196,74,fat
150,39,thin
183,68,fat
190,71,fat
183,54,thin
153,62,normal
186,68,fat
195,52,thin
159,68,normal
185,56,thin
195,50,thin
123,70,normal
183,61,thin
186,45,thin
128,55,normal
134,79,normal
182,36,thin
149,60,normal
181,49,thin
196,57,thin
161,65,normal
196,63,thin
183,78,fat
190,47,thin
133,54,normal
197,70,thin
179,49,thin
122,60,normal
174,41,thin
134,37,fat
175,43,thin
152,69,normal
152,73,normal
170,78,normal
152,79,normal
148,53,fat
189,62,thin
200,35,thin
181,48,thin
124,57,normal
173,62,fat
172,75,normal
134,36,fat
191,72,fat
144,54,normal
198,46,thin
168,47,thin
141,40,fat
152,72,normal
141,56,normal
177,51,thin
149,53,fat
133,45,normal
161,57,fat
126,78,normal
154,68,normal
124,59,normal
157,72,normal
134,52,normal
173,58,fat
122,64,normal
156,78,normal
171,39,thin
199,78,fat
139,73,normal
172,66,fat
195,38,thin
187,41,thin
187,53,thin
193,77,fat
193,44,thin
174,45,thin
164,62,fat
135,60,normal
167,41,thin
129,63,normal
168,63,fat
175,75,fat
200,48,thin
187,45,thin
168,37,thin
179,57,thin
134,55,normal
143,79,normal
188,65,thin
148,59,normal
151,37,thin
150,68,normal
127,37,fat
137,37,fat
136,77,normal
156,65,normal
154,59,fat
153,54,fat
164,69,normal
138,40,fat
165,42,thin
182,54,thin
200,36,thin
189,69,fat
200,66,thin
167,53,fat
146,61,normal
186,72,fat
148,48,fat
163,59,fat
135,78,normal
120,61,normal
188,62,thin
167,71,normal
192,60,thin
134,73,normal
187,71,fat
129,70,normal
178,75,fat
130,55,normal
185,39,thin
161,41,thin
120,53,normal
153,35,thin
173,65,fat
168,36,thin
198,63,thin
146,76,normal
140,39,fat
126,36,fat
195,68,thin
142,58,normal
169,38,thin
189,46,thin
168,76,normal
185,65,fat
166,76,normal
125,36,fat
150,44,fat
140,51,normal
189,48,thin
135,68,normal
128,53,normal
127,49,normal
173,44,thin
157,40,thin
168,57,fat
172,45,thin
126,66,normal
171,48,thin
171,45,thin
169,63,fat
121,58,normal
155,45,fat
172,72,fat
142,36,thin
159,48,fat
171,35,thin
143,42,fat
192,54,thin
156,40,thin
170,69,fat
189,49,thin
157,40,thin
171,67,fat
163,49,thin
182,68,fat
200,45,thin
135,76,normal
153,58,fat
122,40,normal
162,48,thin
147,61,normal
130,70,normal
200,42,thin
135,63,normal
136,47,normal
169,79,normal
138,60,normal
187,64,thin
161,56,fat
177,44,thin
168,45,thin
183,38,thin
132,76,normal
189,72,fat
122,69,normal
139,77,normal
129,49,normal
150,41,thin
162,47,thin
175,51,thin
200,48,thin
133,68,normal
177,48,thin
200,49,thin
124,74,normal
134,52,normal
198,72,thin
166,70,normal
169,62,fat
160,71,normal
188,52,thin
144,68,normal
153,68,normal
134,48,normal
169,35,thin
127,74,normal
120,78,normal
142,46,fat
170,44,thin
150,71,normal
152,53,fat
200,51,thin
162,56,fat
170,56,fat
163,80,normal
178,45,thin
139,37,fat
160,55,fat
126,65,normal
137,68,normal
180,75,fat
174,71,fat
131,49,normal
131,73,normal
125,71,normal
168,43,thin
173,48,thin
194,47,thin
172,55,fat
140,59,normal
140,62,normal
175,36,thin
123,38,normal
128,39,fat
135,71,normal
199,66,thin
177,70,fat
161,44,thin
129,64,normal
164,45,thin
130,39,fat
137,60,normal
123,72,normal
131,65,normal
147,47,fat
125,72,normal
168,39,thin
185,52,thin
132,70,normal
181,57,thin
178,68,fat
151,55,fat
160,66,normal
122,70,normal
168,77,normal
171,64,fat
141,40,fat
139,79,normal
167,38,thin
151,60,normal
177,65,fat
180,69,fat
145,72,normal
184,75,fat
197,62,thin
190,43,thin
173,72,fat
135,35,fat
195,40,thin
197,70,thin
145,66,normal
188,63,thin
144,51,fat
170,43,thin
133,54,normal
162,57,fat
199,49,thin
133,53,normal
199,69,thin
143,69,normal
144,78,normal
188,66,fat
173,73,fat
199,74,fat
128,54,normal
140,40,fat
160,46,thin
133,55,normal
198,60,thin
162,52,fat
166,49,thin
137,46,fat
187,77,fat
190,73,fat
167,57,fat
173,58,fat
140,47,fat
167,36,thin
193,71,fat
160,68,normal
170,38,thin
170,35,thin
127,42,normal
166,62,fat
134,66,normal
127,54,normal
161,41,thin
182,58,thin
176,68,fat
128,36,fat
151,70,normal
133,67,normal
193,76,fat
123,62,normal
180,45,thin
137,57,normal
183,45,thin
163,44,thin
162,76,normal
178,35,thin
130,65,normal
169,42,thin
160,64,fat
186,46,thin
136,65,normal
135,65,normal
183,54,thin
192,68,thin
135,58,normal
142,68,normal
166,70,normal
172,65,fat
125,68,normal
153,40,thin
138,72,normal
188,50,thin
156,68,normal
142,58,normal
135,78,normal
169,78,normal
170,62,fat
133,40,fat
146,73,normal
194,61,thin
145,73,normal
141,67,normal
138,65,normal
132,56,normal
148,62,normal
150,47,fat
189,71,fat
167,51,thin
184,58,thin
146,44,fat
122,64,normal
157,65,normal
120,36,fat
124,35,fat
127,68,normal
126,44,normal
193,67,thin
145,66,normal
189,49,thin
181,59,thin
165,75,normal
131,43,normal
180,59,thin
148,61,normal
175,77,normal
143,42,fat
123,75,normal
146,38,thin
128,43,normal
175,71,fat
195,50,thin
150,76,normal
176,67,fat
150,52,fat
165,53,fat
164,44,thin
135,42,fat
189,67,fat
154,61,normal
130,50,normal
173,51,thin
135,75,normal
155,72,normal
143,72,normal
141,50,normal
193,64,thin
181,51,thin
188,56,thin
124,63,normal
187,67,fat
129,65,normal
147,48,fat
130,56,normal
176,57,thin
156,67,normal
152,67,normal
187,80,fat
200,43,thin
193,35,thin
145,53,normal
147,52,fat
142,76,normal
192,47,thin
197,67,thin
192,53,thin
150,62,normal
147,41,fat
168,39,thin
197,54,thin
187,36,thin
131,68,normal
178,68,fat
156,48,fat
169,56,fat
125,47,normal
187,43,thin
167,38,thin
151,68,normal
124,47,normal
183,65,fat
185,48,thin
194,80,fat
147,64,normal
129,51,normal
149,76,normal
149,57,normal
172,62,fat
122,62,normal
123,64,normal
127,70,normal
150,58,normal
178,38,thin
174,74,fat
156,63,normal
192,48,thin
146,48,fat
148,56,normal
161,45,thin
193,38,thin
156,56,fat
187,59,thin
148,80,normal
147,41,fat
135,66,normal
125,40,normal
187,67,fat
125,71,normal
121,79,normal
189,80,fat
190,36,thin
173,51,thin
194,35,thin
146,73,normal
184,55,thin
154,40,thin
125,55,normal
163,48,thin
129,56,normal
168,40,thin
151,47,fat
169,57,fat
183,64,fat
162,72,normal
166,63,fat
184,74,fat
167,44,thin
141,52,normal
143,42,fat
190,49,thin
125,57,normal
174,80,normal
141,39,fat
180,44,thin
198,51,thin
169,54,fat
122,49,normal
159,50,fat
200,43,thin
143,39,fat
121,66,normal
151,69,normal
143,58,normal
151,75,normal
121,43,normal
125,52,normal
191,78,fat
171,79,normal
126,66,normal
129,38,fat
148,62,normal
197,38,thin
170,77,normal
120,36,fat
193,77,fat
173,64,fat
183,47,thin
155,58,fat
135,44,fat
180,43,thin
186,44,thin
150,54,fat
141,68,normal
183,64,fat
182,65,fat
195,52,thin
157,74,normal
175,61,fat
193,41,thin
174,71,fat
149,42,fat
176,68,fat
159,47,fat
148,62,normal
198,66,thin
180,76,fat
182,61,thin
145,63,normal
140,39,fat
160,36,thin
126,64,normal
129,61,normal
144,39,fat
148,79,normal
157,42,thin
163,50,fat
198,56,thin
133,48,normal
168,43,thin
161,57,fat
161,42,thin
199,48,thin
179,41,thin
127,52,normal
184,76,fat
155,78,normal
178,38,thin
189,41,thin
168,76,normal
153,74,normal
189,63,thin
145,49,fat
179,77,fat
165,51,fat
147,75,normal
146,42,fat
150,79,normal
179,66,fat
194,64,thin
162,53,fat
144,66,normal
166,72,normal
161,37,thin
136,76,normal
155,71,normal
191,49,thin
174,53,thin
129,75,normal
199,42,thin
198,42,thin
191,58,thin
126,62,normal
168,53,fat
120,38,normal
185,40,thin
184,71,fat
170,60,fat
146,47,fat
154,48,fat
182,76,fat
126,40,normal
136,74,normal
129,51,normal
120,38,normal
191,66,thin
159,50,fat
136,43,fat
182,65,fat
146,38,thin
177,57,thin
159,71,normal
156,61,normal
173,75,normal
184,56,thin
140,43,fat
165,55,fat
131,70,normal
184,36,thin
159,78,normal
133,59,normal
190,42,thin
127,46,normal
171,51,thin
197,70,thin
121,68,normal
199,58,thin
185,74,fat
183,36,thin
198,52,thin
122,36,fat
195,39,thin
132,63,normal
167,68,fat
132,70,normal
130,45,normal
122,51,normal
124,48,normal
136,45,fat
188,73,fat
192,60,thin
170,41,thin
188,74,fat
128,54,normal
179,43,thin
159,69,normal
160,40,thin
182,56,thin
193,52,thin
198,80,fat
150,49,fat
139,62,normal
194,37,thin
169,68,fat
152,57,fat
192,76,fat
139,80,normal
121,49,normal
157,48,fat
147,42,fat
164,69,normal
164,70,normal
199,74,fat
145,71,normal
199,38,thin
135,57,normal
139,77,normal
186,40,thin
136,60,normal
120,68,normal
151,61,normal
181,66,fat
157,49,fat
165,53,fat
144,74,normal
127,44,normal
151,57,fat
125,59,normal
183,40,thin
122,37,fat
196,62,thin
171,70,fat
138,71,normal
154,67,normal
182,75,fat
187,51,thin
152,46,fat
181,39,thin
153,67,normal
194,64,thin
131,46,normal
153,72,normal
162,35,thin
152,80,normal
136,70,normal
176,48,thin
178,51,thin
131,49,normal
189,46,thin
138,74,normal
181,40,thin
171,67,fat
159,71,normal
180,50,thin
137,59,normal
197,58,thin
179,57,thin
124,62,normal
172,77,normal
192,65,thin
166,50,thin
173,61,fat
185,52,thin
175,69,fat
125,51,normal
139,46,fat
138,40,fat
172,66,fat
133,65,normal
199,65,thin
150,50,fat
156,37,thin
151,68,normal
188,79,fat
170,50,thin
141,36,thin
196,42,thin
172,60,fat
155,61,normal
194,56,thin
187,49,thin
181,36,thin
160,45,thin
127,75,normal
185,35,thin
154,80,normal
147,36,thin
168,40,thin
134,43,fat
152,64,normal
183,73,fat
124,70,normal
162,36,thin
194,67,thin
165,75,normal
156,70,normal
134,36,fat
170,52,thin
163,62,fat
138,50,normal
135,52,normal
132,70,normal
180,78,fat
158,55,fat
135,57,normal
194,78,fat
136,69,normal
176,79,normal
133,63,normal
148,69,normal
191,60,thin
122,49,normal
183,75,fat
194,44,thin
200,73,thin
186,36,thin
135,44,fat
148,35,thin
172,59,fat
128,43,normal
130,77,normal
149,44,fat
127,53,normal
178,47,thin
181,46,thin
129,76,normal
159,45,thin
186,40,thin
160,49,fat
157,66,normal
148,48,fat
193,47,thin
162,53,fat
192,45,thin
121,64,normal
152,66,normal
124,66,normal
129,55,normal
193,52,thin
165,44,thin
133,66,normal
131,40,fat
165,47,thin
163,68,normal
120,70,normal
133,35,fat
153,37,thin
168,75,normal
161,69,normal
156,73,normal
141,78,normal
191,70,fat
160,45,thin
127,78,normal
191,39,thin
154,77,normal
155,73,normal
187,36,thin
161,37,thin
200,59,thin
138,79,normal
128,72,normal
154,58,fat
131,74,normal
144,73,normal
141,50,normal
179,45,thin
120,51,normal
160,71,normal
200,66,thin
155,55,fat
160,78,normal
135,69,normal
139,52,normal
145,56,normal
125,70,normal
162,40,thin
126,80,normal
179,59,thin
129,74,normal
176,63,fat
197,54,thin
127,57,normal
163,75,normal
190,59,thin
151,50,fat
141,80,normal
153,77,normal
144,43,fat
187,51,thin
120,75,normal
155,57,fat
175,71,fat
175,68,fat
178,79,fat
169,54,fat
143,64,normal
155,43,thin
138,57,normal
173,64,fat
147,45,fat
140,64,normal
141,37,fat
195,75,fat
122,62,normal
150,47,fat
156,56,fat
153,41,thin
182,80,fat
165,36,thin
145,79,normal
121,54,normal
129,65,normal
130,39,fat
141,59,normal
174,36,thin
126,42,normal
184,65,fat
144,47,fat
186,66,fat
130,79,normal
192,77,fat
194,77,fat
140,68,normal
200,75,fat
142,65,normal
192,68,thin
140,47,fat
185,47,thin
144,53,normal
138,59,normal
174,55,thin
128,46,normal
170,54,fat
188,79,fat
173,74,fat
182,46,thin
181,40,thin
141,62,normal
158,65,normal
180,59,thin
160,73,normal
145,40,fat
192,59,thin
142,39,fat
171,59,fat
151,44,fat
157,78,normal
170,63,fat
167,71,normal
157,70,normal
176,44,thin
199,55,thin
143,58,normal
145,67,normal
173,76,normal
171,58,fat
155,72,normal
132,56,normal
182,47,thin
158,77,normal
165,72,normal
165,56,fat
176,49,thin
149,64,normal
138,66,normal
153,64,normal
166,56,fat
173,46,thin
155,36,thin
200,64,thin
158,50,fat
178,49,thin
198,74,fat
128,77,normal
149,39,thin
165,56,fat
145,79,normal
146,48,fat
141,59,normal
183,74,fat
169,62,fat
134,59,normal
130,35,fat
121,63,normal
196,77,fat
158,51,fat
192,59,thin
186,77,fat
141,67,normal
142,59,normal
191,51,thin
184,71,fat
166,48,thin
196,39,thin
175,45,thin
120,66,normal
188,63,thin
178,68,fat
151,55,fat
124,39,normal
175,56,thin
193,75,fat
182,77,fat
155,38,thin
175,58,fat
121,57,normal
125,77,normal
181,42,thin
157,72,normal
151,60,normal
193,58,thin
130,71,normal
137,39,fat
128,62,normal
189,70,fat
200,59,thin
128,57,normal
193,40,thin
147,63,normal
167,43,thin
184,55,thin
196,79,fat
180,72,fat
147,64,normal
132,50,normal
127,36,fat
152,40,thin
157,79,normal
135,70,normal
149,72,normal
122,75,normal
186,43,thin
166,54,fat
126,52,normal
200,49,thin
139,40,fat
171,37,thin
152,61,normal
151,60,normal
150,68,normal
197,74,fat
179,43,thin
196,69,thin
124,36,fat
171,42,thin
179,49,thin
175,66,fat
185,56,thin
127,38,fat
180,50,thin
191,55,thin
155,80,normal
166,61,fat
146,51,fat
123,73,normal
136,56,normal
134,53,normal
152,42,thin
180,70,fat
138,61,normal
189,74,fat
166,49,thin
146,54,normal
175,61,fat
161,67,normal
200,72,thin
145,74,normal
160,69,normal
150,45,fat
148,46,fat
158,38,thin
142,79,normal
191,73,fat
125,37,fat
131,53,normal
157,56,fat
131,52,normal
121,46,normal
179,62,fat
132,78,normal
142,43,fat
189,63,thin
175,52,thin
164,58,fat
169,75,normal
180,60,fat
185,76,fat
129,72,normal
150,56,fat
158,59,fat
191,63,thin
148,46,fat
159,77,normal
124,43,normal
152,45,fat
188,47,thin
151,62,normal
172,42,thin
130,54,normal
153,77,normal
195,47,thin
181,43,thin
164,43,thin
129,76,normal
152,74,normal
186,65,fat
138,37,fat
124,71,normal
174,76,normal
184,70,fat
146,57,normal
169,42,thin
143,44,fat
159,48,fat
151,38,thin
169,42,thin
172,38,thin
197,63,thin
198,62,thin
186,35,thin
181,53,thin
136,72,normal
151,36,thin
158,50,fat
166,64,fat
137,78,normal
184,49,thin
128,69,normal
193,72,fat
180,48,thin
189,72,fat
194,70,fat
189,80,fat
155,66,normal
185,37,thin
172,43,thin
168,50,thin
156,59,fat
135,36,fat
128,80,normal
192,70,fat
129,61,normal
154,56,fat
186,58,thin
200,72,thin
185,41,thin
140,40,fat
130,63,normal
133,63,normal
195,56,thin
172,50,thin
124,69,normal
142,63,normal
168,52,thin
151,72,normal
150,41,thin
173,63,fat
197,58,thin
133,43,fat
155,63,normal
195,69,thin
150,57,normal
158,77,normal
182,77,fat
129,47,normal
152,51,fat
159,50,fat
178,61,fat
135,62,normal
177,75,fat
187,41,thin
173,62,fat
132,57,normal
143,65,normal
200,78,fat
155,37,thin
121,41,normal
196,45,thin
143,73,normal
156,52,fat
170,69,fat
197,72,fat
154,53,fat
183,68,fat
161,36,thin
122,40,normal
195,72,fat
131,41,fat
125,64,normal
132,43,fat
125,69,normal
188,38,thin
183,39,thin
191,72,fat
159,80,normal
125,74,normal
185,65,fat
121,52,normal
149,37,thin
132,71,normal
164,80,normal
169,54,fat
181,48,thin
194,38,thin
162,61,fat
167,58,fat
186,60,thin
193,46,thin
172,36,thin
132,49,normal
123,54,normal
199,46,thin
144,64,normal
130,75,normal
175,53,thin
135,48,normal
144,80,normal
127,78,normal
173,51,thin
175,59,fat
180,64,fat
130,64,normal
145,70,normal
184,35,thin
126,40,normal
143,62,normal
127,38,fat
179,40,thin
121,79,normal
166,60,fat
143,65,normal
196,60,thin
174,47,thin
153,58,fat
189,74,fat
191,37,thin
181,76,fat
127,77,normal
182,78,fat
127,67,normal
122,56,normal
195,35,thin
132,35,fat
190,44,thin
151,60,normal
200,46,thin
151,61,normal
181,76,fat
125,78,normal
124,61,normal
136,71,normal
125,64,normal
149,65,normal
173,66,fat
130,78,normal
191,75,fat
144,51,fat
180,53,thin
195,73,fat
133,38,fat
125,60,normal
195,57,thin
187,68,fat
125,64,normal
154,61,normal
151,38,thin
188,48,thin
140,36,thin
198,37,thin
171,60,fat
140,78,normal
195,53,thin
172,58,fat
193,39,thin
125,61,normal
164,44,thin
163,38,thin
144,65,normal
190,39,thin
159,38,thin
194,48,thin
155,44,thin
122,67,normal
193,35,thin
178,78,fat
189,58,thin
189,75,fat
122,39,normal
192,41,thin
161,76,normal
124,66,normal
198,46,thin
128,44,normal
133,37,fat
193,68,thin
198,73,fat
197,71,thin
160,40,thin
157,79,normal
147,44,fat
193,80,fat
146,45,fat
199,49,thin
195,62,thin
139,80,normal
176,59,fat
182,69,fat
144,41,fat
171,78,normal
125,62,normal
133,79,normal
182,68,fat
134,73,normal
180,62,fat
158,63,normal
132,43,fat
151,57,fat
197,54,thin
170,78,normal
183,46,thin
129,60,normal
169,40,thin
138,37,fat
166,66,fat
155,55,fat
176,46,thin
132,62,normal
138,50,normal
186,69,fat
197,53,thin
143,41,fat
168,50,thin
188,64,thin
183,63,fat
131,44,normal
136,73,normal
169,68,fat
190,43,thin
131,43,normal
125,38,fat
198,61,thin
133,54,normal
186,46,thin
122,38,normal
125,59,normal
174,76,normal
131,60,normal
163,53,fat
177,68,fat
179,35,thin
142,54,normal
182,72,fat
172,46,thin
194,45,thin
126,44,normal
169,47,thin
200,70,thin
142,45,fat
190,64,thin
147,52,fat
184,50,thin
178,48,thin
164,43,thin
128,39,fat
125,55,normal
175,53,thin
188,54,thin
126,50,normal
127,53,normal
189,65,thin
157,53,fat
177,41,thin
148,54,fat
131,60,normal
191,47,thin
194,67,thin
197,59,thin
189,60,thin
187,61,thin
185,35,thin
139,47,fat
138,68,normal
150,64,normal
162,64,fat
126,70,normal
188,69,fat
136,79,normal
170,75,normal
194,36,thin
191,44,thin
166,40,thin
148,60,normal
199,61,thin
138,64,normal
164,75,normal
139,72,normal
186,44,thin
163,75,normal
174,37,thin
190,55,thin
175,36,thin
194,50,thin
155,75,normal
194,66,thin
190,78,fat
193,52,thin
156,35,thin
164,54,fat
155,63,normal
189,80,fat
168,55,fat
168,71,normal
140,41,fat
140,43,fat
191,72,fat
136,56,normal
130,40,fat
155,77,normal
198,62,thin
136,56,normal
168,42,thin
126,49,normal
121,35,fat
164,65,fat
141,39,fat
144,77,normal
151,40,thin
198,72,thin
178,74,fat
165,75,normal
137,58,normal
178,63,fat
198,40,thin
188,53,thin
196,46,thin
126,37,fat
133,65,normal
164,42,thin
124,78,normal
198,60,thin
197,58,thin
196,74,fat
147,79,normal
152,73,normal
194,77,fat
132,76,normal
150,52,fat
151,63,normal
123,50,normal
154,73,normal
166,73,normal
121,63,normal
196,49,thin
165,51,fat
169,57,fat
161,75,normal
181,78,fat
183,79,fat
153,57,fat
194,35,thin
188,80,fat
196,61,thin
179,77,fat
179,39,thin
163,43,thin
187,75,fat
160,52,fat
175,67,fat
155,47,fat
124,75,normal
181,50,thin
194,56,thin
176,43,thin
179,35,thin
124,63,normal
199,39,thin
123,47,normal
129,49,normal
121,66,normal
200,40,thin
137,57,normal
132,35,fat
196,35,thin
152,39,thin
123,52,normal
139,80,normal
159,63,fat
151,57,fat
154,54,fat
143,67,normal
187,63,thin
166,42,thin
146,46,fat
166,67,fat
191,56,thin
147,80,normal
196,67,thin
184,39,thin
180,74,fat
160,64,fat
165,40,thin
170,52,thin
121,63,normal
182,40,thin
197,49,thin
133,71,normal
165,68,fat
160,57,fat
175,58,fat
192,49,thin
190,72,fat
168,68,fat
156,73,normal
188,61,thin
194,60,thin
141,42,fat
137,36,fat
194,77,fat
166,37,thin
196,38,thin
134,48,normal
127,51,normal
186,38,thin
165,72,normal
197,37,thin
150,51,fat
131,69,normal
183,50,thin
170,78,normal
178,72,fat
122,43,normal
120,47,normal
162,41,thin
132,59,normal
199,77,fat
121,65,normal
182,55,thin
155,45,fat
122,59,normal
184,79,fat
129,66,normal
157,64,normal
137,80,normal
125,79,normal
146,36,thin
194,69,thin
154,48,fat
182,59,thin
164,37,thin
160,66,normal
158,46,thin
199,78,fat
186,45,thin
169,48,thin
164,59,fat
184,68,fat
141,64,normal
179,79,fat
173,51,thin
124,47,normal
151,64,normal
164,44,thin
167,56,fat
151,61,normal
151,74,normal
144,71,normal
150,36,thin
188,61,thin
141,54,normal
132,52,normal
151,35,thin
139,59,normal
164,36,thin
138,76,normal
181,74,fat
170,45,thin
132,71,normal
128,55,normal
128,63,normal
200,37,thin
189,69,fat
156,70,normal
148,51,fat
167,42,thin
159,42,thin
179,56,thin
171,66,fat
193,35,thin
162,80,normal
160,79,normal
194,41,thin
159,64,normal
153,55,fat
182,68,fat
153,49,fat
152,56,fat
183,46,thin
171,76,normal
154,46,fat
162,49,fat
134,78,normal
135,45,fat
169,65,fat
134,71,normal
182,39,thin
168,62,fat
190,57,thin
160,73,normal
121,50,normal
154,39,thin
195,38,thin
177,49,thin
198,47,thin
140,74,normal
131,48,normal
189,75,fat
130,64,normal
161,60,fat
151,70,normal
165,48,thin
136,55,normal
140,39,fat
172,41,thin
194,61,thin
189,70,fat
192,76,fat
184,50,thin
199,58,thin
144,41,fat
132,42,fat
185,37,thin
196,74,fat
182,73,fat
164,48,thin
161,46,thin
168,45,thin
131,70,normal
145,74,normal
179,43,thin
151,49,fat
124,62,normal
156,66,normal
191,74,fat
184,51,thin
178,55,thin
184,63,fat
140,39,fat
200,61,thin
179,65,fat
150,80,normal
177,48,thin
167,44,thin
190,69,fat
138,44,fat
134,61,normal
153,41,thin
182,60,thin
134,76,normal
122,74,normal
176,76,fat
199,79,fat
139,44,fat
195,38,thin
167,63,fat
168,57,fat
185,36,thin
168,78,normal
143,44,fat
133,35,fat
195,65,thin
163,49,thin
141,69,normal
190,55,thin
148,66,normal
176,46,thin
151,39,thin
131,36,fat
130,71,normal
194,80,fat
183,44,thin
140,41,fat
165,64,fat
175,66,fat
134,76,normal
175,78,normal
176,38,thin
173,55,thin
184,61,thin
122,80,normal
192,45,thin
168,52,thin
172,57,fat
173,75,normal
126,47,normal
184,38,thin
130,69,normal
148,80,normal
145,64,normal
138,74,normal
193,77,fat
127,65,normal
192,36,thin
157,66,normal
199,64,thin
123,75,normal
147,44,fat
169,72,normal
181,53,thin
167,63,fat
197,41,thin
190,41,thin
128,64,normal
166,41,thin
198,45,thin
184,40,thin
134,43,fat
151,72,normal
177,64,fat
163,51,fat
140,62,normal
197,45,thin
138,55,normal
120,72,normal
188,58,thin
169,42,thin
130,50,normal
141,51,normal
179,44,thin
150,76,normal
142,49,fat
148,76,normal
148,68,normal
186,51,thin
157,74,normal
150,75,normal
171,80,normal
130,65,normal
167,60,fat
143,38,fat
191,67,thin
137,56,normal
165,52,fat
152,35,thin
125,66,normal
153,80,normal
135,80,normal
164,73,normal
181,47,thin
126,51,normal
146,61,normal
130,37,fat
163,77,normal
197,63,thin
146,78,normal
168,55,fat
122,48,normal
135,70,normal
150,61,normal
185,79,fat
156,36,thin
187,75,fat
139,59,normal
168,77,normal
197,35,thin
158,63,normal
150,78,normal
150,50,fat
154,58,fat
128,60,normal
190,56,thin
185,50,thin
198,59,thin
169,58,fat
176,57,thin
168,44,thin
164,48,thin
155,44,thin
153,54,fat
127,47,normal
159,50,fat
193,70,fat
157,47,fat
122,39,normal
165,69,normal
177,66,fat
170,68,fat
153,38,thin
168,36,thin
185,60,thin
189,38,thin
151,70,normal
127,77,normal
152,47,fat
123,37,fat
178,48,thin
193,37,thin
138,57,normal
158,39,thin
139,60,normal
181,37,thin
198,35,thin
190,74,fat
146,71,normal
155,37,thin
135,75,normal
143,41,fat
146,73,normal
199,60,thin
126,74,normal
139,75,normal
185,52,thin
161,37,thin
170,50,thin
131,47,normal
141,59,normal
147,77,normal
137,50,normal
166,56,fat
146,70,normal
177,37,thin
154,79,normal
132,57,normal
125,50,normal
127,67,normal
142,48,fat
143,70,normal
122,79,normal
164,60,fat
163,60,fat
121,78,normal
122,49,normal
138,47,fat
188,53,thin
138,66,normal
163,40,thin
175,66,fat
138,42,fat
181,57,thin
155,42,thin
188,72,fat
148,56,normal
190,55,thin
199,50,thin
156,48,fat
142,60,normal
158,72,normal
200,80,fat
167,44,thin
122,80,normal
141,49,fat
140,35,thin
181,56,thin
136,35,fat
186,58,thin
146,68,normal
191,75,fat
170,35,thin
135,62,normal
197,57,thin
139,48,fat
154,70,normal
136,42,fat
176,70,fat
166,61,fat
134,53,normal
146,59,normal
194,36,thin
131,80,normal
160,41,thin
127,65,normal
179,65,fat
136,42,fat
130,63,normal
146,59,normal
169,64,fat
141,67,normal
177,44,thin
144,43,fat
136,61,normal
133,73,normal
177,77,fat
164,65,fat
189,64,thin
164,72,normal
169,52,thin
149,38,thin
175,56,thin
170,37,thin
121,58,normal
152,58,normal
163,36,thin
148,69,normal
141,46,fat
170,52,thin
195,55,thin
147,55,normal
138,47,fat
200,70,thin
178,80,normal
154,66,normal
191,59,thin
155,55,fat
200,51,thin
145,70,normal
185,58,thin
176,64,fat
181,43,thin
161,53,fat
162,61,fat
149,51,fat
195,73,fat
169,49,thin
132,80,normal
157,55,fat
160,60,fat
157,76,normal
194,54,thin
150,39,thin
161,62,fat
153,66,normal
163,56,fat
159,80,normal
169,46,thin
129,55,normal
174,43,thin
137,77,normal
188,64,thin
163,65,fat
132,41,fat
166,78,normal
181,74,fat
151,66,normal
167,42,thin
200,37,thin
125,62,normal
146,39,thin
191,43,thin
122,69,normal
132,60,normal
136,35,fat
146,77,normal
142,72,normal
178,36,thin
134,73,normal
146,69,normal
140,46,fat
170,55,fat
197,45,thin
156,54,fat
151,74,normal
156,40,thin
184,76,fat
196,56,thin
154,77,normal
196,50,thin
170,38,thin
176,80,normal
127,48,normal
129,67,normal
175,37,thin
175,42,thin
181,67,fat
183,64,fat
165,42,thin
181,79,fat
134,66,normal
145,62,normal
179,40,thin
161,44,thin
173,54,thin
143,64,normal
167,76,normal
168,71,normal
198,36,thin
163,39,thin
168,67,fat
140,49,normal
122,50,normal
122,70,normal
126,35,fat
129,79,normal
136,35,fat
135,76,normal
153,46,fat
141,46,fat
162,47,thin
197,46,thin
177,39,thin
127,68,normal
183,42,thin
161,73,normal
183,40,thin
126,39,fat
143,45,fat
148,35,thin
141,76,normal
165,39,thin
194,78,fat
125,57,normal
174,50,thin
143,51,fat
140,79,normal
134,73,normal
168,68,fat
166,54,fat
162,71,normal
127,79,normal
149,45,fat
127,46,normal
143,62,normal
166,35,thin
199,73,thin
186,51,thin
200,42,thin
147,72,normal
200,53,thin
128,67,normal
187,53,thin
127,44,normal
134,71,normal
165,52,fat
148,68,normal
163,53,fat
126,70,normal
166,77,normal
141,65,normal
122,73,normal
189,74,fat
175,78,normal
124,75,normal
161,69,normal
181,43,thin
200,42,thin
153,61,normal
129,38,fat
187,51,thin
130,67,normal
200,43,thin
130,40,fat
126,78,normal
195,65,thin
156,68,normal
125,45,normal
196,79,fat
191,53,thin
172,55,fat
154,65,normal
188,58,thin
147,41,fat
145,49,fat
132,60,normal
165,60,fat
138,72,normal
192,75,fat
193,76,fat
180,79,fat
124,48,normal
121,45,normal
126,50,normal
124,40,normal
177,74,fat
166,41,thin
146,61,normal
173,41,thin
152,78,normal
148,53,fat
168,55,fat
170,65,fat
150,67,normal
146,45,fat
136,45,fat
188,54,thin
186,38,thin
188,78,fat
170,73,normal
157,72,normal
174,58,fat
161,35,thin
152,53,fat
162,44,thin
140,40,fat
152,46,fat
124,35,fat
130,75,normal
148,52,fat
145,68,normal
134,77,normal
177,37,thin
193,74,fat
134,38,fat
150,52,fat
171,78,normal
196,51,thin
180,60,fat
200,64,thin
120,50,normal
143,65,normal
191,59,thin
162,62,fat
127,61,normal
193,68,thin
124,44,normal
190,35,thin
184,75,fat
150,54,fat
193,61,thin
181,68,fat
147,52,fat
180,44,thin
142,40,fat
169,39,thin
143,46,fat
159,52,fat
150,62,normal
193,43,thin
155,69,normal
134,41,fat
151,44,fat
163,60,fat
123,65,normal
152,43,fat
126,78,normal
173,55,thin
173,40,thin
139,50,normal
177,62,fat
179,62,fat
146,66,normal
135,58,normal
125,65,normal
132,79,normal
161,80,normal
147,42,fat
139,70,normal
168,78,normal
191,60,thin
195,44,thin
141,71,normal
152,63,normal
145,39,fat
143,70,normal
138,70,normal
185,72,fat
152,49,fat
164,44,thin
128,53,normal
178,39,thin
136,54,normal
192,74,fat
132,62,normal
165,54,fat
186,47,thin
141,46,fat
199,54,thin
170,79,normal
148,68,normal
185,54,thin
143,76,normal
142,49,fat
184,40,thin
183,50,thin
161,62,fat
193,50,thin
136,73,normal
145,68,normal
185,65,fat
127,54,normal
194,73,fat
179,55,thin
156,65,normal
165,36,thin
196,80,fat
148,50,fat
129,62,normal
186,56,thin
176,63,fat
141,58,normal
181,52,thin
168,77,normal
164,80,normal
127,80,normal
162,75,normal
137,73,normal
133,46,normal
152,68,normal
159,53,fat
176,69,fat
160,58,fat
186,36,thin
122,71,normal
194,46,thin
147,70,normal
171,56,fat
138,71,normal
149,79,normal
135,73,normal
158,71,normal
190,73,fat
149,37,thin
157,38,thin
130,42,fat
128,49,normal
196,44,thin
186,66,fat
161,57,fat
192,38,thin
180,51,thin
196,35,thin
182,67,fat
137,59,normal
149,73,normal
159,60,fat
144,55,normal
184,58,thin
171,80,normal
124,57,normal
200,56,thin
147,73,normal
143,52,normal
155,35,thin
193,48,thin
189,70,fat
151,74,normal
158,54,fat
135,56,normal
182,65,fat
151,70,normal
172,73,fat
188,46,thin
130,35,fat
139,37,fat
137,74,normal
193,51,thin
155,47,fat
144,69,normal
190,59,thin
190,41,thin
168,73,normal
123,45,normal
165,66,fat
125,38,fat
125,65,normal
192,69,fat
187,62,thin
144,61,normal
127,38,fat
122,70,normal
142,51,normal
126,68,normal
130,78,normal
175,38,thin
133,60,normal
122,66,normal
164,40,thin
199,46,thin
167,57,fat
182,80,fat
137,80,normal
139,75,normal
140,64,normal
199,53,thin
142,47,fat
161,79,normal
130,43,normal
147,71,normal
167,51,thin
158,40,thin
155,58,fat
120,56,normal
125,78,normal
166,39,thin
164,76,normal
185,50,thin
158,63,normal
143,66,normal
173,41,thin
134,52,normal
200,42,thin
134,48,normal
121,58,normal
139,41,fat
130,63,normal
185,57,thin
196,50,thin
198,48,thin
135,36,fat
122,38,normal
192,50,thin
177,63,fat
132,58,normal
158,66,normal
120,71,normal
176,46,thin
176,37,thin
158,58,fat
189,41,thin
187,36,thin
174,45,thin
195,69,thin
141,43,fat
157,74,normal
149,48,fat
200,74,fat
179,60,fat
134,62,normal
134,61,normal
147,55,normal
127,44,normal
120,48,normal
194,46,thin
192,43,thin
133,64,normal
167,77,normal
157,56,fat
182,67,fat
176,65,fat
158,53,fat
140,66,normal
165,54,fat
197,60,thin
144,69,normal
136,52,normal
169,68,fat
187,62,thin
152,44,fat
185,68,fat
120,74,normal
146,60,normal
162,74,normal
184,43,thin
178,80,normal
143,60,normal
167,49,thin
163,63,fat
145,45,fat
164,74,normal
193,68,thin
183,54,thin
133,48,normal
135,76,normal
179,46,thin
142,73,normal
170,43,thin
183,79,fat
194,73,fat
139,64,normal
150,65,normal
134,46,normal
191,68,fat
159,46,thin
143,79,normal
127,68,normal
177,56,thin
121,42,normal
134,73,normal
194,59,thin
122,58,normal
188,67,fat
124,49,normal
169,49,thin
134,36,fat
199,46,thin
165,45,thin
130,68,normal
163,65,fat
163,36,thin
130,61,normal
155,65,normal
161,48,fat
155,66,normal
167,71,normal
197,65,thin
174,59,fat
149,40,thin
176,57,thin
134,39,fat
183,60,thin
169,44,thin
128,37,fat
122,35,fat
124,57,normal
188,74,fat
126,37,fat
148,76,normal
133,66,normal
183,47,thin
153,67,normal
138,46,fat
129,51,normal
137,53,normal
135,51,normal
129,80,normal
145,47,fat
178,47,thin
160,62,fat
148,59,normal
175,61,fat
162,54,fat
164,75,normal
164,69,normal
122,39,normal
189,79,fat
179,52,thin
146,46,fat
120,51,normal
166,60,fat
179,60,fat
174,69,fat
196,47,thin
171,64,fat
166,47,thin
155,75,normal
172,43,thin
129,70,normal
145,53,normal
166,73,normal
134,47,normal
153,66,normal
194,74,fat
199,35,thin
153,36,thin
168,49,thin
123,64,normal
149,78,normal
155,44,thin
174,55,thin
171,44,thin
173,40,thin
165,43,thin
171,72,fat
186,77,fat
142,37,thin
189,54,thin
126,57,normal
158,62,fat
121,35,fat
197,39,thin
127,49,normal
188,77,fat
155,57,fat
135,51,normal
151,37,thin
149,38,thin
166,42,thin
145,65,normal
168,48,thin
128,66,normal
179,53,thin
133,54,normal
173,43,thin
143,59,normal
176,56,thin
168,44,thin
171,74,normal
173,63,fat
178,52,thin
178,39,thin
176,36,thin
161,57,fat
176,44,thin
157,67,normal
141,38,fat
149,41,thin
187,59,thin
129,65,normal
128,45,normal
182,59,thin
191,66,thin
120,37,normal
171,75,normal
161,64,fat
173,64,fat
197,42,thin
145,72,normal
196,80,fat
131,60,normal
142,70,normal
122,57,normal
189,39,thin
156,78,normal
120,74,normal
120,52,normal
122,68,normal
131,43,normal
169,64,fat
136,39,fat
132,61,normal
196,74,fat
135,60,normal
123,48,normal
161,35,thin
157,66,normal
172,56,fat
160,79,normal
155,75,normal
144,36,thin
153,60,normal
163,58,fat
156,39,thin
146,45,fat
151,73,normal
170,76,normal
180,52,thin
145,47,fat
160,64,fat
144,35,thin
171,49,thin
146,42,fat
147,57,normal
198,75,fat
198,52,thin
172,38,thin
186,49,thin
162,73,normal
126,43,normal
128,45,normal
155,44,thin
139,57,normal
159,39,thin
179,37,thin
172,69,fat
173,76,normal
200,74,fat
169,64,fat
146,46,fat
120,37,normal
134,63,normal
122,79,normal
168,44,thin
187,50,thin
162,38,thin
175,43,thin
161,53,fat
182,58,thin
191,69,fat
121,70,normal
136,78,normal
195,36,thin
187,44,thin
189,78,fat
121,58,normal
131,56,normal
181,46,thin
188,47,thin
187,54,thin
167,68,fat
120,49,normal
190,72,fat
146,35,thin
133,47,normal
121,41,normal
134,78,normal
136,58,normal
120,54,normal
121,56,normal
177,60,fat
157,44,thin
163,59,fat
195,77,fat
172,63,fat
168,43,thin
167,39,thin
170,71,fat
157,62,normal
147,78,normal
143,36,thin
198,79,fat
152,77,normal
145,74,normal
126,55,normal
177,71,fat
163,54,fat
163,41,thin
196,68,thin
125,36,fat
195,72,fat
151,77,normal
145,57,normal
176,80,normal
186,80,fat
176,61,fat
128,76,normal
197,73,fat
149,60,normal
164,57,fat
123,55,normal
194,37,thin
192,61,thin
120,69,normal
180,35,thin
127,76,normal
128,61,normal
143,55,normal
141,77,normal
187,64,thin
153,79,normal
121,42,normal
145,79,normal
132,67,normal
174,37,thin
177,71,fat
180,61,fat
133,47,normal
125,58,normal
189,59,thin
191,69,fat
186,61,thin
192,65,thin
133,58,normal
187,80,fat
130,46,normal
177,43,thin
199,65,thin
179,59,thin
172,51,thin
130,70,normal
126,48,normal
177,67,fat
185,38,thin
131,71,normal
150,78,normal
132,36,fat
135,49,normal
155,38,thin
133,57,normal
133,50,normal
194,55,thin
163,35,thin
139,49,normal
196,47,thin
140,69,normal
175,69,fat
138,72,normal
147,78,normal
126,46,normal
185,40,thin
132,36,fat
171,46,thin
190,66,thin
192,52,thin
160,47,thin
132,70,normal
125,56,normal
195,53,thin
199,63,thin
126,75,normal
160,37,thin
126,58,normal
122,67,normal
174,37,thin
141,51,normal
162,72,normal
163,72,normal
159,66,normal
141,42,fat
141,74,normal
185,74,fat
129,79,normal
120,35,fat
157,52,fat
160,71,normal
185,76,fat
125,39,fat
145,64,normal
136,63,normal
162,67,normal
159,50,fat
189,49,thin
152,55,fat
144,65,normal
152,49,fat
167,71,normal
180,38,thin
186,36,thin
151,61,normal
168,53,fat
131,61,normal
154,53,fat
134,70,normal
195,36,thin
181,36,thin
155,51,fat
132,47,normal
122,55,normal
131,58,normal
200,56,thin
161,36,thin
145,57,normal
172,69,fat
187,65,fat
200,68,thin
200,46,thin
168,47,thin
150,79,normal
135,38,fat
140,41,fat
175,58,fat
188,78,fat
130,54,normal
120,65,normal
135,39,fat
139,65,normal
187,40,thin
149,72,normal
186,47,thin
128,64,normal
154,54,fat
170,78,normal
166,56,fat
190,57,thin
157,59,fat
156,77,normal
128,69,normal
180,36,thin
199,56,thin
146,63,normal
195,36,thin
126,62,normal
153,66,normal
129,36,fat
193,53,thin
187,62,thin
200,35,thin
132,43,fat
170,44,thin
191,57,thin
168,52,thin
157,62,normal
157,58,fat
180,35,thin
187,57,thin
123,71,normal
155,79,normal
168,59,fat
162,42,thin
153,76,normal
173,47,thin
150,52,fat
165,39,thin
122,58,normal
153,61,normal
163,80,normal
123,65,normal
175,43,thin
152,59,normal
148,52,fat
162,60,fat
149,43,fat
169,78,normal
163,41,thin
199,50,thin
162,75,normal
166,60,fat
161,63,fat
168,65,fat
142,69,normal
157,64,normal
170,52,thin
136,59,normal
200,70,thin
189,48,thin
147,74,normal
164,75,normal
186,54,thin
142,59,normal
197,73,fat
177,48,thin
181,63,fat
166,41,thin
200,61,thin
179,80,fat
147,78,normal
145,45,fat
194,56,thin
178,42,thin
126,69,normal
196,67,thin
129,51,normal
182,44,thin
129,74,normal
144,51,fat
129,58,normal
124,63,normal
158,57,fat
123,50,normal
128,76,normal
163,65,fat
121,42,normal
192,44,thin
133,71,normal
129,70,normal
138,54,normal
186,45,thin
143,46,fat
131,54,normal
189,50,thin
197,63,thin
128,52,normal
153,79,normal
177,62,fat
166,45,thin
145,41,fat
174,45,thin
133,57,normal
167,77,normal
153,68,normal
146,77,normal
176,38,thin
185,49,thin
124,68,normal
127,51,normal
146,49,fat
153,54,fat
168,45,thin
124,67,normal
155,62,normal
191,75,fat
149,61,normal
193,59,thin
171,73,fat
173,70,fat
145,50,fat
160,76,normal
159,54,fat
153,36,thin
186,61,thin
145,69,normal
177,40,thin
120,46,normal
175,79,normal
154,45,fat
174,45,thin
139,35,thin
174,42,thin
128,42,normal
129,35,fat
135,60,normal
148,65,normal
174,43,thin
175,49,thin
120,44,normal
162,61,fat
143,75,normal
174,77,normal
184,47,thin
124,57,normal
160,58,fat
199,44,thin
161,52,fat
120,58,normal
146,69,normal
164,39,thin
163,59,fat
158,41,thin
168,57,fat
184,62,thin
125,76,normal
191,66,thin
131,52,normal
132,61,normal
160,62,fat
195,42,thin
139,45,fat
199,69,thin
180,46,thin
125,52,normal
188,67,fat
177,37,thin
120,72,normal
191,42,thin
194,47,thin
177,44,thin
179,67,fat
189,40,thin
180,75,fat
186,40,thin
126,74,normal
170,61,fat
167,42,thin
149,53,fat
129,47,normal
168,70,fat
185,63,thin
172,70,fat
188,41,thin
192,45,thin
186,49,thin
138,56,normal
177,59,fat
166,71,normal
170,62,fat
182,40,thin
171,63,fat
157,65,normal
195,66,thin
200,47,thin
133,55,normal
167,79,normal
159,61,fat
164,68,normal
178,77,fat
162,63,fat
194,44,thin
176,53,thin
175,42,thin
172,44,thin
171,36,thin
140,76,normal
168,37,thin
185,40,thin
174,67,fat
157,75,normal
156,46,fat
172,70,fat
184,48,thin
191,36,thin
184,64,fat
195,65,thin
171,76,normal
143,36,thin
170,66,fat
127,79,normal
167,64,fat
185,43,thin
187,42,thin
144,35,thin
140,50,normal
138,65,normal
161,48,fat
178,45,thin
124,76,normal
134,53,normal
159,49,fat
181,44,thin
147,55,normal
191,65,thin
135,56,normal
141,63,normal
145,41,fat
175,71,fat
126,62,normal
126,64,normal
174,62,fat
184,73,fat
123,77,normal
193,66,thin
146,37,thin
165,45,thin
127,52,normal
194,65,thin
121,49,normal
169,70,fat
144,60,normal
189,79,fat
192,59,thin
182,45,thin
158,45,thin
145,39,fat
125,63,normal
186,58,thin
184,53,thin
189,36,thin
149,71,normal
158,69,normal
133,41,fat
128,41,normal
158,44,thin
177,58,fat
132,55,normal
189,57,thin
130,43,normal
182,41,thin
133,74,normal
158,40,thin
144,52,normal
188,73,fat
183,79,fat
144,73,normal
178,75,fat
161,62,fat
154,36,thin
192,57,thin
191,61,thin
149,44,fat
139,64,normal
143,51,fat
164,56,fat
143,38,fat
131,47,normal
183,39,thin
123,48,normal
187,60,thin
194,49,thin
190,53,thin
174,43,thin
190,36,thin
169,44,thin
189,49,thin
140,65,normal
120,61,normal
129,72,normal
171,64,fat
189,77,fat
159,57,fat
131,67,normal
170,67,fat
182,79,fat
162,76,normal
187,39,thin
193,78,fat
158,61,fat
194,77,fat
163,77,normal
147,41,fat
144,68,normal
144,54,normal
159,39,thin
169,54,fat
139,72,normal
121,52,normal
158,39,thin
179,68,fat
184,64,fat
195,56,thin
127,64,normal
143,52,normal
172,38,thin
190,65,thin
144,51,fat
145,59,normal
184,51,thin
137,45,fat
125,42,normal
197,63,thin
132,58,normal
166,54,fat
138,37,fat
168,47,thin
175,48,thin
141,68,normal
195,37,thin
199,35,thin
192,70,fat
121,64,normal
163,80,normal
128,54,normal
185,74,fat
170,41,thin
120,59,normal
188,35,thin
143,64,normal
173,61,fat
131,57,normal
192,75,fat
184,71,fat
126,39,fat
151,41,thin
140,44,fat
155,71,normal
154,71,normal
163,76,normal
149,55,fat
183,48,thin
171,76,normal
139,50,normal
161,56,fat
136,54,normal
168,49,thin
178,44,thin
154,68,normal
126,35,fat
159,56,fat
185,70,fat
156,62,normal
186,60,thin
139,65,normal
146,62,normal
131,79,normal
200,59,thin
197,42,thin
190,40,thin
195,52,thin
179,79,fat
177,44,thin
190,74,fat
173,71,fat
170,43,thin
187,45,thin
138,50,normal
128,43,normal
129,48,normal
140,37,fat
168,58,fat
163,79,normal
182,69,fat
168,50,thin
198,43,thin
180,61,fat
126,74,normal
184,60,thin
167,59,fat
165,38,thin
178,50,thin
131,41,fat
177,75,fat
166,73,normal
160,53,fat
162,58,fat
169,50,thin
129,71,normal
175,58,fat
166,55,fat
126,55,normal
150,70,normal
178,50,thin
194,37,thin
180,63,fat
127,52,normal
125,48,normal
159,62,fat
192,55,thin
135,56,normal
163,75,normal
156,68,normal
151,74,normal
123,59,normal
136,42,fat
124,41,normal
126,74,normal
166,50,thin
154,35,thin
125,75,normal
197,72,fat
188,52,thin
186,42,thin
142,71,normal
145,43,fat
166,73,normal
136,71,normal
131,68,normal
144,58,normal
192,79,fat
132,62,normal
126,53,normal
181,70,fat
166,43,thin
177,62,fat
194,42,thin
165,52,fat
124,67,normal
136,77,normal
187,51,thin
145,35,thin
196,45,thin
129,54,normal
165,48,thin
143,50,fat
154,57,fat
183,68,fat
185,71,fat
151,35,thin
158,77,normal
196,37,thin
128,63,normal
150,55,fat
129,46,normal
159,63,fat
174,80,normal
147,63,normal
135,41,fat
144,77,normal
181,56,thin
167,73,normal
153,59,normal
168,41,thin
187,51,thin
123,56,normal
194,50,thin
131,78,normal
149,61,normal
172,72,fat
158,79,normal
138,53,normal
162,57,fat
142,41,fat
188,38,thin
130,40,fat
185,43,thin
196,72,fat
199,58,thin
163,35,thin
134,62,normal
183,75,fat
186,36,thin
134,63,normal
151,67,normal
164,61,fat
178,76,fat
132,60,normal
157,54,fat
128,52,normal
183,55,thin
170,47,thin
199,63,thin
167,45,thin
152,63,normal
193,66,thin
181,43,thin
152,39,thin
148,61,normal
168,67,fat
130,62,normal
176,75,fat
180,66,fat
124,75,normal
146,71,normal
192,75,fat
181,42,thin
192,43,thin
171,80,normal
135,57,normal
150,71,normal
188,77,fat
176,44,thin
139,71,normal
195,80,fat
161,79,normal
125,71,normal
125,59,normal
179,69,fat
152,78,normal
126,46,normal
138,79,normal
148,50,fat
166,43,thin
200,48,thin
194,40,thin
122,57,normal
168,65,fat
127,60,normal
173,50,thin
177,76,fat
134,49,normal
125,55,normal
145,48,fat
147,76,normal
172,62,fat
124,58,normal
164,52,fat
133,80,normal
200,64,thin
194,47,thin
163,59,fat
168,76,normal
146,36,thin
128,66,normal
152,55,fat
146,72,normal
163,76,normal
189,71,fat
125,78,normal
134,59,normal
178,63,fat
135,80,normal
132,62,normal
169,51,thin
175,54,thin
131,44,normal
192,66,thin
190,74,fat
190,74,fat
177,74,fat
154,51,fat
150,48,fat
198,73,fat
153,68,normal
168,45,thin
135,35,fat
161,66,normal
195,58,thin
140,48,fat
194,57,thin
153,38,thin
168,41,thin
139,36,fat
198,40,thin
178,42,thin
144,72,normal
152,77,normal
192,48,thin
155,68,normal
149,49,fat
128,55,normal
127,53,normal
127,41,normal
191,56,thin
151,75,normal
132,46,normal
193,48,thin
149,53,fat
188,65,thin
196,43,thin
180,62,fat
155,36,thin
130,48,normal
164,43,thin
172,69,fat
137,76,normal
147,79,normal
132,50,normal
188,53,thin
184,65,fat
125,46,normal
192,65,thin
175,50,thin
170,46,thin
125,59,normal
188,52,thin
163,64,fat
193,35,thin
149,39,thin
147,71,normal
193,55,thin
192,67,thin
170,41,thin
161,65,normal
121,61,normal
193,65,thin
178,42,thin
191,43,thin
155,70,normal
144,66,normal
189,71,fat
178,69,fat
151,65,normal
178,47,thin
143,39,fat
169,55,fat
184,41,thin
120,46,normal
150,60,normal
153,41,thin
180,55,thin
149,66,normal
132,61,normal
128,78,normal
166,70,normal
158,69,normal
180,52,thin
133,48,normal
192,69,fat
157,56,fat
127,40,fat
162,78,normal
125,57,normal
123,38,normal
154,40,thin
140,54,normal
168,60,fat
189,74,fat
183,48,thin
143,79,normal
191,35,thin
194,43,thin
184,66,fat
158,66,normal
162,60,fat
163,42,thin
120,66,normal
173,53,thin
147,43,fat
191,37,thin
199,58,thin
182,65,fat
134,41,fat
144,73,normal
147,78,normal
132,61,normal
124,48,normal
154,72,normal
124,39,normal
171,60,fat
162,78,normal
147,57,normal
144,66,normal
137,56,normal
185,40,thin
135,57,normal
197,39,thin
171,72,fat
138,56,normal
186,69,fat
127,55,normal
132,65,normal
157,63,normal
132,77,normal
127,79,normal
195,74,fat
135,36,fat
128,49,normal
165,39,thin
176,65,fat
122,68,normal
152,39,thin
173,54,thin
167,71,normal
175,36,thin
157,43,thin
140,69,normal
128,35,fat
184,46,thin
134,47,normal
176,59,fat
125,68,normal
131,55,normal
170,62,fat
141,62,normal
178,64,fat
132,49,normal
151,63,normal
193,62,thin
165,73,normal
121,74,normal
190,50,thin
200,38,thin
170,62,fat
147,48,fat
127,52,normal
131,65,normal
128,63,normal
182,52,thin
143,68,normal
133,38,fat
187,68,fat
121,44,normal
147,80,normal
135,39,fat
187,73,fat
200,78,fat
197,68,thin
133,75,normal
152,50,fat
162,52,fat
129,40,fat
139,62,normal
195,45,thin
160,69,normal
132,68,normal
182,60,thin
132,46,normal
157,76,normal
194,41,thin
197,42,thin
166,47,thin
181,47,thin
173,62,fat
160,78,normal
140,38,fat
178,55,thin
130,64,normal
167,48,thin
135,74,normal
184,64,fat
139,66,normal
153,52,fat
189,53,thin
121,54,normal
166,62,fat
157,45,thin
136,77,normal
169,65,fat
191,70,fat
172,53,thin
131,75,normal
165,76,normal
133,62,normal
137,38,fat
163,43,thin
129,61,normal
133,44,fat
127,76,normal
182,50,thin
181,70,fat
147,74,normal
165,69,normal
134,44,fat
126,36,fat
128,70,normal
196,75,fat
143,55,normal
189,54,thin
157,41,thin
131,47,normal
149,59,normal
149,67,normal
192,66,thin
191,77,fat
163,66,fat
172,47,thin
123,52,normal
188,52,thin
170,48,thin
126,71,normal
162,49,fat
188,55,thin
159,39,thin
127,50,normal
146,67,normal
120,65,normal
192,71,fat
149,51,fat
132,56,normal
183,67,fat
159,62,fat
158,59,fat
164,78,normal
199,53,thin
164,53,fat
134,60,normal
153,65,normal
153,65,normal
190,39,thin
124,54,normal
134,38,fat
185,71,fat
189,77,fat
122,42,normal
127,52,normal
146,50,fat
131,64,normal
187,70,fat
163,60,fat
185,52,thin
127,78,normal
196,55,thin
159,75,normal
157,80,normal
186,79,fat
147,56,normal
138,47,fat
197,72,fat
152,78,normal
177,74,fat
122,43,normal
153,78,normal
148,44,fat
155,51,fat
185,72,fat
164,54,fat
191,43,thin
143,77,normal
127,35,fat
200,77,fat
149,80,normal
122,62,normal
192,66,thin
196,73,fat
147,61,normal
144,40,fat
188,67,fat
126,39,fat
194,57,thin
188,70,fat
155,42,thin
193,52,thin
200,58,thin
166,65,fat
124,50,normal
176,57,thin
137,50,normal
176,76,fat
194,41,thin
153,70,normal
199,80,fat
148,54,fat
144,72,normal
143,77,normal
141,58,normal
147,56,normal
158,60,fat
150,76,normal
136,74,normal
167,53,fat
126,55,normal
125,63,normal
195,76,fat
196,72,fat
170,54,fat
197,43,thin
127,46,normal
156,53,fat
190,75,fat
145,79,normal
153,78,normal
131,63,normal
147,36,thin
141,57,normal
172,63,fat
123,52,normal
193,40,thin
192,75,fat
136,46,fat
174,52,thin
147,77,normal
144,39,fat
199,68,thin
165,41,thin
189,54,thin
144,77,normal
190,37,thin
200,58,thin
158,78,normal
195,66,thin
164,73,normal
182,39,thin
150,79,normal
173,66,fat
171,43,thin
138,62,normal
144,78,normal
176,65,fat
199,68,thin
172,66,fat
129,45,normal
158,51,fat
123,43,normal
186,74,fat
158,46,thin
164,75,normal
175,41,thin
169,76,normal
157,44,thin
154,42,thin
176,58,fat
170,70,fat
135,45,fat
158,75,normal
183,80,fat
192,54,thin
196,77,fat
170,47,thin
128,53,normal
184,53,thin
195,68,thin
143,61,normal
179,74,fat
149,80,normal
131,67,normal
140,61,normal
200,52,thin
184,38,thin
141,66,normal
179,74,fat
154,71,normal
122,58,normal
169,60,fat
199,41,thin
168,71,normal
156,53,fat
200,49,thin
179,58,thin
126,62,normal
158,71,normal
137,66,normal
153,62,normal
121,54,normal
185,46,thin
174,42,thin
175,72,fat
185,38,thin
191,37,thin
144,67,normal
166,73,normal
146,36,thin
133,75,normal
176,66,fat
194,63,thin
126,74,normal
153,79,normal
200,73,thin
148,60,normal
134,40,fat
190,54,thin
191,70,fat
134,46,normal
185,58,thin
148,43,fat
169,50,thin
130,51,normal
170,68,fat
149,46,fat
177,78,fat
189,54,thin
141,51,normal
175,69,fat
189,44,thin
178,80,normal
168,74,normal
159,74,normal
171,41,thin
134,62,normal
188,45,thin
167,80,normal
190,76,fat
128,60,normal
148,38,thin
177,72,fat
193,70,fat
188,74,fat
187,52,thin
192,36,thin
163,60,fat
155,74,normal
135,60,normal
137,37,fat
178,54,thin
122,46,normal
140,54,normal
189,68,fat
195,44,thin
176,73,fat
197,78,fat
179,79,fat
140,78,normal
144,78,normal
186,63,thin
174,45,thin
131,49,normal
134,75,normal
177,63,fat
154,79,normal
125,75,normal
129,76,normal
200,47,thin
159,72,normal
159,44,thin
160,75,normal
197,69,thin
195,55,thin
127,40,fat
141,57,normal
128,48,normal
146,54,normal
180,46,thin
160,55,fat
122,40,normal
182,65,fat
152,46,fat
141,45,fat
148,61,normal
180,65,fat
200,56,thin
186,51,thin
168,69,fat
162,73,normal
138,43,fat
172,64,fat
184,58,thin
130,74,normal
179,35,thin
163,59,fat
135,70,normal
125,48,normal
129,63,normal
193,60,thin
172,56,fat
137,67,normal
179,70,fat
183,77,fat
158,36,thin
194,70,fat
195,70,thin
162,52,fat
146,57,normal
130,79,normal
163,63,fat
181,77,fat
162,53,fat
133,74,normal
175,57,fat
131,49,normal
141,38,fat
172,63,fat
196,70,thin
158,52,fat
142,67,normal
126,65,normal
139,68,normal
152,64,normal
193,76,fat
185,67,fat
122,64,normal
169,79,normal
157,42,thin
134,43,fat
130,78,normal
151,69,normal
176,54,thin
163,53,fat
120,49,normal
158,40,thin
132,75,normal
124,60,normal
130,60,normal
139,75,normal
152,38,thin
192,69,fat
135,48,normal
150,46,fat
197,71,thin
172,45,thin
172,65,fat
166,70,normal
199,57,thin
198,43,thin
136,45,fat
180,75,fat
191,74,fat
144,78,normal
178,77,fat
134,53,normal
196,52,thin
128,52,normal
185,41,thin
147,73,normal
170,75,normal
182,76,fat
174,58,fat
157,47,fat
126,56,normal
184,74,fat
172,72,fat
153,40,thin
167,61,fat
174,45,thin
155,80,normal
173,36,thin
162,77,normal
160,60,fat
125,78,normal
133,51,normal
133,79,normal
183,54,thin
156,35,thin
137,48,normal
170,54,fat
148,38,thin
167,43,thin
143,41,fat
152,68,normal
163,64,fat
151,55,fat
154,56,fat
137,68,normal
153,71,normal
161,43,thin
151,72,normal
150,38,thin
165,78,normal
164,75,normal
121,47,normal
172,48,thin
170,54,fat
167,57,fat
150,52,fat
163,80,normal
179,48,thin
183,75,fat
147,74,normal
178,52,thin
146,48,fat
165,43,thin
167,58,fat
156,71,normal
143,43,fat
164,49,thin
161,35,thin
177,57,thin
151,69,normal
149,63,normal
153,49,fat
198,71,thin
132,56,normal
154,38,thin
145,44,fat
172,55,fat
121,42,normal
145,49,fat
200,55,thin
141,75,normal
170,44,thin
122,56,normal
165,46,thin
151,39,thin
125,60,normal
188,51,thin
195,52,thin
130,43,normal
145,51,fat
165,58,fat
181,46,thin
135,72,normal
159,44,thin
175,40,thin
188,64,thin
169,39,thin
196,47,thin
122,76,normal
187,46,thin
194,80,fat
129,40,fat
197,51,thin
179,39,thin
183,57,thin
149,40,thin
137,51,normal
124,60,normal
148,77,normal
158,71,normal
145,65,normal
139,36,fat
181,78,fat
166,35,thin
169,49,thin
144,48,fat
168,73,normal
138,80,normal
192,59,thin
159,59,fat
123,57,normal
129,54,normal
146,39,thin
165,46,thin
135,39,fat
136,78,normal
140,74,normal
139,68,normal
165,80,normal
193,38,thin
124,74,normal
176,54,thin
127,66,normal
166,49,thin
125,69,normal
144,79,normal
167,63,fat
192,37,thin
132,37,fat
160,51,fat
152,76,normal
138,41,fat
197,47,thin
142,66,normal
123,52,normal
139,79,normal
121,75,normal
131,70,normal
197,51,thin
174,55,thin
130,43,normal
185,48,thin
162,47,thin
143,67,normal
159,64,normal
143,47,fat
124,59,normal
178,64,fat
125,39,fat
194,70,fat
150,72,normal
140,68,normal
152,67,normal
150,45,fat
194,77,fat
144,55,normal
197,66,thin
163,50,fat
132,65,normal
156,44,thin
127,44,normal
188,67,fat
148,61,normal
194,40,thin
153,73,normal
157,73,normal
187,39,thin
194,53,thin
200,70,thin
150,75,normal
171,52,thin
172,56,fat
161,57,fat
143,78,normal
199,76,fat
157,55,fat
167,80,normal
177,41,thin
183,40,thin
174,73,fat
195,69,thin
161,77,normal
120,45,normal
129,67,normal
146,54,normal
171,75,normal
124,72,normal
141,39,fat
138,69,normal
149,45,fat
186,72,fat
128,40,fat
193,45,thin
130,45,normal
169,76,normal
170,53,thin
197,40,thin
195,68,thin
133,46,normal
139,49,normal
145,74,normal
131,36,fat
179,65,fat
182,37,thin
185,46,thin
128,67,normal
196,38,thin
196,50,thin
198,72,thin
166,68,fat
159,80,normal
198,51,thin
170,74,normal
170,54,fat
153,75,normal
148,35,thin
189,43,thin
188,59,thin
167,39,thin
139,77,normal
167,77,normal
122,53,normal
134,62,normal
166,66,fat
174,47,thin
156,61,normal
159,60,fat
127,66,normal
146,77,normal
153,36,thin
183,70,fat
153,47,fat
152,60,normal
122,63,normal
136,46,fat
128,58,normal
128,59,normal
155,62,normal
130,75,normal
134,44,fat
168,49,thin
145,65,normal
129,47,normal
161,36,thin
122,76,normal
136,56,normal
197,65,thin
146,68,normal
175,57,fat
195,58,thin
137,59,normal
175,60,fat
188,52,thin
168,59,fat
145,67,normal
136,69,normal
133,68,normal
139,63,normal
122,40,normal
182,80,fat
189,48,thin
183,78,fat
177,50,thin
127,44,normal
122,60,normal
141,50,normal
121,77,normal
167,76,normal
183,49,thin
192,46,thin
166,77,normal
152,52,fat
189,67,fat
157,71,normal
148,80,normal
167,38,thin
152,78,normal
179,56,thin
151,53,fat
142,73,normal
198,39,thin
159,51,fat
142,37,thin
153,68,normal
194,61,thin
180,60,fat
162,71,normal
167,40,thin
165,71,normal
155,64,normal
132,40,fat
126,45,normal
140,46,fat
194,65,thin
124,56,normal
127,74,normal
170,69,fat
158,55,fat
154,37,thin
155,36,thin
193,62,thin
185,62,thin
153,36,thin
148,58,normal
120,45,normal
129,61,normal
147,60,normal
142,44,fat
148,69,normal
125,76,normal
142,43,fat
150,53,fat
153,40,thin
137,38,fat
136,80,normal
192,44,thin
178,73,fat
178,72,fat
169,55,fat
129,76,normal
189,75,fat
124,77,normal
162,80,normal
161,62,fat
180,52,thin
156,80,normal
158,77,normal
152,39,thin
185,63,thin
145,50,fat
145,36,thin
125,80,normal
168,41,thin
143,72,normal
147,52,fat
137,37,fat
171,67,fat
172,79,normal
155,57,fat
183,71,fat
180,54,thin
193,64,thin
158,76,normal
196,61,thin
137,71,normal
134,78,normal
129,43,normal
162,71,normal
191,49,thin
136,52,normal
139,68,normal
190,51,thin
138,69,normal
120,57,normal
150,63,normal
185,40,thin
179,57,thin
128,57,normal
182,72,fat
193,78,fat
191,37,thin
137,60,normal
170,44,thin
127,70,normal
127,79,normal
195,72,fat
139,43,fat
134,47,normal
189,57,thin
157,55,fat
128,61,normal
123,62,normal
122,35,fat
126,57,normal
123,40,normal
184,76,fat
152,61,normal
197,57,thin
186,45,thin
165,48,thin
199,48,thin
189,48,thin
197,73,fat
139,60,normal
164,42,thin
180,65,fat
160,70,normal
130,38,fat
122,62,normal
151,58,normal
160,47,thin
126,76,normal
168,52,thin
171,80,normal
193,63,thin
138,46,fat
199,69,thin
122,59,normal
162,51,fat
138,78,normal
190,51,thin
189,54,thin
139,37,fat
175,53,thin
134,45,normal
148,45,fat
182,49,thin
193,65,thin
153,79,normal
162,77,normal
193,46,thin
126,51,normal
166,80,normal
135,45,fat
162,51,fat
141,39,fat
163,51,fat
181,65,fat
194,76,fat
186,74,fat
138,61,normal
186,36,thin
161,39,thin
183,46,thin
164,64,fat
121,65,normal
174,53,thin
127,73,normal
124,77,normal
145,56,normal
192,68,thin
153,73,normal
195,54,thin
182,76,fat
158,61,fat
195,68,thin
140,56,normal
198,79,fat
134,57,normal
197,49,thin
126,78,normal
179,41,thin
144,75,normal
190,80,fat
189,38,thin
194,48,thin
195,71,fat
163,42,thin
189,66,thin
161,40,thin
125,45,normal
193,61,thin
158,44,thin
170,70,fat
131,63,normal
176,72,fat
128,52,normal
148,48,fat
137,62,normal
200,75,fat
174,66,fat
158,50,fat
182,69,fat
180,70,fat
142,43,fat
160,45,thin
145,57,normal
132,47,normal
187,60,thin
173,70,fat
189,54,thin
163,44,thin
191,37,thin
131,63,normal
187,53,thin
181,42,thin
176,59,fat
135,58,normal
179,66,fat
153,68,normal
191,42,thin
132,38,fat
195,70,thin
157,45,thin
200,50,thin
148,66,normal
172,71,fat
189,69,fat
159,54,fat
156,47,fat
154,45,fat
138,44,fat
123,50,normal
120,38,normal
141,58,normal
189,60,thin
138,58,normal
131,63,normal
165,66,fat
170,41,thin
170,58,fat
136,52,normal
184,61,thin
135,66,normal
200,44,thin
169,67,fat
177,45,thin
200,79,fat
161,45,thin
130,44,normal
168,69,fat
197,59,thin
177,35,thin
160,50,fat
122,67,normal
189,64,thin
124,40,normal
177,73,fat
144,46,fat
151,67,normal
196,64,thin
157,61,fat
168,60,fat
165,52,fat
183,48,thin
165,77,normal
131,52,normal
192,56,thin
144,44,fat
148,49,fat
157,71,normal
197,80,fat
190,50,thin
164,47,thin
163,77,normal
137,71,normal
151,72,normal
165,51,fat
187,72,fat
171,53,thin
131,77,normal
159,80,normal
124,52,normal
187,62,thin
179,67,fat
158,36,thin
132,48,normal
156,75,normal
158,47,fat
132,52,normal
138,51,normal
162,63,fat
156,72,normal
188,46,thin
155,54,fat
163,60,fat
149,75,normal
186,59,thin
154,57,fat
180,57,thin
122,61,normal
149,41,thin
149,61,normal
180,65,fat
149,44,fat
127,43,normal
159,56,fat
151,61,normal
163,77,normal
185,39,thin
130,76,normal
151,42,thin
178,45,thin
189,79,fat
186,47,thin
120,51,normal
135,78,normal
130,48,normal
129,45,normal
147,49,fat
171,49,thin
167,42,thin
157,44,thin
188,53,thin
186,55,thin
181,71,fat
181,73,fat
162,63,fat
130,48,normal
178,41,thin
145,58,normal
128,37,fat
152,36,thin
154,68,normal
151,65,normal
196,42,thin
159,65,normal
191,69,fat
192,64,thin
152,56,fat
129,74,normal
196,54,thin
182,63,fat
184,40,thin
144,65,normal
173,76,normal
183,42,thin
126,55,normal
189,79,fat
142,51,normal
191,65,thin
140,60,normal
160,51,fat
132,79,normal
137,48,normal
178,58,thin
199,47,thin
134,50,normal
155,57,fat
178,38,thin
158,62,fat
166,78,normal
177,77,fat
200,65,thin
125,38,fat
127,77,normal
183,66,fat
168,45,thin
171,62,fat
192,67,thin
124,79,normal
198,44,thin
130,69,normal
192,64,thin
185,41,thin
151,43,fat
196,80,fat
179,54,thin
124,80,normal
127,59,normal
134,64,normal
200,53,thin
191,47,thin
156,41,thin
154,72,normal
192,40,thin
140,65,normal
194,50,thin
158,74,normal
132,76,normal
131,71,normal
138,78,normal
144,35,thin
191,45,thin
147,41,fat
155,58,fat
177,47,thin
138,72,normal
144,80,normal
160,58,fat
144,46,fat
150,79,normal
140,40,fat
196,67,thin
162,64,fat
187,56,thin
162,44,thin
133,75,normal
120,55,normal
142,77,normal
156,70,normal
153,57,fat
199,61,thin
156,39,thin
131,58,normal
160,56,fat
177,37,thin
169,74,normal
126,39,fat
173,51,thin
153,37,thin
137,42,fat
124,35,fat
184,75,fat
146,77,normal
193,65,thin
150,52,fat
147,57,normal
125,80,normal
164,74,normal
175,77,normal
133,57,normal
127,48,normal
149,52,fat
140,73,normal
182,41,thin
198,53,thin
124,69,normal
196,70,thin
136,70,normal
153,54,fat
135,62,normal
174,77,normal
178,42,thin
178,51,thin
149,67,normal
190,37,thin
132,57,normal
197,71,thin
128,41,normal
171,47,thin
138,40,fat
160,38,thin
165,40,thin
188,72,fat
125,79,normal
200,44,thin
180,39,thin
181,49,thin
194,68,thin
138,41,fat
149,55,fat
161,58,fat
135,38,fat
162,71,normal
189,39,thin
129,60,normal
139,54,normal
153,60,normal
176,40,thin
194,70,fat
121,61,normal
125,64,normal
155,55,fat
175,54,thin
122,58,normal
169,42,thin
175,58,fat
166,35,thin
152,61,normal
170,41,thin
164,73,normal
196,71,thin
159,79,normal
134,43,fat
121,66,normal
131,39,fat
144,74,normal
151,63,normal
173,74,fat
120,47,normal
152,36,thin
153,75,normal
137,51,normal
149,41,thin
123,52,normal
152,68,normal
157,69,normal
158,70,normal
163,70,normal
148,53,fat
172,62,fat
183,69,fat
184,68,fat
172,50,thin
127,76,normal
174,49,thin
134,41,fat
130,52,normal
173,36,thin
130,36,fat
165,52,fat
183,47,thin
176,71,fat
138,67,normal
164,68,normal
176,70,fat
136,69,normal
180,38,thin
193,57,thin
135,42,fat
145,73,normal
178,65,fat
199,58,thin
138,67,normal
133,60,normal
158,62,fat
132,53,normal
135,46,normal
176,71,fat
167,79,normal
156,68,normal
163,56,fat
147,64,normal
144,45,fat
158,51,fat
189,63,thin
189,71,fat
181,46,thin
157,66,normal
176,79,normal
140,65,normal
138,35,thin
129,66,normal
122,45,normal
177,51,thin
168,66,fat
134,41,fat
155,39,thin
126,42,normal
156,61,normal
183,69,fat
157,80,normal
168,43,thin
159,35,thin
177,46,thin
144,43,fat
174,54,thin
143,45,fat
151,75,normal
172,74,normal
150,59,normal
133,71,normal
178,77,fat
138,75,normal
160,69,normal
168,64,fat
132,60,normal
199,78,fat
147,69,normal
152,66,normal
149,46,fat
131,65,normal
184,78,fat
124,74,normal
142,61,normal
166,74,normal
141,47,fat
170,55,fat
141,49,fat
169,53,fat
123,48,normal
185,36,thin
138,58,normal
188,38,thin
139,38,fat
152,46,fat
177,55,thin
173,44,thin
154,54,fat
132,66,normal
132,51,normal
167,46,thin
137,38,fat
194,45,thin
122,51,normal
161,72,normal
125,54,normal
195,49,thin
144,73,normal
129,69,normal
148,78,normal
200,68,thin
164,69,normal
158,62,fat
171,44,thin
172,66,fat
143,51,fat
137,61,normal
125,50,normal
123,44,normal
195,65,thin
183,49,thin
125,63,normal
159,35,thin
137,60,normal
197,57,thin
171,65,fat
165,62,fat
129,54,normal
163,63,fat
137,60,normal
144,62,normal
124,78,normal
189,64,thin
143,74,normal
171,39,thin
121,79,normal
126,50,normal
130,70,normal
165,74,normal
186,68,fat
153,45,fat
164,66,fat
143,57,normal
143,46,fat
137,52,normal
152,47,fat
174,71,fat
172,79,normal
164,42,thin
189,66,thin
142,77,normal
169,54,fat
183,61,thin
180,48,thin
155,62,normal
145,72,normal
196,63,thin
172,59,fat
159,46,thin
124,56,normal
195,35,thin
161,45,thin
182,46,thin
190,56,thin
194,52,thin
197,62,thin
190,52,thin
135,68,normal
193,42,thin
120,56,normal
151,72,normal
126,67,normal
122,60,normal
185,80,fat
189,55,thin
192,61,thin
150,61,normal
152,80,normal
142,74,normal
134,61,normal
124,74,normal
197,76,fat
184,80,fat
179,50,thin
184,50,thin
168,48,thin
160,40,thin
184,78,fat
157,68,normal
198,73,fat
182,74,fat
188,58,thin
150,56,fat
181,62,fat
185,62,thin
134,56,normal
189,41,thin
185,38,thin
138,70,normal
176,43,thin
200,47,thin
199,70,thin
189,35,thin
181,35,thin
171,73,fat
147,61,normal
161,37,thin
144,37,thin
142,45,fat
191,77,fat
140,51,normal
191,56,thin
120,57,normal
173,71,fat
167,70,normal
193,44,thin
180,47,thin
183,47,thin
193,61,thin
156,65,normal
192,79,fat
158,38,thin
139,71,normal
139,43,fat
148,60,normal
172,52,thin
158,46,thin
198,73,fat
149,65,normal
124,60,normal
127,46,normal
136,40,fat
199,70,thin
171,63,fat
149,41,thin
191,78,fat
138,77,normal
123,56,normal
177,56,thin
157,62,normal
150,69,normal
191,51,thin
187,59,thin
137,67,normal
139,60,normal
184,60,thin
186,79,fat
179,69,fat
138,45,fat
143,62,normal
173,56,fat
151,36,thin
185,44,thin
124,59,normal
140,54,normal
173,50,thin
153,54,fat
152,52,fat
164,76,normal
139,72,normal
191,49,thin
166,40,thin
151,65,normal
153,55,fat
196,62,thin
182,35,thin
134,79,normal
154,40,thin
164,67,fat
182,75,fat
133,77,normal
187,51,thin
142,45,fat
163,39,thin
127,43,normal
154,78,normal
185,72,fat
191,48,thin
126,38,fat
121,69,normal
145,48,fat
179,65,fat
191,60,thin
188,53,thin
195,62,thin
132,73,normal
124,48,normal
194,62,thin
189,75,fat
195,58,thin
182,61,thin
166,63,fat
128,53,normal
167,67,fat
134,65,normal
124,57,normal
167,65,fat
188,80,fat
195,80,fat
169,58,fat
135,44,fat
151,54,fat
136,37,fat
126,41,normal
186,57,thin
121,52,normal
177,54,thin
172,57,fat
154,78,normal
142,53,normal
161,50,fat
144,57,normal
163,74,normal
164,42,thin
146,52,fat
193,73,fat
144,66,normal
184,39,thin
153,60,normal
137,54,normal
135,40,fat
191,59,thin
123,48,normal
129,68,normal
132,55,normal
153,48,fat
125,42,normal
147,79,normal
130,45,normal
185,44,thin
131,48,normal
187,45,thin
126,57,normal
165,60,fat
129,39,fat
186,47,thin
145,57,normal
127,65,normal
175,77,normal
199,64,thin
133,70,normal
192,70,fat
171,77,normal
160,37,thin
158,42,thin
195,59,thin
165,56,fat
189,52,thin
197,54,thin
177,78,fat
188,78,fat
168,57,fat
148,68,normal
145,68,normal
182,49,thin
171,59,fat
185,49,thin
145,65,normal
135,38,fat
179,69,fat
191,56,thin
186,75,fat
198,70,thin
180,80,fat
181,56,thin
159,48,fat
172,59,fat
176,57,thin
155,46,fat
183,72,fat
149,50,fat
154,40,thin
161,68,normal
179,70,fat
197,44,thin
146,67,normal
196,39,thin
155,55,fat
154,52,fat
141,63,normal
169,79,normal
130,56,normal
178,74,fat
142,36,thin
172,46,thin
199,80,fat
122,66,normal
125,43,normal
145,37,thin
188,69,fat
193,76,fat
198,62,thin
162,38,thin
159,42,thin
189,47,thin
155,60,fat
191,76,fat
175,37,thin
200,42,thin
129,66,normal
122,49,normal
163,79,normal
179,39,thin
159,63,fat
160,41,thin
167,63,fat
189,47,thin
143,57,normal
121,60,normal
131,73,normal
146,67,normal
165,41,thin
187,48,thin
200,73,thin
173,61,fat
147,38,thin
143,46,fat
120,40,normal
140,79,normal
163,76,normal
178,55,thin
149,47,fat
144,80,normal
197,39,thin
143,67,normal
194,61,thin
195,62,thin
137,54,normal
176,68,fat
122,72,normal
200,44,thin
158,36,thin
177,72,fat
149,71,normal
200,77,fat
184,75,fat
177,56,thin
176,43,thin
186,47,thin
135,48,normal
183,79,fat
132,50,normal
162,39,thin
189,73,fat
158,40,thin
176,48,thin
171,64,fat
165,80,normal
142,66,normal
199,68,thin
195,74,fat
146,61,normal
144,36,thin
141,43,fat
132,76,normal
153,40,thin
131,61,normal
125,67,normal
162,38,thin
148,64,normal
134,50,normal
132,61,normal
158,62,fat
156,80,normal
162,53,fat
136,69,normal
150,58,normal
151,40,thin
140,37,fat
135,61,normal
158,62,fat
189,79,fat
198,40,thin
196,60,thin
134,45,normal
142,69,normal
155,41,thin
175,69,fat
161,47,thin
123,62,normal
141,79,normal
166,76,normal
164,40,thin
138,67,normal
126,71,normal
166,78,normal
182,52,thin
178,41,thin
144,45,fat
180,45,thin
123,75,normal
171,75,normal
176,42,thin
174,65,fat
174,38,thin
149,75,normal
148,59,normal
190,69,fat
134,51,normal
124,74,normal
122,70,normal
191,42,thin
142,80,normal
128,52,normal
184,80,fat
197,72,fat
158,41,thin
157,58,fat
181,60,thin
130,70,normal
138,63,normal
125,45,normal
169,61,fat
135,80,normal
187,66,fat
189,62,thin
169,41,thin
182,37,thin
168,69,fat
136,54,normal
140,77,normal
120,66,normal
199,38,thin
198,57,thin
192,68,thin
192,73,fat
125,53,normal
172,41,thin
147,44,fat
126,57,normal
197,35,thin
177,44,thin
166,80,normal
141,44,fat
141,51,normal
160,73,normal
140,60,normal
129,57,normal
162,50,fat
130,77,normal
151,80,normal
129,39,fat
133,41,fat
196,62,thin
171,68,fat
200,43,thin
192,52,thin
140,46,fat
158,51,fat
161,79,normal
166,51,fat
175,65,fat
156,73,normal
173,36,thin
190,59,thin
142,48,fat
166,36,thin
179,37,thin
143,79,normal
169,54,fat
157,39,thin
157,36,thin
170,69,fat
146,50,fat
185,62,thin
142,74,normal
161,68,normal
146,46,fat
134,70,normal
184,52,thin
186,73,fat
172,72,fat
195,49,thin
154,74,normal
194,68,thin
147,46,fat
120,39,normal
132,52,normal
142,74,normal
173,55,thin
134,71,normal
145,76,normal
172,61,fat
134,45,normal
137,77,normal
160,46,thin
154,59,fat
123,41,normal
194,35,thin
167,41,thin
126,64,normal
198,59,thin
186,57,thin
195,50,thin
167,78,normal
132,63,normal
192,52,thin
161,42,thin
156,78,normal
194,42,thin
156,54,fat
153,58,fat
139,58,normal
121,43,normal
156,68,normal
189,39,thin
146,43,fat
173,71,fat
121,75,normal
140,79,normal
164,79,normal
124,53,normal
142,41,fat
124,42,normal
195,38,thin
179,69,fat
122,38,normal
180,47,thin
186,41,thin
181,39,thin
143,52,normal
184,58,thin
187,76,fat
154,78,normal
182,69,fat
132,55,normal
121,65,normal
198,42,thin
179,39,thin
125,36,fat
193,79,fat
138,47,fat
194,64,thin
125,69,normal
186,74,fat
168,59,fat
169,61,fat
187,63,thin
199,44,thin
124,74,normal
140,54,normal
129,58,normal
158,76,normal
169,70,fat
152,55,fat
151,67,normal
135,66,normal
167,59,fat
168,42,thin
129,55,normal
164,36,thin
186,41,thin
120,47,normal
181,44,thin
192,77,fat
147,72,normal
155,57,fat
195,79,fat
120,53,normal
184,64,fat
123,43,normal
145,42,fat
184,43,thin
181,75,fat
181,47,thin
183,39,thin
148,77,normal
193,55,thin
152,57,fat
146,43,fat
182,38,thin
141,66,normal
131,73,normal
186,75,fat
157,66,normal
193,60,thin
133,40,fat
149,51,fat
157,60,fat
189,55,thin
142,51,normal
167,45,thin
135,73,normal
164,50,fat
156,51,fat
164,78,normal
197,71,thin
125,70,normal
134,75,normal
192,45,thin
188,67,fat
145,50,fat
172,76,normal
192,50,thin
154,47,fat
137,68,normal
196,79,fat
178,37,thin
196,66,thin
175,66,fat
185,61,thin
149,37,thin
156,74,normal
198,56,thin
183,62,fat
154,56,fat
146,55,normal
130,52,normal
199,80,fat
142,64,normal
150,46,fat
155,62,normal
160,50,fat
143,50,fat
153,74,normal
200,47,thin
131,59,normal
148,67,normal
164,77,normal
177,58,fat
184,69,fat
200,39,thin
145,80,normal
145,75,normal
141,74,normal
149,36,thin
171,50,thin
169,48,thin
179,38,thin
159,52,fat
184,56,thin
121,72,normal
169,36,thin
188,77,fat
131,39,fat
158,71,normal
153,52,fat
174,56,thin
150,61,normal
168,61,fat
172,77,normal
151,63,normal
129,51,normal
189,64,thin
162,69,normal
158,79,normal
154,54,fat
135,40,fat
137,35,fat
153,49,fat
197,71,thin
193,48,thin
132,60,normal
131,37,fat
196,68,thin
168,68,fat
134,62,normal
122,69,normal
130,73,normal
147,59,normal
181,46,thin
161,80,normal
178,49,thin
131,35,fat
151,50,fat
182,73,fat
166,59,fat
132,47,normal
121,63,normal
151,38,thin
192,44,thin
164,54,fat
177,72,fat
129,44,normal
186,74,fat
178,65,fat
186,70,fat
146,73,normal
125,51,normal
161,58,fat
181,41,thin
134,43,fat
120,41,normal
159,63,fat
139,46,fat
183,54,thin
163,35,thin
154,61,normal
130,44,normal
176,62,fat
131,70,normal
144,71,normal
137,43,fat
170,58,fat
145,53,normal
138,52,normal
138,38,fat
200,38,thin
163,75,normal
157,78,normal
166,37,thin
159,60,fat
131,52,normal
186,50,thin
146,75,normal
138,44,fat
169,51,thin
185,71,fat
159,72,normal
130,67,normal
130,39,fat
187,55,thin
194,44,thin
159,78,normal
161,53,fat
184,41,thin
183,75,fat
120,38,normal
200,55,thin
167,71,normal
165,53,fat
136,45,fat
128,52,normal
187,76,fat
169,39,thin
