height,weight,label
153,86,fat
191,57,thin
146,35,thin
183,69,normal
138,51,fat
187,54,thin
120,68,fat
197,70,thin
173,80,fat
175,90,fat
167,49,thin
168,41,thin
145,118,fat
167,74,fat
195,56,thin
189,45,thin
176,89,fat
180,103,fat
178,58,thin
174,74,normal
149,92,fat
143,94,fat
144,72,fat
152,76,fat
124,67,fat
125,117,fat
199,97,normal
165,118,fat
168,39,thin
198,50,thin
126,35,normal
132,57,fat
137,114,fat
153,94,fat
174,65,normal
135,90,fat
120,60,fat
135,40,normal
163,89,fat
197,67,thin
164,45,thin
139,49,fat
130,43,fat
180,38,thin
163,37,thin
150,67,fat
135,104,fat
129,78,fat
194,109,fat
168,42,thin
191,78,normal
125,59,fat
144,43,normal
127,37,normal
190,52,thin
131,112,fat
198,62,thin
120,69,fat
124,117,fat
187,72,normal
159,115,fat
199,87,normal
178,79,normal
180,41,thin
133,43,normal
185,108,fat
154,72,fat
157,98,fat
173,90,fat
168,73,fat
124,36,normal
137,68,fat
145,88,fat
198,54,thin
185,112,fat
124,74,fat
122,47,fat
180,44,thin
139,81,fat
176,108,fat
198,114,fat
149,105,fat
184,39,thin
196,106,fat
155,50,normal
134,66,fat
182,67,normal
139,63,fat
179,84,fat
149,43,normal
169,98,fat
126,63,fat
193,109,fat
152,86,fat
177,108,fat
139,100,fat
160,78,fat
178,78,normal
144,85,fat
165,47,thin
194,37,thin
188,75,normal
122,62,fat
128,72,fat
156,85,fat
188,44,thin
167,62,normal
196,55,thin
170,42,thin
133,83,fat
170,71,normal
160,100,fat
127,52,fat
185,40,thin
151,66,fat
129,91,fat
152,36,thin
161,43,thin
143,94,fat
168,49,thin
132,115,fat
170,118,fat
127,72,fat
125,97,fat
130,52,fat
194,91,normal
141,118,fat
169,39,thin
131,63,fat
126,115,fat
170,75,fat
128,65,fat
145,109,fat
135,79,fat
181,119,fat
149,114,fat
159,36,thin
161,57,normal
197,70,thin
145,81,fat
147,105,fat
152,116,fat
165,79,fat
153,62,fat
168,69,normal
145,36,thin
161,101,fat
130,101,fat
158,112,fat
193,108,fat
172,65,normal
132,36,normal
147,59,fat
154,80,fat
146,104,fat
189,96,fat
195,113,fat
191,115,fat
153,118,fat
126,83,fat
146,66,fat
191,45,thin
125,113,fat
187,54,thin
154,59,normal
168,61,normal
161,39,thin
128,39,normal
133,63,fat
155,114,fat
179,96,fat
144,64,fat
147,40,normal
156,52,normal
150,62,fat
173,70,normal
150,83,fat
128,111,fat
149,51,normal
133,50,fat
135,66,fat
141,91,fat
134,42,normal
146,60,fat
166,85,fat
131,98,fat
120,76,fat
155,95,fat
194,86,normal
171,78,fat
122,106,fat
148,64,fat
193,48,thin
160,101,fat
197,57,thin
199,64,thin
125,35,normal
154,119,fat
122,63,fat
156,82,fat
141,78,fat
195,76,normal
197,104,fat
190,107,fat
173,77,fat
173,93,fat
175,100,fat
122,49,fat
173,64,normal
183,75,normal
183,42,thin
133,50,fat
192,72,normal
163,108,fat
171,36,thin
193,56,thin
175,107,fat
143,97,fat
142,94,fat
142,59,fat
176,86,fat
161,43,thin
193,37,thin
128,79,fat
148,105,fat
129,48,fat
197,84,normal
133,102,fat
152,93,fat
121,84,fat
123,83,fat
148,67,fat
156,75,fat
125,112,fat
170,74,fat
127,101,fat
138,117,fat
159,41,thin
162,101,fat
180,105,fat
127,63,fat
160,69,fat
185,115,fat
157,50,normal
157,99,fat
181,98,fat
126,45,fat
178,108,fat
169,115,fat
154,112,fat
150,85,fat
194,67,thin
121,61,fat
144,42,normal
182,93,fat
152,56,normal
170,83,fat
175,36,thin
164,84,fat
173,100,fat
175,102,fat
167,115,fat
172,38,thin
128,79,fat
172,116,fat
132,45,fat
139,65,fat
167,53,normal
150,116,fat
154,86,fat
175,66,normal
150,58,fat
197,89,normal
145,117,fat
136,103,fat
159,74,fat
134,40,normal
138,95,fat
167,93,fat
185,78,normal
121,73,fat
170,61,normal
173,40,thin
170,108,fat
129,100,fat
193,35,thin
126,86,fat
126,95,fat
131,79,fat
190,53,thin
185,57,thin
143,41,normal
140,76,fat
167,105,fat
156,35,thin
197,59,thin
198,108,fat
199,62,thin
146,39,thin
124,115,fat
173,112,fat
124,40,fat
122,61,fat
177,89,fat
151,58,fat
140,90,fat
199,77,normal
167,92,fat
188,58,thin
178,115,fat
128,77,fat
135,45,normal
165,68,normal
123,37,normal
196,46,thin
183,91,fat
165,37,thin
129,66,fat
135,71,fat
167,73,fat
148,109,fat
161,71,fat
184,63,normal
142,97,fat
168,56,normal
162,58,normal
198,83,normal
140,50,fat
141,55,fat
199,103,fat
122,95,fat
160,112,fat
124,41,fat
130,84,fat
165,67,normal
179,95,fat
139,98,fat
156,38,thin
184,47,thin
190,68,normal
144,52,fat
184,50,thin
149,39,thin
194,96,fat
199,100,fat
149,81,fat
121,73,fat
135,60,fat
176,107,fat
143,84,fat
130,82,fat
173,92,fat
190,110,fat
189,39,thin
149,85,fat
169,41,thin
144,52,fat
137,56,fat
143,53,fat
192,36,thin
179,119,fat
165,118,fat
175,74,normal
145,85,fat
183,39,thin
143,73,fat
160,89,fat
179,93,fat
163,101,fat
199,79,normal
182,68,normal
154,36,thin
192,112,fat
124,95,fat
151,107,fat
146,36,thin
188,104,fat
199,86,normal
144,93,fat
148,68,fat
136,100,fat
144,43,normal
168,43,thin
198,46,thin
127,77,fat
188,95,fat
196,96,normal
155,88,fat
136,114,fat
153,46,normal
153,90,fat
120,90,fat
189,78,normal
135,76,fat
188,65,thin
198,88,normal
129,90,fat
126,115,fat
175,45,thin
140,66,fat
165,73,fat
171,98,fat
189,74,normal
152,77,fat
120,39,fat
154,52,normal
121,41,fat
170,58,normal
139,80,fat
133,48,fat
132,113,fat
133,72,fat
124,77,fat
156,84,fat
147,52,normal
192,70,normal
191,103,fat
127,36,normal
150,35,thin
130,78,fat
164,91,fat
175,52,thin
169,78,fat
167,76,fat
186,98,fat
183,111,fat
155,106,fat
142,65,fat
160,73,fat
163,55,normal
154,53,normal
168,91,fat
169,58,normal
190,101,fat
150,71,fat
124,106,fat
188,103,fat
155,77,fat
152,77,fat
186,43,thin
194,102,fat
140,108,fat
196,116,fat
171,69,normal
167,74,fat
170,102,fat
133,38,normal
140,101,fat
128,69,fat
122,75,fat
198,112,fat
177,82,fat
162,40,thin
125,77,fat
191,106,fat
171,40,thin
176,101,fat
142,88,fat
189,73,normal
156,86,fat
132,117,fat
128,82,fat
159,53,normal
141,115,fat
192,97,fat
189,51,thin
153,46,normal
176,52,thin
198,117,fat
169,117,fat
145,58,fat
183,69,normal
156,81,fat
135,114,fat
153,77,fat
163,103,fat
165,58,normal
129,58,fat
124,91,fat
122,41,fat
156,71,fat
147,82,fat
169,60,normal
130,119,fat
140,106,fat
160,39,thin
188,91,fat
179,117,fat
133,38,normal
173,39,thin
135,105,fat
162,118,fat
132,71,fat
145,78,fat
121,106,fat
160,86,fat
174,36,thin
122,91,fat
160,61,normal
156,96,fat
126,76,fat
183,115,fat
173,64,normal
183,118,fat
145,41,normal
162,72,fat
170,119,fat
188,116,fat
155,64,fat
186,79,normal
192,58,thin
175,78,fat
140,50,fat
122,97,fat
173,67,normal
137,96,fat
121,65,fat
184,67,normal
153,61,fat
132,73,fat
167,52,normal
180,42,thin
167,38,thin
135,56,fat
145,45,normal
134,105,fat
196,105,fat
144,57,fat
178,45,thin
126,119,fat
186,101,fat
155,39,thin
187,113,fat
135,58,fat
152,86,fat
162,107,fat
170,67,normal
180,113,fat
147,62,fat
159,51,normal
174,47,thin
136,59,fat
161,42,thin
171,75,fat
193,88,normal
120,90,fat
178,76,normal
136,36,normal
120,53,fat
186,116,fat
176,69,normal
178,93,fat
193,59,thin
188,70,normal
165,60,normal
189,84,normal
149,84,fat
144,73,fat
158,47,normal
120,118,fat
147,49,normal
128,91,fat
196,72,normal
186,98,fat
129,63,fat
158,41,thin
187,67,normal
134,114,fat
187,49,thin
168,112,fat
168,42,thin
171,115,fat
169,64,normal
148,67,fat
176,99,fat
130,106,fat
157,116,fat
194,48,thin
193,35,thin
172,85,fat
192,57,thin
183,101,fat
148,65,fat
138,45,normal
163,86,fat
148,37,thin
155,43,thin
164,56,normal
195,114,fat
135,44,normal
193,35,thin
177,62,normal
120,67,fat
195,111,fat
181,50,thin
144,61,fat
150,111,fat
147,75,fat
160,105,fat
189,95,fat
176,70,normal
155,60,normal
130,77,fat
147,75,fat
195,100,fat
197,47,thin
136,79,fat
165,96,fat
132,64,fat
161,86,fat
153,42,thin
151,107,fat
140,99,fat
144,70,fat
195,77,normal
167,82,fat
199,79,normal
124,87,fat
161,88,fat
194,38,thin
143,64,fat
178,65,normal
183,98,fat
125,81,fat
156,45,thin
147,75,fat
134,77,fat
180,35,thin
186,41,thin
179,117,fat
161,105,fat
190,58,thin
179,47,thin
141,118,fat
122,46,fat
133,93,fat
189,67,normal
156,44,thin
128,53,fat
159,92,fat
179,39,thin
164,53,normal
163,35,thin
135,48,fat
165,65,normal
139,93,fat
127,68,fat
194,110,fat
171,44,thin
140,81,fat
181,67,normal
178,108,fat
182,54,thin
163,98,fat
171,99,fat
182,69,normal
170,70,normal
156,82,fat
136,110,fat
153,77,fat
146,52,normal
145,114,fat
140,109,fat
199,73,thin
131,53,fat
184,118,fat
172,108,fat
181,56,thin
173,76,fat
193,105,fat
132,70,fat
193,88,normal
157,46,normal
167,67,normal
184,67,normal
181,54,thin
147,72,fat
181,84,fat
187,100,fat
123,42,fat
162,95,fat
189,43,thin
171,107,fat
151,89,fat
128,82,fat
122,108,fat
185,93,fat
150,94,fat
145,76,fat
195,66,thin
121,88,fat
196,115,fat
142,70,fat
190,46,thin
192,105,fat
179,89,fat
171,91,fat
133,94,fat
169,103,fat
142,59,fat
168,86,fat
121,55,fat
170,70,normal
123,36,normal
136,39,normal
140,119,fat
181,79,normal
192,67,thin
135,64,fat
197,39,thin
192,57,thin
140,53,fat
199,98,normal
149,51,normal
131,95,fat
176,35,thin
197,117,fat
168,84,fat
163,52,normal
134,103,fat
147,96,fat
182,117,fat
130,115,fat
141,84,fat
162,99,fat
136,116,fat
162,84,fat
199,86,normal
121,62,fat
159,97,fat
193,115,fat
174,84,fat
162,83,fat
190,43,thin
120,118,fat
144,116,fat
169,89,fat
161,45,thin
140,78,fat
196,117,fat
184,115,fat
165,81,fat
181,51,thin
183,112,fat
133,52,fat
125,74,fat
185,89,fat
161,115,fat
173,117,fat
195,91,normal
155,95,fat
156,38,thin
188,53,thin
124,114,fat
191,42,thin
190,87,normal
131,53,fat
148,56,fat
126,83,fat
160,87,fat
197,87,normal
137,59,fat
181,81,normal
124,108,fat
162,105,fat
186,41,thin
187,35,thin
133,71,fat
179,85,fat
174,93,fat
176,51,thin
125,55,fat
137,88,fat
167,49,thin
137,42,normal
158,72,fat
141,118,fat
185,60,thin
149,58,fat
141,59,fat
152,51,normal
198,98,normal
130,90,fat
157,119,fat
122,89,fat
132,87,fat
127,105,fat
176,95,fat
171,93,fat
197,36,thin
146,64,fat
159,50,normal
142,82,fat
124,86,fat
149,111,fat
146,98,fat
121,86,fat
199,95,normal
142,97,fat
180,83,fat
135,50,fat
182,47,thin
166,49,thin
162,73,fat
120,39,fat
132,57,fat
146,64,fat
177,102,fat
135,53,fat
165,67,normal
181,63,normal
171,42,thin
163,53,normal
155,95,fat
194,115,fat
121,67,fat
160,59,normal
140,86,fat
155,107,fat
136,55,fat
147,43,normal
125,89,fat
143,43,normal
160,118,fat
155,69,fat
144,71,fat
164,117,fat
143,114,fat
148,59,fat
137,57,fat
152,90,fat
163,52,normal
190,59,thin
148,84,fat
156,73,fat
199,84,normal
130,90,fat
133,91,fat
173,77,fat
171,68,normal
123,51,fat
128,51,fat
167,38,thin
152,102,fat
144,100,fat
128,103,fat
197,37,thin
141,90,fat
128,87,fat
150,75,fat
191,73,normal
141,67,fat
156,82,fat
197,76,normal
196,101,fat
157,54,normal
167,107,fat
164,62,normal
160,59,normal
194,89,normal
199,71,thin
152,119,fat
196,80,normal
169,69,normal
163,39,thin
164,48,thin
148,98,fat
199,46,thin
170,86,fat
136,99,fat
195,111,fat
157,56,normal
180,67,normal
153,84,fat
199,80,normal
167,95,fat
197,58,thin
177,97,fat
183,66,normal
159,117,fat
144,51,normal
169,62,normal
170,84,fat
136,86,fat
142,95,fat
146,45,normal
182,83,fat
164,61,normal
170,45,thin
136,111,fat
154,36,thin
139,42,normal
148,108,fat
192,76,normal
151,48,normal
160,55,normal
186,82,normal
155,108,fat
175,61,normal
177,102,fat
146,50,normal
139,91,fat
187,107,fat
185,107,fat
146,85,fat
191,110,fat
122,97,fat
124,64,fat
126,95,fat
174,78,fat
138,109,fat
174,53,thin
157,80,fat
147,99,fat
163,60,normal
199,47,thin
149,56,fat
131,79,fat
128,73,fat
174,114,fat
120,47,fat
165,43,thin
170,80,fat
160,68,fat
183,41,thin
156,52,normal
183,99,fat
189,82,normal
151,35,thin
128,41,fat
176,79,fat
159,44,thin
131,95,fat
127,98,fat
193,110,fat
143,77,fat
123,85,fat
155,83,fat
146,39,thin
171,95,fat
173,104,fat
192,100,fat
184,71,normal
188,85,normal
172,45,thin
128,75,fat
174,90,fat
182,42,thin
143,53,fat
152,109,fat
131,103,fat
131,76,fat
120,38,fat
191,119,fat
158,50,normal
153,82,fat
199,62,thin
160,117,fat
121,86,fat
131,99,fat
178,110,fat
162,59,normal
149,107,fat
170,106,fat
159,52,normal
164,84,fat
164,50,normal
141,84,fat
123,81,fat
122,67,fat
149,102,fat
190,80,normal
121,105,fat
172,95,fat
178,105,fat
192,89,normal
155,104,fat
156,49,normal
166,51,normal
179,87,fat
171,74,fat
196,66,thin
140,94,fat
149,71,fat
156,37,thin
170,55,normal
199,116,fat
141,117,fat
123,109,fat
162,69,fat
186,100,fat
187,52,thin
164,91,fat
163,59,normal
189,99,fat
130,101,fat
184,35,thin
168,77,fat
155,42,thin
190,46,thin
159,90,fat
165,117,fat
133,78,fat
166,74,fat
194,96,fat
196,36,thin
162,61,normal
158,110,fat
183,88,fat
129,56,fat
188,49,thin
177,85,fat
141,66,fat
130,71,fat
139,102,fat
134,108,fat
139,59,fat
161,50,normal
152,112,fat
162,112,fat
184,107,fat
140,66,fat
195,70,thin
139,45,normal
157,68,fat
120,45,fat
143,35,thin
188,70,normal
149,114,fat
193,35,thin
198,44,thin
157,66,fat
142,55,fat
149,101,fat
171,87,fat
187,99,fat
196,68,thin
137,74,fat
199,39,thin
167,41,thin
195,82,normal
129,65,fat
128,113,fat
122,44,fat
133,78,fat
148,96,fat
194,37,thin
156,41,thin
182,117,fat
195,86,normal
187,96,fat
199,51,thin
148,98,fat
170,36,thin
181,108,fat
174,81,fat
148,115,fat
120,102,fat
131,47,fat
194,61,thin
157,93,fat
184,59,thin
187,89,fat
187,36,thin
139,97,fat
145,64,fat
140,59,fat
177,51,thin
159,85,fat
187,95,fat
192,67,thin
141,104,fat
160,89,fat
165,42,thin
168,68,normal
175,57,normal
162,93,fat
149,76,fat
145,48,normal
152,56,normal
161,81,fat
128,40,normal
179,74,normal
177,88,fat
158,60,normal
145,83,fat
141,115,fat
128,92,fat
132,61,fat
155,68,fat
121,65,fat
126,111,fat
127,84,fat
122,75,fat
133,45,fat
156,108,fat
134,110,fat
173,78,fat
181,69,normal
182,95,fat
171,51,thin
180,87,fat
126,113,fat
162,93,fat
166,96,fat
140,58,fat
170,107,fat
165,96,fat
181,36,thin
144,72,fat
154,37,thin
191,91,normal
162,95,fat
197,64,thin
144,50,normal
187,56,thin
188,67,normal
147,69,fat
121,36,normal
146,117,fat
131,69,fat
165,46,thin
193,45,thin
160,61,normal
179,45,thin
172,118,fat
125,35,normal
135,81,fat
144,45,normal
163,90,fat
131,59,fat
129,97,fat
172,71,normal
195,67,thin
195,49,thin
147,116,fat
154,50,normal
151,81,fat
161,80,fat
168,116,fat
136,99,fat
195,55,thin
133,35,normal
163,116,fat
186,56,thin
189,91,fat
141,85,fat
193,67,thin
182,96,fat
198,55,thin
152,111,fat
159,64,fat
159,110,fat
159,72,fat
196,72,normal
166,108,fat
144,91,fat
194,57,thin
170,59,normal
194,63,thin
135,105,fat
186,60,thin
157,72,fat
177,50,thin
138,75,fat
121,68,fat
135,109,fat
144,81,fat
134,66,fat
156,73,fat
195,100,fat
123,45,fat
153,85,fat
177,96,fat
180,56,thin
197,102,fat
123,87,fat
178,103,fat
154,78,fat
125,98,fat
196,74,normal
134,108,fat
184,102,fat
197,117,fat
185,101,fat
127,43,fat
183,87,fat
170,63,normal
194,35,thin
194,77,normal
193,100,fat
148,96,fat
131,43,fat
188,43,thin
191,77,normal
180,94,fat
189,83,normal
169,69,normal
197,90,normal
166,73,fat
146,85,fat
147,99,fat
168,66,normal
145,84,fat
162,84,fat
142,83,fat
182,63,normal
169,63,normal
180,83,fat
139,73,fat
171,40,thin
172,106,fat
157,52,normal
156,39,thin
126,37,normal
199,103,fat
180,94,fat
161,71,fat
172,98,fat
133,58,fat
154,68,fat
185,56,thin
159,55,normal
152,108,fat
176,115,fat
138,119,fat
123,106,fat
128,44,fat
150,98,fat
180,101,fat
153,111,fat
155,109,fat
185,35,thin
182,103,fat
128,85,fat
197,60,thin
123,70,fat
166,82,fat
174,35,thin
130,81,fat
132,37,normal
138,56,fat
184,78,normal
161,95,fat
199,45,thin
160,117,fat
162,81,fat
131,102,fat
176,56,thin
151,38,thin
165,40,thin
161,71,fat
185,52,thin
137,81,fat
199,103,fat
153,94,fat
156,118,fat
184,102,fat
137,74,fat
191,41,thin
172,107,fat
155,110,fat
181,104,fat
175,57,normal
172,109,fat
160,107,fat
143,71,fat
180,82,fat
128,78,fat
167,102,fat
163,111,fat
177,64,normal
138,60,fat
147,49,normal
174,38,thin
176,88,fat
140,56,fat
130,59,fat
188,112,fat
160,51,normal
145,116,fat
125,60,fat
171,64,normal
172,118,fat
199,97,normal
138,67,fat
171,37,thin
186,108,fat
190,45,thin
195,52,thin
186,104,fat
162,67,fat
123,63,fat
144,60,fat
173,71,normal
140,67,fat
159,100,fat
144,107,fat
170,73,fat
143,55,fat
193,35,thin
196,97,fat
155,70,fat
181,55,thin
184,102,fat
186,54,thin
146,112,fat
129,105,fat
190,102,fat
129,109,fat
182,94,fat
184,103,fat
169,74,fat
126,92,fat
125,90,fat
137,38,normal
140,78,fat
176,67,normal
197,49,thin
196,58,thin
197,84,normal
185,75,normal
159,75,fat
192,111,fat
144,94,fat
172,118,fat
139,46,normal
183,115,fat
159,117,fat
172,50,thin
160,112,fat
137,93,fat
151,119,fat
164,50,normal
180,117,fat
178,106,fat
126,67,fat
120,76,fat
150,37,thin
162,69,fat
148,86,fat
173,56,normal
152,66,fat
165,114,fat
188,87,normal
121,111,fat
131,86,fat
142,39,normal
157,79,fat
156,38,thin
156,56,normal
127,37,normal
128,110,fat
140,51,fat
125,93,fat
164,44,thin
125,93,fat
178,84,fat
194,48,thin
127,70,fat
137,81,fat
182,84,fat
125,77,fat
120,86,fat
151,38,thin
143,80,fat
139,39,normal
191,81,normal
196,93,normal
120,100,fat
153,66,fat
146,118,fat
146,100,fat
173,60,normal
169,39,thin
145,55,fat
199,111,fat
188,98,fat
133,78,fat
154,101,fat
165,87,fat
155,44,thin
133,73,fat
168,118,fat
193,109,fat
173,117,fat
144,71,fat
186,57,thin
178,40,thin
140,60,fat
138,65,fat
165,52,normal
188,81,normal
163,98,fat
133,66,fat
134,53,fat
148,90,fat
137,91,fat
199,69,thin
192,50,thin
179,81,fat
195,74,normal
148,119,fat
121,78,fat
133,92,fat
163,114,fat
170,85,fat
171,86,fat
123,57,fat
144,110,fat
171,51,thin
194,66,thin
176,93,fat
122,39,fat
167,38,thin
174,38,thin
182,60,thin
185,36,thin
154,85,fat
159,100,fat
134,111,fat
150,104,fat
129,55,fat
174,108,fat
177,77,normal
170,91,fat
121,106,fat
197,96,normal
132,92,fat
176,94,fat
190,73,normal
128,95,fat
159,92,fat
181,58,thin
145,96,fat
135,49,fat
139,63,fat
128,47,fat
145,39,normal
183,118,fat
144,50,normal
191,66,thin
187,37,thin
164,72,fat
148,86,fat
136,116,fat
198,117,fat
149,76,fat
137,35,normal
137,103,fat
169,107,fat
139,108,fat
147,77,fat
131,66,fat
185,111,fat
123,80,fat
147,114,fat
161,46,thin
126,41,fat
178,67,normal
130,60,fat
166,73,fat
177,78,normal
138,41,normal
124,110,fat
163,46,thin
171,74,fat
134,49,fat
172,79,fat
162,118,fat
188,60,thin
129,108,fat
131,51,fat
140,115,fat
171,93,fat
152,47,normal
190,108,fat
182,76,normal
190,56,thin
131,45,fat
129,83,fat
199,72,thin
170,90,fat
158,86,fat
131,51,fat
132,47,fat
182,61,thin
144,110,fat
175,39,thin
137,80,fat
165,106,fat
194,85,normal
158,115,fat
124,67,fat
126,53,fat
126,109,fat
123,106,fat
126,35,normal
145,85,fat
140,65,fat
143,50,normal
168,39,thin
150,60,fat
176,103,fat
128,83,fat
146,49,normal
143,78,fat
145,95,fat
121,109,fat
193,50,thin
166,62,normal
162,104,fat
173,92,fat
166,70,fat
122,57,fat
138,76,fat
136,60,fat
186,53,thin
183,65,normal
146,59,fat
138,55,fat
194,56,thin
146,76,fat
161,89,fat
180,77,normal
185,90,fat
170,59,normal
136,102,fat
139,81,fat
120,102,fat
160,96,fat
183,56,thin
131,69,fat
172,95,fat
126,82,fat
161,66,fat
190,81,normal
196,89,normal
176,50,thin
122,36,normal
199,56,thin
182,84,fat
188,95,fat
154,113,fat
196,51,thin
144,118,fat
142,67,fat
173,66,normal
178,119,fat
143,117,fat
124,53,fat
125,82,fat
170,100,fat
142,99,fat
143,55,fat
120,70,fat
150,87,fat
143,51,normal
128,66,fat
173,117,fat
181,67,normal
140,105,fat
140,96,fat
176,79,fat
123,81,fat
186,100,fat
146,86,fat
129,80,fat
193,73,normal
188,107,fat
125,44,fat
192,116,fat
197,91,normal
192,74,normal
161,39,thin
159,101,fat
191,85,normal
145,45,normal
140,45,normal
162,78,fat
190,118,fat
120,70,fat
183,42,thin
141,81,fat
181,41,thin
195,48,thin
120,43,fat
123,55,fat
122,38,fat
173,39,thin
191,62,thin
167,64,normal
126,47,fat
143,77,fat
168,44,thin
129,40,normal
125,42,fat
156,69,fat
182,104,fat
143,43,normal
162,35,thin
162,52,normal
162,39,thin
132,113,fat
157,61,normal
156,42,thin
177,35,thin
156,67,fat
177,45,thin
163,102,fat
174,47,thin
166,65,normal
166,63,normal
198,104,fat
142,98,fat
138,57,fat
147,54,normal
198,94,normal
136,95,fat
182,96,fat
148,49,normal
184,55,thin
168,119,fat
162,72,fat
182,75,normal
132,70,fat
198,70,thin
129,112,fat
191,100,fat
149,89,fat
121,87,fat
168,86,fat
128,89,fat
173,79,fat
194,113,fat
174,50,thin
126,55,fat
187,64,thin
188,99,fat
155,75,fat
177,58,normal
192,44,thin
181,35,thin
135,61,fat
139,56,fat
196,43,thin
175,108,fat
171,69,normal
193,66,thin
131,67,fat
168,35,thin
136,66,fat
163,41,thin
156,119,fat
189,64,thin
128,103,fat
178,48,thin
154,49,normal
122,44,fat
181,46,thin
184,108,fat
191,69,normal
148,115,fat
197,114,fat
155,74,fat
141,103,fat
179,103,fat
199,97,normal
131,90,fat
165,46,thin
156,116,fat
127,119,fat
155,101,fat
140,91,fat
188,41,thin
196,83,normal
155,51,normal
148,98,fat
148,61,fat
162,74,fat
152,39,thin
150,58,fat
153,86,fat
137,55,fat
184,63,normal
156,103,fat
164,98,fat
181,49,thin
198,54,thin
140,69,fat
144,84,fat
122,98,fat
185,102,fat
165,99,fat
148,68,fat
154,111,fat
157,56,normal
135,87,fat
172,113,fat
174,111,fat
133,55,fat
171,115,fat
131,109,fat
137,77,fat
164,76,fat
136,96,fat
132,60,fat
152,63,fat
152,66,fat
146,52,normal
144,68,fat
143,114,fat
170,73,fat
178,38,thin
186,118,fat
151,77,fat
178,45,thin
161,64,normal
170,85,fat
180,62,normal
147,69,fat
130,36,normal
167,72,fat
194,39,thin
178,38,thin
121,113,fat
197,106,fat
198,110,fat
121,37,fat
146,77,fat
154,67,fat
134,39,normal
130,54,fat
184,101,fat
155,114,fat
176,41,thin
192,84,normal
192,78,normal
152,59,fat
193,84,normal
194,82,normal
133,72,fat
138,102,fat
146,81,fat
160,78,fat
140,100,fat
123,38,fat
184,112,fat
197,37,thin
199,88,normal
136,85,fat
189,119,fat
120,113,fat
135,80,fat
181,108,fat
160,83,fat
120,73,fat
130,73,fat
196,83,normal
161,108,fat
198,57,thin
171,54,thin
140,96,fat
147,80,fat
190,73,normal
178,53,thin
145,96,fat
180,42,thin
174,103,fat
120,114,fat
120,82,fat
174,57,normal
182,110,fat
131,93,fat
127,58,fat
190,91,fat
183,104,fat
188,44,thin
183,76,normal
158,81,fat
178,63,normal
194,88,normal
167,49,thin
172,79,fat
179,118,fat
128,100,fat
194,45,thin
133,89,fat
131,88,fat
188,93,fat
161,97,fat
130,59,fat
169,58,normal
154,66,fat
172,113,fat
163,112,fat
132,108,fat
187,103,fat
158,38,thin
173,83,fat
199,37,thin
122,80,fat
176,35,thin
127,81,fat
127,41,fat
170,45,thin
145,70,fat
135,68,fat
163,99,fat
170,44,thin
180,84,fat
134,81,fat
167,104,fat
168,66,normal
186,73,normal
120,49,fat
176,104,fat
187,88,fat
154,62,fat
141,117,fat
147,102,fat
166,57,normal
184,94,fat
196,36,thin
130,69,fat
143,116,fat
147,49,normal
188,51,thin
163,78,fat
155,104,fat
124,99,fat
165,115,fat
148,66,fat
163,48,thin
121,114,fat
193,104,fat
195,75,normal
139,72,fat
199,35,thin
199,49,thin
136,86,fat
154,94,fat
169,36,thin
127,42,fat
159,80,fat
159,114,fat
141,107,fat
163,103,fat
161,88,fat
146,116,fat
191,90,normal
194,113,fat
131,101,fat
196,65,thin
178,50,thin
144,107,fat
175,107,fat
166,87,fat
185,114,fat
141,77,fat
173,66,normal
160,36,thin
199,62,thin
174,70,normal
165,74,fat
156,38,thin
159,50,normal
166,79,fat
141,80,fat
168,89,fat
147,87,fat
128,81,fat
127,42,fat
128,119,fat
192,65,thin
134,100,fat
122,71,fat
164,63,normal
124,46,fat
156,44,thin
194,93,normal
164,95,fat
168,61,normal
152,96,fat
177,48,thin
195,114,fat
136,106,fat
121,54,fat
149,112,fat
141,64,fat
151,70,fat
162,64,normal
182,114,fat
176,85,fat
188,53,thin
143,44,normal
122,39,fat
167,52,normal
153,106,fat
185,73,normal
150,55,normal
132,61,fat
194,82,normal
182,115,fat
139,87,fat
128,97,fat
143,88,fat
191,97,fat
155,112,fat
136,115,fat
161,90,fat
152,107,fat
138,114,fat
134,114,fat
193,44,thin
195,100,fat
163,93,fat
166,46,thin
155,80,fat
142,36,thin
125,56,fat
165,38,thin
135,92,fat
175,52,thin
189,39,thin
144,65,fat
155,57,normal
194,65,thin
188,35,thin
191,92,fat
148,48,normal
187,51,thin
135,54,fat
153,40,thin
154,89,fat
139,94,fat
177,89,fat
129,39,normal
145,119,fat
191,47,thin
194,52,thin
182,66,normal
147,106,fat
137,57,fat
121,118,fat
127,109,fat
120,110,fat
169,97,fat
176,100,fat
131,64,fat
187,50,thin
183,97,fat
178,83,fat
129,49,fat
122,73,fat
187,85,normal
121,56,fat
186,41,thin
187,41,thin
176,98,fat
128,95,fat
196,99,fat
168,44,thin
144,66,fat
126,111,fat
145,76,fat
166,83,fat
152,36,thin
165,67,normal
148,58,fat
135,53,fat
141,59,fat
159,48,normal
124,115,fat
180,50,thin
141,117,fat
195,52,thin
186,66,normal
161,106,fat
178,60,normal
150,80,fat
172,62,normal
132,116,fat
183,77,normal
130,97,fat
156,90,fat
168,58,normal
170,76,fat
196,67,thin
156,61,fat
179,119,fat
182,53,thin
165,74,fat
146,36,thin
127,42,fat
157,71,fat
170,74,fat
136,66,fat
185,53,thin
127,61,fat
179,118,fat
193,67,thin
159,118,fat
175,85,fat
178,105,fat
165,49,thin
174,88,fat
178,80,fat
147,72,fat
179,86,fat
157,68,fat
170,112,fat
125,53,fat
157,50,normal
123,77,fat
162,116,fat
161,103,fat
155,116,fat
196,58,thin
136,78,fat
163,102,fat
141,64,fat
199,64,thin
135,54,fat
197,103,fat
151,58,fat
154,102,fat
166,36,thin
184,81,normal
121,82,fat
148,36,thin
124,43,fat
173,60,normal
135,75,fat
163,106,fat
132,52,fat
167,68,normal
195,54,thin
175,62,normal
174,37,thin
136,61,fat
137,50,fat
197,60,thin
158,50,normal
195,87,normal
191,110,fat
156,83,fat
157,117,fat
145,110,fat
122,53,fat
149,104,fat
140,100,fat
125,71,fat
169,58,normal
162,71,fat
188,51,thin
131,36,normal
179,81,fat
198,114,fat
157,38,thin
190,100,fat
188,108,fat
151,98,fat
191,101,fat
161,73,fat
126,80,fat
189,47,thin
163,80,fat
184,89,fat
132,61,fat
133,106,fat
150,102,fat
179,113,fat
132,101,fat
144,69,fat
195,55,thin
122,53,fat
131,87,fat
186,86,normal
141,111,fat
129,92,fat
196,46,thin
191,48,thin
140,114,fat
193,50,thin
171,43,thin
142,72,fat
198,115,fat
139,50,fat
177,35,thin
131,104,fat
139,35,thin
199,58,thin
191,74,normal
190,110,fat
167,58,normal
154,69,fat
137,51,fat
180,80,normal
180,42,thin
154,112,fat
185,61,thin
132,41,normal
182,59,thin
127,45,fat
166,86,fat
198,79,normal
142,82,fat
124,98,fat
150,85,fat
154,44,normal
141,118,fat
179,72,normal
130,105,fat
155,67,fat
157,59,normal
130,85,fat
178,109,fat
136,55,fat
135,70,fat
185,76,normal
164,78,fat
166,118,fat
126,82,fat
195,103,fat
177,108,fat
188,85,normal
186,109,fat
166,93,fat
144,57,fat
152,52,normal
155,102,fat
196,113,fat
128,44,fat
189,102,fat
182,109,fat
139,50,fat
121,96,fat
199,42,thin
161,81,fat
152,109,fat
134,60,fat
121,70,fat
187,91,fat
194,92,normal
189,87,normal
160,111,fat
132,43,normal
185,110,fat
129,98,fat
126,68,fat
185,88,fat
162,105,fat
124,110,fat
155,46,normal
197,93,normal
136,96,fat
160,110,fat
146,115,fat
189,53,thin
137,81,fat
173,53,thin
136,71,fat
191,55,thin
145,43,normal
197,54,thin
187,35,thin
181,73,normal
164,91,fat
137,109,fat
187,107,fat
186,111,fat
195,91,normal
130,102,fat
183,78,normal
129,50,fat
193,101,fat
185,100,fat
139,37,normal
131,43,fat
171,40,thin
194,82,normal
148,118,fat
159,107,fat
136,41,normal
181,64,normal
139,100,fat
140,65,fat
157,68,fat
135,111,fat
146,100,fat
163,89,fat
159,70,fat
148,38,thin
198,57,thin
134,56,fat
190,84,normal
174,54,thin
125,88,fat
189,98,fat
156,59,normal
165,84,fat
181,98,fat
165,97,fat
160,53,normal
175,51,thin
196,92,normal
179,90,fat
192,104,fat
149,36,thin
150,89,fat
130,100,fat
144,39,normal
128,98,fat
153,45,normal
147,83,fat
193,111,fat
174,102,fat
122,79,fat
166,93,fat
190,53,thin
139,68,fat
122,102,fat
121,68,fat
168,50,thin
183,62,normal
126,108,fat
133,115,fat
133,41,normal
128,49,fat
141,113,fat
157,57,normal
184,87,fat
129,99,fat
162,44,thin
188,113,fat
143,83,fat
199,109,fat
171,107,fat
174,99,fat
197,107,fat
173,49,thin
174,84,fat
133,114,fat
131,116,fat
159,108,fat
169,38,thin
152,67,fat
164,100,fat
172,71,normal
166,39,thin
198,97,normal
165,107,fat
138,110,fat
197,44,thin
156,59,normal
189,77,normal
170,119,fat
136,105,fat
190,96,fat
148,35,thin
165,69,fat
149,46,normal
170,111,fat
156,36,thin
145,44,normal
138,108,fat
168,51,thin
181,65,normal
183,58,thin
152,35,thin
150,43,normal
166,104,fat
131,35,normal
135,65,fat
158,88,fat
178,36,thin
169,105,fat
192,68,thin
135,65,fat
143,80,fat
146,112,fat
151,39,thin
190,102,fat
144,103,fat
136,99,fat
130,99,fat
137,40,normal
155,97,fat
170,101,fat
182,94,fat
123,90,fat
133,116,fat
145,63,fat
176,109,fat
164,46,thin
197,55,thin
175,46,thin
161,82,fat
125,98,fat
121,93,fat
151,97,fat
135,109,fat
131,50,fat
187,82,normal
182,50,thin
155,100,fat
180,47,thin
180,77,normal
131,40,normal
182,80,normal
124,91,fat
126,55,fat
165,85,fat
170,101,fat
178,64,normal
122,96,fat
123,46,fat
157,94,fat
137,73,fat
127,93,fat
180,72,normal
130,119,fat
127,64,fat
127,36,normal
143,50,normal
144,60,fat
120,36,normal
158,117,fat
189,54,thin
163,117,fat
184,87,fat
156,52,normal
123,112,fat
136,59,fat
186,88,fat
142,44,normal
133,88,fat
169,85,fat
123,111,fat
183,97,fat
141,108,fat
122,92,fat
166,71,fat
165,90,fat
179,83,fat
121,88,fat
143,70,fat
152,110,fat
130,103,fat
145,74,fat
173,51,thin
175,81,fat
182,47,thin
134,113,fat
163,58,normal
189,48,thin
193,114,fat
169,116,fat
133,93,fat
131,73,fat
197,118,fat
175,98,fat
146,51,normal
167,84,fat
196,94,normal
136,82,fat
141,62,fat
195,54,thin
133,118,fat
147,119,fat
122,47,fat
192,74,normal
172,81,fat
169,102,fat
134,114,fat
198,49,thin
125,57,fat
169,92,fat
145,95,fat
127,97,fat
144,65,fat
138,39,normal
190,72,normal
160,48,normal
145,36,thin
199,109,fat
159,56,normal
189,61,thin
151,67,fat
136,118,fat
187,55,thin
144,91,fat
176,45,thin
193,105,fat
151,83,fat
154,86,fat
168,64,normal
166,39,thin
185,78,normal
125,52,fat
165,72,fat
139,109,fat
179,78,normal
192,46,thin
158,39,thin
184,72,normal
136,117,fat
191,65,thin
199,68,thin
166,103,fat
128,74,fat
179,105,fat
180,44,thin
146,100,fat
121,75,fat
154,65,fat
192,95,fat
152,42,thin
190,60,thin
190,50,thin
144,115,fat
140,116,fat
154,59,normal
121,65,fat
137,95,fat
189,98,fat
195,110,fat
176,108,fat
145,57,fat
147,62,fat
139,80,fat
132,88,fat
161,90,fat
177,77,normal
156,69,fat
180,101,fat
129,92,fat
141,91,fat
166,109,fat
153,100,fat
141,64,fat
183,44,thin
132,92,fat
133,85,fat
134,97,fat
161,55,normal
127,57,fat
162,74,fat
156,43,thin
146,87,fat
143,79,fat
196,75,normal
160,68,fat
187,69,normal
162,57,normal
122,77,fat
149,59,fat
163,77,fat
194,45,thin
187,75,normal
143,112,fat
198,74,normal
129,41,normal
159,73,fat
199,109,fat
140,61,fat
167,57,normal
133,84,fat
162,75,fat
169,76,fat
142,73,fat
183,69,normal
139,40,normal
122,114,fat
124,52,fat
171,48,thin
144,105,fat
153,113,fat
136,77,fat
138,90,fat
193,49,thin
178,102,fat
185,61,thin
154,78,fat
192,71,normal
128,69,fat
138,98,fat
150,96,fat
196,88,normal
137,115,fat
120,65,fat
186,85,normal
199,116,fat
165,58,normal
176,61,normal
178,115,fat
149,119,fat
129,74,fat
130,95,fat
188,62,thin
167,58,normal
145,112,fat
134,49,fat
197,61,thin
170,42,thin
153,108,fat
190,113,fat
156,79,fat
166,72,fat
168,51,thin
177,114,fat
171,69,normal
158,48,normal
149,89,fat
139,74,fat
121,96,fat
153,38,thin
168,91,fat
192,102,fat
187,41,thin
124,89,fat
181,69,normal
192,36,thin
176,118,fat
176,75,normal
122,81,fat
161,119,fat
133,41,normal
173,105,fat
135,79,fat
186,63,thin
160,119,fat
130,79,fat
198,68,thin
164,104,fat
175,111,fat
140,91,fat
166,114,fat
153,37,thin
197,102,fat
140,101,fat
157,43,thin
122,119,fat
196,114,fat
193,82,normal
167,40,thin
189,49,thin
121,71,fat
162,86,fat
133,81,fat
169,71,normal
157,64,fat
157,38,thin
176,41,thin
183,48,thin
152,40,thin
159,75,fat
150,38,thin
193,42,thin
129,45,fat
181,112,fat
127,51,fat
151,50,normal
136,89,fat
160,51,normal
155,46,normal
127,73,fat
191,45,thin
140,104,fat
132,72,fat
186,44,thin
135,91,fat
166,71,fat
139,93,fat
175,80,fat
137,104,fat
141,74,fat
144,79,fat
138,99,fat
174,55,thin
164,83,fat
180,102,fat
177,75,normal
192,72,normal
158,71,fat
141,43,normal
125,55,fat
152,88,fat
191,68,normal
169,58,normal
182,84,fat
134,90,fat
124,117,fat
180,99,fat
180,96,fat
193,56,thin
129,82,fat
198,36,thin
150,47,normal
153,112,fat
124,63,fat
125,51,fat
129,79,fat
142,66,fat
174,119,fat
142,100,fat
170,106,fat
160,36,thin
196,110,fat
180,65,normal
197,57,thin
180,50,thin
151,118,fat
168,67,normal
151,109,fat
125,114,fat
141,65,fat
193,98,fat
166,64,normal
144,83,fat
168,116,fat
123,96,fat
168,52,thin
191,85,normal
120,70,fat
181,75,normal
155,88,fat
136,107,fat
133,80,fat
125,74,fat
198,40,thin
165,92,fat
197,63,thin
165,99,fat
170,74,fat
165,71,fat
123,47,fat
152,85,fat
173,94,fat
123,53,fat
185,47,thin
140,104,fat
160,77,fat
170,73,fat
131,110,fat
146,39,thin
192,55,thin
141,89,fat
122,62,fat
184,48,thin
148,75,fat
166,61,normal
174,85,fat
141,103,fat
195,96,fat
145,77,fat
173,66,normal
185,100,fat
190,57,thin
181,40,thin
121,37,fat
174,104,fat
159,107,fat
182,77,normal
161,115,fat
131,63,fat
178,98,fat
167,70,fat
165,88,fat
182,78,normal
145,86,fat
167,72,fat
123,58,fat
192,115,fat
190,77,normal
155,89,fat
133,45,fat
179,35,thin
175,116,fat
137,76,fat
189,59,thin
157,54,normal
143,65,fat
153,118,fat
133,87,fat
150,101,fat
153,76,fat
121,62,fat
128,57,fat
140,97,fat
160,101,fat
130,37,normal
128,84,fat
137,103,fat
194,103,fat
124,75,fat
176,49,thin
173,39,thin
161,64,normal
189,84,normal
146,75,fat
163,70,fat
197,40,thin
128,86,fat
199,108,fat
147,77,fat
183,83,normal
151,63,fat
142,50,normal
157,45,thin
138,54,fat
148,108,fat
198,69,thin
138,106,fat
133,88,fat
133,102,fat
189,90,fat
121,106,fat
162,43,thin
185,105,fat
176,42,thin
163,55,normal
151,108,fat
153,79,fat
181,63,normal
138,87,fat
132,95,fat
170,35,thin
158,38,thin
187,112,fat
199,92,normal
183,63,normal
195,50,thin
133,88,fat
190,62,thin
195,90,normal
136,74,fat
176,87,fat
142,89,fat
141,110,fat
190,54,thin
134,108,fat
148,68,fat
148,68,fat
180,92,fat
167,111,fat
152,74,fat
180,60,normal
127,75,fat
173,110,fat
182,89,fat
159,85,fat
145,70,fat
122,44,fat
144,107,fat
181,83,fat
149,71,fat
147,76,fat
183,42,thin
139,113,fat
129,65,fat
185,56,thin
156,82,fat
131,108,fat
159,40,thin
187,87,normal
178,105,fat
134,99,fat
165,48,thin
153,38,thin
195,64,thin
180,78,normal
130,53,fat
195,94,normal
159,49,normal
186,59,thin
126,47,fat
129,78,fat
136,69,fat
177,116,fat
127,61,fat
180,113,fat
126,81,fat
130,92,fat
151,53,normal
176,100,fat
120,91,fat
136,64,fat
157,58,normal
139,113,fat
191,97,fat
152,45,normal
195,63,thin
191,48,thin
168,111,fat
124,73,fat
180,55,thin
186,101,fat
153,118,fat
196,69,thin
173,101,fat
155,93,fat
137,80,fat
181,92,fat
194,91,normal
159,42,thin
153,53,normal
160,68,fat
178,106,fat
155,94,fat
160,97,fat
145,63,fat
134,45,fat
131,88,fat
130,79,fat
183,64,normal
148,87,fat
160,82,fat
133,47,fat
132,42,normal
139,118,fat
192,101,fat
186,103,fat
189,73,normal
179,102,fat
145,45,normal
128,115,fat
151,107,fat
151,64,fat
172,60,normal
177,119,fat
132,47,fat
144,87,fat
158,40,thin
127,88,fat
141,64,fat
123,60,fat
192,39,thin
165,117,fat
149,82,fat
167,38,thin
181,82,fat
139,99,fat
135,67,fat
126,107,fat
173,88,fat
123,67,fat
154,110,fat
123,106,fat
138,103,fat
175,52,thin
144,99,fat
187,88,fat
154,70,fat
147,99,fat
160,88,fat
166,71,fat
143,48,normal
177,114,fat
181,93,fat
196,106,fat
177,96,fat
187,57,thin
189,111,fat
154,42,thin
120,71,fat
162,59,normal
138,54,fat
167,105,fat
195,97,fat
168,107,fat
180,83,fat
189,71,normal
171,47,thin
161,93,fat
125,65,fat
187,109,fat
158,119,fat
165,36,thin
158,66,fat
126,95,fat
183,81,normal
143,99,fat
193,42,thin
183,69,normal
188,35,thin
181,80,normal
124,76,fat
169,44,thin
191,106,fat
185,106,fat
150,116,fat
139,89,fat
185,71,normal
171,103,fat
187,95,fat
149,38,thin
125,117,fat
131,44,fat
147,49,normal
144,48,normal
155,104,fat
179,48,thin
195,116,fat
193,76,normal
138,85,fat
188,100,fat
171,44,thin
149,68,fat
188,105,fat
140,101,fat
162,37,thin
126,108,fat
132,54,fat
120,48,fat
134,42,normal
198,43,thin
197,114,fat
196,67,thin
160,83,fat
174,112,fat
197,81,normal
143,62,fat
173,73,normal
160,72,fat
152,44,normal
126,44,fat
132,113,fat
121,85,fat
187,45,thin
189,60,thin
165,42,thin
148,91,fat
191,39,thin
127,80,fat
136,77,fat
121,76,fat
139,78,fat
145,80,fat
185,105,fat
134,108,fat
140,106,fat
126,93,fat
152,84,fat
133,62,fat
191,75,normal
135,38,normal
172,107,fat
190,39,thin
174,84,fat
188,100,fat
159,66,fat
128,116,fat
166,70,fat
143,80,fat
145,105,fat
135,100,fat
174,78,fat
144,58,fat
191,46,thin
122,83,fat
169,107,fat
148,39,thin
122,100,fat
151,58,fat
162,92,fat
129,79,fat
124,62,fat
150,96,fat
125,76,fat
160,85,fat
134,59,fat
139,77,fat
129,78,fat
135,95,fat
155,38,thin
160,51,normal
196,77,normal
167,58,normal
134,78,fat
150,108,fat
193,65,thin
148,88,fat
172,115,fat
145,63,fat
137,43,normal
138,103,fat
185,92,fat
172,38,thin
196,99,fat
187,101,fat
147,37,thin
176,100,fat
174,64,normal
190,69,normal
181,40,thin
126,78,fat
183,74,normal
165,102,fat
181,83,fat
139,76,fat
134,100,fat
156,37,thin
139,74,fat
142,48,normal
164,73,fat
160,111,fat
145,59,fat
139,86,fat
163,88,fat
143,54,fat
157,42,thin
199,77,normal
171,83,fat
171,81,fat
122,61,fat
160,95,fat
167,106,fat
137,64,fat
166,91,fat
145,40,normal
178,99,fat
167,72,fat
185,70,normal
177,88,fat
134,55,fat
132,56,fat
151,44,normal
178,55,thin
130,50,fat
140,99,fat
192,109,fat
156,52,normal
151,72,fat
175,45,thin
195,72,normal
172,90,fat
191,90,normal
156,63,fat
120,75,fat
139,113,fat
120,46,fat
199,51,thin
189,45,thin
198,117,fat
189,91,fat
136,36,normal
191,72,normal
189,73,normal
159,87,fat
195,76,normal
176,78,fat
129,67,fat
189,102,fat
197,86,normal
150,115,fat
169,111,fat
126,106,fat
160,82,fat
194,92,normal
179,106,fat
173,56,normal
137,119,fat
157,88,fat
148,113,fat
150,54,normal
148,110,fat
187,56,thin
199,95,normal
166,117,fat
139,85,fat
174,93,fat
141,70,fat
183,80,normal
131,101,fat
195,40,thin
181,36,thin
162,104,fat
171,91,fat
141,94,fat
180,52,thin
129,81,fat
145,81,fat
127,104,fat
185,52,thin
122,110,fat
127,116,fat
131,76,fat
177,91,fat
144,114,fat
124,42,fat
160,112,fat
121,109,fat
150,58,fat
167,101,fat
128,70,fat
137,114,fat
133,117,fat
190,68,normal
152,55,normal
134,50,fat
153,96,fat
154,96,fat
135,49,fat
198,111,fat
160,56,normal
173,87,fat
125,86,fat
129,48,fat
196,51,thin
161,96,fat
183,69,normal
193,39,thin
126,102,fat
141,113,fat
143,97,fat
122,46,fat
190,93,fat
171,117,fat
146,109,fat
138,119,fat
142,42,normal
130,76,fat
173,48,thin
180,46,thin
140,78,fat
149,88,fat
193,43,thin
153,70,fat
149,119,fat
136,54,fat
175,48,thin
176,89,fat
177,108,fat
161,67,fat
162,79,fat
144,75,fat
120,99,fat
190,61,thin
133,45,fat
177,119,fat
135,99,fat
172,66,normal
159,111,fat
148,57,fat
125,117,fat
193,94,fat
128,39,normal
189,50,thin
134,51,fat
199,53,thin
186,102,fat
162,42,thin
152,51,normal
130,101,fat
128,44,fat
167,115,fat
179,99,fat
185,100,fat
194,44,thin
189,67,normal
137,79,fat
133,80,fat
174,54,thin
151,41,thin
158,58,normal
126,87,fat
134,65,fat
120,110,fat
127,47,fat
154,115,fat
122,113,fat
160,57,normal
190,62,thin
196,75,normal
159,49,normal
141,76,fat
167,80,fat
160,115,fat
171,70,normal
178,63,normal
172,97,fat
144,42,normal
132,57,fat
189,40,thin
151,89,fat
147,45,normal
170,66,normal
193,118,fat
153,49,normal
146,64,fat
197,114,fat
182,40,thin
170,62,normal
179,67,normal
140,103,fat
143,59,fat
174,64,normal
122,83,fat
137,63,fat
158,108,fat
128,76,fat
144,107,fat
186,53,thin
189,86,normal
123,97,fat
125,46,fat
196,117,fat
131,60,fat
126,110,fat
154,114,fat
188,44,thin
185,36,thin
128,86,fat
180,95,fat
133,72,fat
154,99,fat
199,79,normal
157,91,fat
120,36,normal
141,109,fat
142,38,normal
176,84,fat
169,62,normal
145,72,fat
182,80,normal
123,72,fat
172,83,fat
169,89,fat
180,117,fat
139,82,fat
192,82,normal
124,90,fat
150,82,fat
143,115,fat
125,63,fat
155,41,thin
154,45,normal
153,104,fat
165,82,fat
141,82,fat
171,116,fat
185,106,fat
124,56,fat
137,47,fat
174,106,fat
189,76,normal
127,105,fat
127,52,fat
188,94,fat
196,75,normal
170,106,fat
152,40,thin
164,77,fat
170,94,fat
129,88,fat
197,46,thin
129,103,fat
132,38,normal
120,61,fat
174,71,normal
162,67,fat
131,112,fat
161,89,fat
190,104,fat
152,119,fat
180,109,fat
165,103,fat
177,67,normal
125,73,fat
139,108,fat
162,101,fat
173,55,thin
125,58,fat
154,106,fat
129,60,fat
198,96,normal
169,59,normal
160,72,fat
169,35,thin
165,86,fat
131,59,fat
162,105,fat
169,106,fat
158,73,fat
140,91,fat
195,114,fat
149,103,fat
189,75,normal
182,98,fat
150,38,thin
161,41,thin
199,109,fat
168,58,normal
174,66,normal
195,101,fat
123,63,fat
159,60,normal
184,112,fat
136,77,fat
197,35,thin
160,74,fat
158,106,fat
175,82,fat
197,43,thin
152,118,fat
190,104,fat
191,48,thin
129,42,fat
188,119,fat
178,76,normal
198,98,normal
170,83,fat
183,95,fat
137,64,fat
128,117,fat
186,79,normal
187,72,normal
147,98,fat
163,56,normal
180,55,thin
171,118,fat
122,97,fat
158,54,normal
191,72,normal
165,117,fat
144,112,fat
124,38,normal
180,104,fat
188,66,normal
139,66,fat
176,53,thin
165,99,fat
138,91,fat
150,109,fat
178,78,normal
132,98,fat
132,89,fat
133,84,fat
160,115,fat
135,111,fat
159,66,fat
177,58,normal
191,79,normal
160,85,fat
129,58,fat
148,49,normal
181,38,thin
183,71,normal
146,77,fat
138,94,fat
174,101,fat
191,54,thin
160,46,thin
137,96,fat
120,90,fat
152,114,fat
173,59,normal
152,73,fat
154,109,fat
161,64,normal
186,116,fat
132,60,fat
169,76,fat
124,95,fat
153,59,fat
149,38,thin
139,72,fat
132,78,fat
143,95,fat
153,81,fat
192,111,fat
194,37,thin
122,41,fat
160,42,thin
139,110,fat
135,61,fat
189,100,fat
150,75,fat
193,45,thin
188,82,normal
183,85,fat
177,93,fat
179,47,thin
171,95,fat
184,114,fat
125,103,fat
148,74,fat
168,111,fat
173,111,fat
141,113,fat
155,114,fat
137,84,fat
156,51,normal
144,106,fat
159,104,fat
165,93,fat
188,63,thin
129,38,normal
177,92,fat
166,74,fat
146,83,fat
188,45,thin
122,75,fat
132,54,fat
153,41,thin
183,78,normal
151,87,fat
187,110,fat
166,89,fat
158,117,fat
185,62,thin
159,106,fat
166,44,thin
183,50,thin
129,118,fat
151,51,normal
140,79,fat
158,62,normal
124,60,fat
169,68,normal
171,39,thin
195,90,normal
153,42,thin
185,53,thin
172,43,thin
193,119,fat
171,49,thin
182,91,fat
140,54,fat
186,93,fat
140,56,fat
164,103,fat
178,78,normal
146,96,fat
143,36,thin
124,39,fat
199,95,normal
196,76,normal
170,107,fat
141,94,fat
189,80,normal
136,113,fat
179,61,normal
154,75,fat
141,100,fat
139,45,normal
181,55,thin
156,97,fat
134,118,fat
133,58,fat
168,100,fat
147,40,normal
190,81,normal
130,77,fat
176,70,normal
147,46,normal
145,94,fat
125,107,fat
187,109,fat
170,67,normal
144,55,fat
166,102,fat
131,96,fat
120,109,fat
188,101,fat
185,86,fat
144,56,fat
144,79,fat
146,59,fat
120,107,fat
153,64,fat
159,42,thin
138,35,thin
195,106,fat
144,70,fat
167,52,normal
171,51,thin
172,92,fat
158,88,fat
144,103,fat
146,107,fat
194,63,thin
150,56,normal
134,93,fat
166,39,thin
167,85,fat
149,69,fat
169,43,thin
181,106,fat
180,38,thin
187,66,normal
154,89,fat
170,80,fat
197,44,thin
182,83,fat
126,55,fat
145,40,normal
142,95,fat
191,53,thin
172,78,fat
150,81,fat
171,39,thin
145,49,normal
124,88,fat
136,35,normal
189,62,thin
161,54,normal
127,37,normal
133,74,fat
139,87,fat
167,86,fat
160,52,normal
140,111,fat
160,47,thin
145,47,normal
144,39,normal
145,95,fat
147,100,fat
154,52,normal
134,104,fat
188,85,normal
168,57,normal
181,40,thin
191,81,normal
196,81,normal
158,43,thin
173,46,thin
198,71,thin
169,112,fat
192,53,thin
127,47,fat
146,80,fat
152,70,fat
150,42,normal
134,55,fat
189,57,thin
172,104,fat
135,105,fat
167,108,fat
177,53,thin
156,39,thin
178,46,thin
131,93,fat
140,91,fat
192,66,thin
171,55,normal
173,75,fat
173,76,fat
154,116,fat
149,53,normal
124,90,fat
174,38,thin
187,53,thin
190,97,fat
158,96,fat
182,70,normal
198,89,normal
163,86,fat
172,49,thin
155,55,normal
140,119,fat
172,54,thin
129,60,fat
132,111,fat
173,36,thin
136,67,fat
179,35,thin
190,96,fat
190,40,thin
131,39,normal
124,43,fat
120,67,fat
167,35,thin
129,93,fat
185,58,thin
151,52,normal
136,96,fat
142,49,normal
123,78,fat
124,75,fat
125,61,fat
128,76,fat
144,83,fat
189,74,normal
193,80,normal
191,37,thin
161,60,normal
198,50,thin
128,73,fat
195,37,thin
120,47,fat
181,56,thin
174,109,fat
128,70,fat
150,35,thin
129,82,fat
183,117,fat
152,87,fat
195,43,thin
185,58,thin
195,82,normal
194,116,fat
144,45,normal
144,35,thin
157,93,fat
185,69,normal
151,84,fat
149,79,fat
125,62,fat
177,81,fat
149,96,fat
134,39,normal
135,107,fat
145,50,normal
175,61,normal
157,60,normal
168,42,thin
151,89,fat
162,65,normal
181,114,fat
138,35,thin
189,43,thin
131,42,normal
196,82,normal
175,73,normal
152,94,fat
120,36,normal
169,52,thin
176,85,fat
195,57,thin
135,82,fat
159,95,fat
137,72,fat
155,64,fat
147,89,fat
130,60,fat
120,74,fat
170,36,thin
143,108,fat
156,113,fat
157,100,fat
187,49,thin
181,39,thin
173,50,thin
187,35,thin
157,105,fat
147,89,fat
129,52,fat
135,90,fat
162,95,fat
132,40,normal
140,87,fat
170,52,thin
122,74,fat
179,74,normal
128,84,fat
137,85,fat
199,84,normal
187,54,thin
136,96,fat
143,49,normal
168,58,normal
121,102,fat
159,40,thin
132,87,fat
152,102,fat
151,51,normal
158,92,fat
133,98,fat
165,55,normal
197,74,normal
124,53,fat
141,109,fat
180,69,normal
133,113,fat
199,91,normal
170,77,fat
140,101,fat
190,90,normal
120,81,fat
150,46,normal
133,90,fat
186,115,fat
172,42,thin
179,118,fat
137,115,fat
150,109,fat
185,55,thin
154,36,thin
135,43,normal
172,35,thin
135,44,normal
147,49,normal
136,57,fat
192,56,thin
140,46,normal
159,64,fat
189,62,thin
127,106,fat
138,40,normal
140,55,fat
132,101,fat
128,52,fat
181,50,thin
195,88,normal
185,59,thin
168,71,fat
166,90,fat
180,104,fat
153,103,fat
148,71,fat
130,107,fat
154,37,thin
183,43,thin
199,101,fat
173,49,thin
143,98,fat
128,106,fat
127,36,normal
154,48,normal
197,68,thin
165,107,fat
145,101,fat
198,43,thin
190,106,fat
172,57,normal
128,88,fat
149,36,thin
172,68,normal
186,88,fat
128,36,normal
138,87,fat
134,70,fat
124,86,fat
144,50,normal
192,88,normal
158,60,normal
124,82,fat
183,99,fat
150,85,fat
161,38,thin
165,72,fat
171,93,fat
129,85,fat
152,96,fat
193,88,normal
120,39,fat
177,99,fat
180,68,normal
196,108,fat
190,78,normal
148,113,fat
165,94,fat
135,37,normal
165,41,thin
166,61,normal
187,99,fat
173,119,fat
185,48,thin
133,75,fat
175,64,normal
191,48,thin
179,83,fat
153,65,fat
159,52,normal
188,119,fat
154,57,normal
167,75,fat
191,110,fat
177,52,thin
156,82,fat
197,101,fat
139,61,fat
198,100,fat
165,117,fat
188,72,normal
182,96,fat
145,103,fat
154,37,thin
186,66,normal
123,115,fat
147,80,fat
128,44,fat
185,87,fat
139,40,normal
165,97,fat
147,51,normal
167,72,fat
175,64,normal
152,41,thin
198,83,normal
178,76,normal
131,72,fat
154,119,fat
147,69,fat
123,109,fat
191,116,fat
166,118,fat
169,107,fat
165,52,normal
163,60,normal
154,102,fat
153,87,fat
166,38,thin
145,45,normal
177,112,fat
164,43,thin
160,73,fat
178,116,fat
157,73,fat
144,77,fat
194,93,normal
185,53,thin
125,64,fat
157,104,fat
135,118,fat
171,67,normal
143,94,fat
123,46,fat
132,96,fat
132,75,fat
171,105,fat
131,71,fat
180,109,fat
188,47,thin
170,44,thin
135,38,normal
151,44,normal
177,90,fat
183,59,thin
171,96,fat
175,111,fat
188,73,normal
163,114,fat
137,88,fat
192,48,thin
153,109,fat
180,87,fat
172,36,thin
123,42,fat
180,71,normal
192,115,fat
167,71,fat
193,44,thin
177,111,fat
125,50,fat
183,118,fat
168,57,normal
178,47,thin
147,64,fat
136,110,fat
141,74,fat
177,95,fat
137,110,fat
173,111,fat
187,99,fat
134,67,fat
124,100,fat
185,84,normal
134,83,fat
170,74,fat
193,77,normal
142,65,fat
175,110,fat
196,67,thin
183,65,normal
150,82,fat
143,101,fat
122,70,fat
145,44,normal
163,111,fat
195,77,normal
168,70,normal
191,45,thin
140,52,fat
132,56,fat
149,46,normal
196,116,fat
199,102,fat
189,46,thin
136,87,fat
198,36,thin
160,51,normal
165,80,fat
166,43,thin
126,48,fat
152,91,fat
187,74,normal
148,44,normal
164,55,normal
120,96,fat
123,115,fat
184,49,thin
139,100,fat
194,68,thin
127,93,fat
137,110,fat
150,78,fat
144,119,fat
163,113,fat
154,46,normal
190,106,fat
128,85,fat
168,113,fat
146,35,thin
182,76,normal
171,103,fat
176,85,fat
166,72,fat
123,73,fat
140,106,fat
142,52,fat
173,96,fat
138,93,fat
152,55,normal
158,118,fat
124,107,fat
141,76,fat
136,81,fat
143,84,fat
149,53,normal
151,118,fat
192,64,thin
183,118,fat
196,65,thin
143,58,fat
189,70,normal
155,106,fat
197,41,thin
150,80,fat
140,81,fat
123,117,fat
157,45,thin
198,79,normal
142,82,fat
186,41,thin
168,71,fat
131,105,fat
170,114,fat
125,114,fat
144,50,normal
146,39,thin
131,40,normal
134,93,fat
132,66,fat
156,87,fat
135,39,normal
162,69,fat
182,68,normal
152,63,fat
140,87,fat
164,69,fat
194,84,normal
168,76,fat
187,82,normal
144,80,fat
160,53,normal
141,59,fat
161,76,fat
139,91,fat
168,111,fat
130,74,fat
164,46,thin
157,52,normal
167,59,normal
122,45,fat
172,102,fat
134,45,fat
156,94,fat
178,104,fat
150,88,fat
158,71,fat
195,45,thin
183,63,normal
186,88,fat
165,44,thin
166,102,fat
137,117,fat
199,111,fat
174,69,normal
199,37,thin
170,60,normal
152,77,fat
162,57,normal
190,61,thin
183,98,fat
126,50,fat
124,54,fat
173,75,fat
194,55,thin
170,44,thin
188,58,thin
159,44,thin
160,57,normal
178,48,thin
172,41,thin
157,102,fat
143,70,fat
173,45,thin
129,88,fat
152,76,fat
122,89,fat
177,103,fat
196,59,thin
132,51,fat
162,39,thin
139,109,fat
161,84,fat
131,111,fat
181,64,normal
196,101,fat
181,75,normal
195,57,thin
154,113,fat
146,57,fat
171,108,fat
165,88,fat
194,119,fat
140,83,fat
187,96,fat
178,90,fat
177,102,fat
195,102,fat
142,51,fat
140,58,fat
155,73,fat
195,79,normal
190,72,normal
189,88,normal
142,46,normal
148,65,fat
153,57,normal
182,70,normal
149,93,fat
165,98,fat
164,77,fat
143,77,fat
175,66,normal
155,50,normal
184,103,fat
164,104,fat
145,103,fat
158,81,fat
137,75,fat
139,97,fat
152,103,fat
127,88,fat
172,72,normal
192,46,thin
157,70,fat
139,65,fat
148,75,fat
185,56,thin
131,102,fat
185,85,normal
130,115,fat
137,115,fat
190,79,normal
156,96,fat
187,50,thin
160,61,normal
161,35,thin
130,105,fat
158,58,normal
178,101,fat
159,47,normal
160,41,thin
168,90,fat
184,119,fat
185,69,normal
128,45,fat
161,36,thin
126,89,fat
174,81,fat
179,70,normal
159,78,fat
147,45,normal
175,77,fat
138,105,fat
146,87,fat
149,68,fat
148,114,fat
124,89,fat
164,46,thin
186,84,normal
155,93,fat
160,38,thin
149,98,fat
156,88,fat
194,60,thin
158,66,fat
178,35,thin
131,39,normal
168,44,thin
157,117,fat
120,56,fat
187,86,normal
146,97,fat
130,87,fat
172,54,thin
128,116,fat
184,78,normal
126,53,fat
141,82,fat
170,47,thin
194,107,fat
135,95,fat
189,80,normal
190,106,fat
166,103,fat
166,103,fat
164,78,fat
190,49,thin
176,46,thin
174,75,normal
135,76,fat
120,42,fat
189,99,fat
182,56,thin
167,80,fat
129,56,fat
148,44,normal
169,59,normal
179,93,fat
185,91,fat
147,107,fat
170,40,thin
132,36,normal
178,90,fat
154,48,normal
141,88,fat
152,53,normal
184,101,fat
174,71,normal
142,36,thin
179,106,fat
139,67,fat
175,92,fat
135,77,fat
143,40,normal
140,73,fat
197,80,normal
155,85,fat
123,42,fat
177,35,thin
169,77,fat
137,115,fat
199,115,fat
170,76,fat
158,45,thin
191,56,thin
153,51,normal
188,55,thin
186,45,thin
138,83,fat
194,55,thin
160,62,normal
161,64,normal
188,119,fat
169,42,thin
133,92,fat
145,104,fat
197,100,fat
194,36,thin
158,53,normal
199,93,normal
153,91,fat
180,103,fat
121,89,fat
190,60,thin
135,79,fat
195,76,normal
145,48,normal
120,36,normal
133,46,fat
174,111,fat
157,108,fat
130,79,fat
143,86,fat
146,51,normal
190,78,normal
188,57,thin
182,70,normal
173,78,fat
158,95,fat
165,41,thin
129,61,fat
161,101,fat
172,57,normal
186,73,normal
158,75,fat
170,80,fat
122,45,fat
166,58,normal
142,69,fat
175,81,fat
148,102,fat
193,82,normal
129,60,fat
151,68,fat
195,110,fat
158,94,fat
176,102,fat
179,58,thin
128,58,fat
155,45,normal
172,55,normal
159,110,fat
149,119,fat
157,117,fat
170,103,fat
152,91,fat
166,58,normal
176,37,thin
169,111,fat
141,45,normal
151,76,fat
196,90,normal
135,82,fat
194,61,thin
138,49,fat
196,39,thin
134,94,fat
190,46,thin
158,42,thin
171,54,thin
126,102,fat
143,117,fat
194,102,fat
129,52,fat
192,42,thin
182,87,fat
186,101,fat
153,90,fat
144,86,fat
178,55,thin
136,77,fat
182,79,normal
122,66,fat
126,46,fat
187,115,fat
151,74,fat
191,110,fat
192,36,thin
161,97,fat
183,60,thin
164,99,fat
177,53,thin
156,94,fat
177,56,thin
183,81,normal
146,42,normal
146,35,thin
152,107,fat
125,113,fat
184,80,normal
189,45,thin
155,75,fat
132,95,fat
147,117,fat
178,41,thin
196,95,normal
160,77,fat
183,46,thin
126,74,fat
163,86,fat
152,72,fat
147,105,fat
166,35,thin
155,89,fat
146,119,fat
162,101,fat
184,99,fat
161,55,normal
153,54,normal
148,94,fat
151,116,fat
175,67,normal
128,40,normal
145,100,fat
194,113,fat
121,76,fat
145,97,fat
129,35,normal
137,67,fat
145,81,fat
189,113,fat
146,100,fat
191,76,normal
133,91,fat
182,83,fat
165,60,normal
141,88,fat
168,37,thin
160,98,fat
134,72,fat
196,43,thin
159,66,fat
167,78,fat
158,83,fat
163,79,fat
140,94,fat
199,68,thin
159,117,fat
189,86,normal
191,109,fat
178,89,fat
178,54,thin
146,59,fat
129,110,fat
151,111,fat
182,69,normal
137,116,fat
179,91,fat
146,104,fat
194,70,normal
124,92,fat
187,46,thin
145,111,fat
126,58,fat
175,97,fat
139,72,fat
138,41,normal
189,119,fat
194,96,fat
151,77,fat
169,116,fat
197,86,normal
136,79,fat
148,108,fat
145,107,fat
120,62,fat
182,90,fat
156,101,fat
130,38,normal
124,88,fat
192,119,fat
138,61,fat
191,47,thin
199,116,fat
180,43,thin
158,79,fat
129,98,fat
192,51,thin
148,58,fat
130,111,fat
122,66,fat
123,41,fat
188,71,normal
182,44,thin
155,42,thin
132,80,fat
147,106,fat
132,63,fat
190,113,fat
125,64,fat
171,98,fat
176,119,fat
158,89,fat
165,105,fat
122,55,fat
167,78,fat
145,58,fat
171,105,fat
137,52,fat
184,39,thin
179,86,fat
174,109,fat
138,106,fat
162,55,normal
176,105,fat
157,71,fat
154,68,fat
144,82,fat
134,115,fat
127,37,normal
142,43,normal
124,83,fat
177,94,fat
180,42,thin
137,83,fat
189,39,thin
132,58,fat
134,42,normal
121,92,fat
176,61,normal
133,64,fat
160,98,fat
122,95,fat
152,119,fat
151,84,fat
150,45,normal
188,78,normal
138,63,fat
137,51,fat
190,85,normal
150,113,fat
193,80,normal
167,44,thin
174,68,normal
195,71,normal
172,104,fat
186,63,thin
131,75,fat
142,85,fat
120,50,fat
142,44,normal
121,43,fat
127,67,fat
139,52,fat
180,102,fat
131,97,fat
131,66,fat
162,82,fat
161,66,fat
143,50,normal
164,110,fat
144,58,fat
153,36,thin
156,116,fat
142,109,fat
190,96,fat
158,66,fat
173,56,normal
156,94,fat
124,50,fat
143,75,fat
144,39,normal
147,72,fat
184,50,thin
192,35,thin
183,48,thin
188,90,fat
139,52,fat
125,107,fat
189,103,fat
134,41,normal
198,100,fat
167,68,normal
147,43,normal
189,81,normal
161,105,fat
190,47,thin
163,68,fat
194,50,thin
171,35,thin
152,108,fat
166,116,fat
125,82,fat
157,62,fat
154,50,normal
121,79,fat
160,61,normal
160,53,normal
171,103,fat
178,81,fat
185,50,thin
191,98,fat
121,60,fat
154,57,normal
130,116,fat
171,79,fat
176,101,fat
180,63,normal
141,113,fat
150,118,fat
174,102,fat
180,73,normal
154,110,fat
166,50,thin
176,115,fat
165,68,normal
145,94,fat
165,63,normal
172,111,fat
148,101,fat
196,87,normal
188,94,fat
148,81,fat
190,62,thin
169,93,fat
197,44,thin
172,113,fat
198,46,thin
197,104,fat
139,44,normal
121,66,fat
185,76,normal
154,114,fat
144,64,fat
147,57,fat
158,103,fat
143,69,fat
151,109,fat
183,35,thin
194,66,thin
198,119,fat
199,69,thin
158,80,fat
153,46,normal
145,63,fat
193,76,normal
199,60,thin
174,103,fat
149,88,fat
147,117,fat
124,70,fat
168,60,normal
174,79,fat
176,115,fat
120,43,fat
182,63,normal
156,72,fat
156,99,fat
155,94,fat
198,118,fat
181,71,normal
128,73,fat
144,115,fat
199,43,thin
160,47,thin
132,41,normal
145,76,fat
188,95,fat
167,101,fat
126,58,fat
129,87,fat
139,92,fat
136,91,fat
145,58,fat
156,61,fat
197,59,thin
125,58,fat
195,109,fat
165,93,fat
166,98,fat
189,75,normal
195,60,thin
192,99,fat
144,77,fat
123,74,fat
148,47,normal
168,45,thin
180,79,normal
174,56,thin
198,91,normal
150,55,normal
167,101,fat
167,110,fat
148,96,fat
123,48,fat
170,54,normal
198,118,fat
179,118,fat
151,76,fat
146,77,fat
127,115,fat
158,58,normal
127,82,fat
165,117,fat
142,74,fat
168,119,fat
158,111,fat
166,54,normal
166,60,normal
167,37,thin
189,49,thin
172,49,thin
135,71,fat
120,53,fat
142,99,fat
198,50,thin
131,96,fat
134,92,fat
155,88,fat
194,75,normal
156,110,fat
175,51,thin
177,70,normal
128,119,fat
183,59,thin
126,44,fat
131,49,fat
196,36,thin
146,112,fat
196,58,thin
196,60,thin
127,63,fat
130,118,fat
141,89,fat
179,112,fat
164,109,fat
138,76,fat
120,118,fat
180,112,fat
121,41,fat
123,49,fat
126,47,fat
131,79,fat
132,68,fat
187,72,normal
194,112,fat
131,47,fat
151,69,fat
148,88,fat
150,72,fat
186,96,fat
157,82,fat
194,58,thin
162,86,fat
172,94,fat
164,68,fat
157,95,fat
141,95,fat
144,46,normal
125,41,fat
161,114,fat
163,93,fat
199,72,thin
176,82,fat
193,65,thin
125,72,fat
147,80,fat
134,52,fat
166,53,normal
144,46,normal
132,79,fat
195,92,normal
171,94,fat
199,55,thin
145,86,fat
178,35,thin
120,53,fat
198,95,normal
182,47,thin
190,83,normal
189,56,thin
176,114,fat
134,89,fat
150,45,normal
177,111,fat
143,89,fat
147,76,fat
131,63,fat
170,100,fat
164,47,thin
149,75,fat
141,36,thin
159,69,fat
182,38,thin
144,76,fat
177,63,normal
165,63,normal
153,72,fat
170,93,fat
136,47,fat
123,38,fat
125,74,fat
120,84,fat
136,81,fat
142,109,fat
176,39,thin
174,118,fat
162,74,fat
173,37,thin
193,43,thin
155,110,fat
178,80,fat
161,35,thin
180,54,thin
161,118,fat
132,47,fat
188,90,fat
146,65,fat
126,54,fat
157,82,fat
147,109,fat
141,74,fat
162,68,fat
137,110,fat
182,52,thin
181,108,fat
157,59,normal
198,54,thin
170,53,thin
158,85,fat
185,81,normal
131,92,fat
140,109,fat
145,70,fat
185,72,normal
168,99,fat
143,88,fat
158,87,fat
198,79,normal
145,96,fat
197,113,fat
128,112,fat
191,80,normal
149,76,fat
172,44,thin
199,62,thin
149,81,fat
148,58,fat
199,71,thin
162,94,fat
190,119,fat
147,65,fat
157,91,fat
133,37,normal
196,76,normal
183,65,normal
187,89,fat
128,41,fat
161,94,fat
152,83,fat
171,71,normal
199,37,thin
195,98,fat
191,40,thin
159,109,fat
175,40,thin
184,39,thin
173,85,fat
178,107,fat
176,76,normal
176,60,normal
190,118,fat
138,51,fat
130,91,fat
168,59,normal
186,111,fat
121,45,fat
132,73,fat
126,45,fat
160,57,normal
148,103,fat
159,112,fat
185,65,normal
135,63,fat
161,116,fat
122,69,fat
129,59,fat
176,55,thin
187,61,thin
176,91,fat
176,95,fat
152,84,fat
121,98,fat
140,42,normal
186,82,normal
173,83,fat
160,36,thin
120,88,fat
125,60,fat
144,81,fat
161,76,fat
182,69,normal
138,51,fat
185,46,thin
156,54,normal
120,110,fat
181,81,normal
170,73,fat
124,38,normal
185,75,normal
133,54,fat
129,73,fat
124,101,fat
161,111,fat
141,113,fat
144,42,normal
180,56,thin
133,49,fat
133,48,fat
136,102,fat
164,51,normal
141,102,fat
133,64,fat
151,100,fat
142,45,normal
171,81,fat
172,100,fat
180,70,normal
193,105,fat
152,108,fat
158,37,thin
195,93,normal
191,43,thin
174,111,fat
150,42,normal
190,91,fat
171,88,fat
145,113,fat
153,71,fat
172,45,thin
176,46,thin
158,78,fat
194,119,fat
190,62,thin
187,73,normal
179,119,fat
175,64,normal
140,53,fat
193,73,normal
146,106,fat
153,104,fat
124,98,fat
168,65,normal
129,112,fat
178,106,fat
169,117,fat
160,45,thin
180,76,normal
158,119,fat
163,119,fat
141,96,fat
170,35,thin
174,49,thin
199,80,normal
187,47,thin
129,76,fat
149,45,normal
127,38,normal
163,36,thin
151,84,fat
169,59,normal
190,49,thin
149,74,fat
173,116,fat
135,102,fat
136,97,fat
188,95,fat
122,90,fat
134,59,fat
170,65,normal
128,84,fat
129,35,normal
188,49,thin
161,118,fat
184,100,fat
123,61,fat
122,81,fat
196,83,normal
147,44,normal
141,113,fat
166,109,fat
180,81,normal
144,60,fat
154,114,fat
136,74,fat
125,94,fat
174,58,normal
161,107,fat
173,98,fat
145,63,fat
181,35,thin
141,98,fat
143,107,fat
132,88,fat
151,35,thin
132,103,fat
134,61,fat
138,98,fat
122,63,fat
140,37,normal
194,38,thin
148,98,fat
139,93,fat
189,47,thin
174,61,normal
129,76,fat
121,79,fat
189,117,fat
135,89,fat
126,101,fat
176,47,thin
128,105,fat
131,78,fat
153,106,fat
185,104,fat
186,85,normal
172,46,thin
156,57,normal
193,64,thin
133,98,fat
141,101,fat
177,100,fat
192,56,thin
189,41,thin
165,75,fat
139,110,fat
161,106,fat
163,69,fat
191,52,thin
121,84,fat
147,70,fat
169,91,fat
158,70,fat
143,96,fat
162,77,fat
161,108,fat
149,110,fat
182,97,fat
125,105,fat
143,63,fat
138,73,fat
183,101,fat
156,87,fat
140,80,fat
141,106,fat
126,42,fat
188,88,normal
137,99,fat
180,52,thin
155,79,fat
173,119,fat
199,83,normal
180,112,fat
122,71,fat
174,77,fat
120,104,fat
157,42,thin
179,40,thin
182,107,fat
157,99,fat
164,51,normal
133,78,fat
147,90,fat
140,56,fat
130,88,fat
192,36,thin
160,84,fat
187,45,thin
185,61,thin
184,50,thin
153,73,fat
154,63,fat
175,54,thin
158,98,fat
178,116,fat
177,91,fat
159,64,fat
133,41,normal
162,77,fat
157,48,normal
147,80,fat
174,35,thin
151,109,fat
181,41,thin
120,100,fat
185,44,thin
148,53,normal
124,97,fat
131,63,fat
123,115,fat
127,115,fat
149,83,fat
194,90,normal
137,54,fat
128,78,fat
173,54,thin
144,46,normal
127,117,fat
137,78,fat
170,112,fat
144,55,fat
176,69,normal
147,102,fat
194,70,normal
199,94,normal
171,36,thin
188,97,fat
126,102,fat
138,97,fat
153,38,thin
185,71,normal
185,71,normal
172,43,thin
193,51,thin
160,85,fat
137,48,fat
125,60,fat
198,69,thin
166,70,fat
120,82,fat
139,47,normal
189,44,thin
135,39,normal
182,71,normal
179,67,normal
186,44,thin
153,77,fat
128,112,fat
181,73,normal
141,48,normal
179,45,thin
134,64,fat
135,61,fat
184,53,thin
172,110,fat
184,95,fat
133,36,normal
131,114,fat
141,46,normal
121,67,fat
153,95,fat
163,69,fat
148,83,fat
166,41,thin
180,98,fat
125,68,fat
179,79,normal
136,44,normal
140,94,fat
139,69,fat
130,118,fat
166,38,thin
147,67,fat
196,76,normal
161,113,fat
168,87,fat
153,119,fat
169,79,fat
156,73,fat
168,78,fat
183,96,fat
151,65,fat
138,101,fat
196,102,fat
177,42,thin
192,73,normal
150,112,fat
124,71,fat
180,63,normal
136,97,fat
132,66,fat
183,102,fat
152,53,normal
147,108,fat
166,69,fat
137,67,fat
171,55,normal
126,108,fat
130,72,fat
158,57,normal
197,54,thin
190,98,fat
130,100,fat
145,94,fat
140,78,fat
191,72,normal
185,99,fat
137,71,fat
179,60,normal
163,117,fat
168,93,fat
141,91,fat
134,119,fat
193,48,thin
133,104,fat
129,50,fat
197,71,thin
157,57,normal
184,85,fat
134,50,fat
131,99,fat
183,78,normal
159,66,fat
144,104,fat
160,114,fat
132,46,fat
172,59,normal
122,83,fat
132,106,fat
179,96,fat
170,103,fat
159,109,fat
144,76,fat
145,42,normal
148,73,fat
154,79,fat
155,55,normal
143,109,fat
195,60,thin
133,98,fat
197,111,fat
176,115,fat
156,78,fat
170,92,fat
150,80,fat
161,80,fat
185,49,thin
182,80,normal
141,69,fat
134,85,fat
179,76,normal
154,95,fat
140,47,normal
148,77,fat
166,46,thin
147,95,fat
175,43,thin
172,92,fat
175,108,fat
168,36,thin
178,85,fat
179,79,normal
183,116,fat
172,48,thin
180,85,fat
156,112,fat
154,76,fat
172,84,fat
165,118,fat
180,43,thin
123,48,fat
183,114,fat
180,44,thin
164,49,thin
159,93,fat
154,58,normal
157,107,fat
135,58,fat
141,102,fat
148,47,normal
163,118,fat
152,35,thin
162,86,fat
177,117,fat
174,76,fat
173,102,fat
177,44,thin
137,105,fat
127,48,fat
167,68,normal
126,88,fat
123,115,fat
125,67,fat
147,52,normal
123,97,fat
161,60,normal
163,101,fat
169,95,fat
120,107,fat
196,112,fat
184,106,fat
172,57,normal
181,41,thin
152,39,thin
137,71,fat
159,116,fat
159,57,normal
147,82,fat
148,110,fat
157,49,normal
147,92,fat
134,114,fat
137,45,normal
124,53,fat
196,50,thin
191,98,fat
190,51,thin
188,94,fat
192,100,fat
196,111,fat
160,80,fat
143,50,normal
177,69,normal
170,60,normal
156,91,fat
137,85,fat
155,110,fat
120,77,fat
178,100,fat
173,101,fat
162,82,fat
161,66,fat
193,81,normal
174,72,normal
193,35,thin
136,93,fat
173,119,fat
183,94,fat
161,51,normal
137,41,normal
161,93,fat
153,92,fat
154,50,normal
157,78,fat
161,35,thin
180,72,normal
137,82,fat
199,42,thin
135,80,fat
182,74,normal
171,96,fat
188,53,thin
147,55,fat
170,57,normal
121,53,fat
154,117,fat
186,83,normal
142,107,fat
199,101,fat
176,80,fat
181,118,fat
163,100,fat
173,49,thin
171,77,fat
162,75,fat
190,38,thin
182,86,fat
161,93,fat
154,62,fat
142,35,thin
134,51,fat
193,67,thin
140,84,fat
173,112,fat
149,73,fat
153,73,fat
171,110,fat
176,42,thin
170,116,fat
131,114,fat
191,109,fat
123,84,fat
164,110,fat
196,64,thin
196,101,fat
183,105,fat
176,56,thin
198,94,normal
186,37,thin
174,66,normal
127,102,fat
186,103,fat
120,74,fat
131,96,fat
138,116,fat
147,46,normal
177,42,thin
130,115,fat
132,115,fat
193,102,fat
173,77,fat
159,86,fat
174,96,fat
186,118,fat
167,60,normal
128,89,fat
125,62,fat
132,43,normal
180,56,thin
128,107,fat
181,79,normal
170,93,fat
122,100,fat
143,36,thin
159,84,fat
155,41,thin
169,65,normal
195,90,normal
165,63,normal
144,67,fat
163,113,fat
193,89,normal
166,92,fat
130,67,fat
128,113,fat
153,89,fat
173,97,fat
131,35,normal
156,103,fat
121,80,fat
199,115,fat
123,87,fat
123,48,fat
199,35,thin
139,60,fat
127,81,fat
140,71,fat
199,42,thin
189,82,normal
166,54,normal
169,119,fat
123,89,fat
166,95,fat
170,81,fat
144,117,fat
192,45,thin
132,51,fat
168,102,fat
172,80,fat
185,72,normal
170,66,normal
175,109,fat
122,74,fat
144,67,fat
197,41,thin
180,76,normal
138,78,fat
175,46,thin
149,67,fat
177,99,fat
125,68,fat
141,47,normal
151,98,fat
128,62,fat
165,119,fat
156,73,fat
164,86,fat
168,62,normal
133,51,fat
185,115,fat
176,103,fat
171,79,fat
148,83,fat
163,83,fat
193,96,fat
175,98,fat
150,67,fat
166,66,normal
149,101,fat
163,53,normal
189,107,fat
146,76,fat
198,52,thin
197,51,thin
134,77,fat
132,99,fat
154,57,normal
147,42,normal
145,70,fat
198,56,thin
150,45,normal
176,95,fat
130,93,fat
165,86,fat
159,99,fat
195,44,thin
199,54,thin
132,41,normal
150,56,normal
131,82,fat
140,63,fat
152,54,normal
187,85,normal
146,38,thin
168,79,fat
193,71,normal
189,116,fat
191,37,thin
173,75,fat
160,114,fat
145,37,thin
175,102,fat
137,42,normal
149,99,fat
184,47,thin
178,99,fat
152,90,fat
190,106,fat
188,112,fat
183,54,thin
147,99,fat
136,74,fat
166,36,thin
193,86,normal
167,68,normal
188,104,fat
168,73,fat
196,36,thin
199,96,normal
147,57,fat
193,110,fat
177,50,thin
185,72,normal
165,49,thin
127,71,fat
173,35,thin
183,47,thin
156,109,fat
149,114,fat
161,36,thin
124,83,fat
122,114,fat
181,51,thin
188,55,thin
157,87,fat
135,54,fat
124,70,fat
177,92,fat
151,106,fat
186,109,fat
190,96,fat
148,35,thin
178,108,fat
126,110,fat
195,41,thin
138,96,fat
139,78,fat
126,73,fat
123,100,fat
185,95,fat
164,98,fat
155,111,fat
176,114,fat
199,99,normal
142,43,normal
160,58,normal
120,50,fat
152,36,thin
197,99,fat
195,98,fat
191,103,fat
149,50,normal
190,76,normal
136,71,fat
174,49,thin
125,98,fat
179,86,fat
194,113,fat
141,117,fat
195,93,normal
173,76,fat
144,52,fat
153,44,normal
147,114,fat
187,43,thin
125,107,fat
161,58,normal
174,93,fat
167,70,fat
120,83,fat
166,100,fat
161,88,fat
176,58,normal
144,117,fat
139,41,normal
168,92,fat
174,99,fat
125,108,fat
137,91,fat
152,63,fat
135,111,fat
145,43,normal
199,97,normal
129,48,fat
187,68,normal
189,68,normal
153,86,fat
126,66,fat
160,62,normal
156,100,fat
136,100,fat
134,65,fat
128,119,fat
169,68,normal
128,40,normal
172,82,fat
188,89,fat
185,117,fat
165,66,normal
156,57,normal
149,98,fat
193,111,fat
179,69,normal
196,45,thin
171,59,normal
133,88,fat
178,46,thin
128,102,fat
162,90,fat
124,81,fat
152,113,fat
149,118,fat
139,91,fat
175,105,fat
179,118,fat
168,100,fat
149,76,fat
157,74,fat
136,66,fat
136,71,fat
129,113,fat
199,60,thin
126,53,fat
137,110,fat
138,39,normal
156,82,fat
122,61,fat
183,45,thin
148,83,fat
192,53,thin
159,35,thin
127,69,fat
134,79,fat
163,51,normal
140,55,fat
159,88,fat
168,110,fat
123,55,fat
169,76,fat
171,92,fat
153,48,normal
145,103,fat
178,102,fat
120,60,fat
123,117,fat
156,48,normal
166,79,fat
165,109,fat
192,87,normal
168,110,fat
141,52,fat
141,105,fat
154,105,fat
191,62,thin
155,99,fat
141,67,fat
175,91,fat
181,88,fat
140,42,normal
128,37,normal
198,67,thin
125,108,fat
167,45,thin
183,36,thin
124,96,fat
183,79,normal
165,61,normal
170,55,normal
183,52,thin
158,82,fat
191,98,fat
157,115,fat
151,44,normal
166,90,fat
170,107,fat
182,84,fat
158,51,normal
128,59,fat
195,37,thin
127,111,fat
151,101,fat
197,82,normal
174,92,fat
194,67,thin
147,95,fat
171,80,fat
160,50,normal
123,119,fat
145,110,fat
152,99,fat
142,65,fat
130,74,fat
142,93,fat
154,71,fat
170,66,normal
133,72,fat
188,37,thin
171,100,fat
187,42,thin
123,115,fat
197,95,normal
179,105,fat
142,63,fat
177,60,normal
131,104,fat
166,93,fat
181,94,fat
161,88,fat
148,97,fat
199,80,normal
167,78,fat
191,58,thin
163,42,thin
122,99,fat
198,80,normal
143,83,fat
142,92,fat
185,104,fat
188,83,normal
140,60,fat
193,65,thin
165,47,thin
177,86,fat
190,106,fat
184,115,fat
186,51,thin
161,99,fat
153,67,fat
140,114,fat
124,119,fat
181,88,fat
121,41,fat
148,42,normal
131,56,fat
137,44,normal
141,98,fat
188,98,fat
167,84,fat
126,61,fat
178,41,thin
191,60,thin
172,58,normal
157,55,normal
180,47,thin
187,101,fat
171,101,fat
131,86,fat
140,78,fat
178,82,fat
151,95,fat
180,38,thin
157,94,fat
137,94,fat
144,109,fat
197,48,thin
127,98,fat
179,84,fat
120,44,fat
144,119,fat
130,92,fat
143,108,fat
184,83,normal
195,112,fat
132,47,fat
140,94,fat
151,104,fat
168,82,fat
125,75,fat
148,57,fat
127,62,fat
124,89,fat
153,55,normal
136,47,fat
193,61,thin
198,102,fat
199,46,thin
133,44,normal
124,108,fat
169,41,thin
143,65,fat
172,79,fat
125,102,fat
136,86,fat
149,100,fat
142,80,fat
125,106,fat
176,100,fat
144,116,fat
134,54,fat
169,90,fat
139,47,normal
132,59,fat
183,48,thin
170,113,fat
174,92,fat
166,70,fat
173,107,fat
145,71,fat
169,114,fat
130,64,fat
161,41,thin
129,114,fat
191,84,normal
183,48,thin
145,76,fat
196,95,normal
195,92,normal
131,46,fat
180,92,fat
120,114,fat
130,118,fat
176,103,fat
142,53,fat
199,107,fat
127,36,normal
155,113,fat
190,116,fat
149,57,fat
151,111,fat
170,42,thin
134,35,normal
130,108,fat
137,45,normal
176,79,fat
197,96,normal
120,111,fat
197,45,thin
165,103,fat
191,79,normal
146,101,fat
169,80,fat
187,105,fat
122,74,fat
152,91,fat
126,38,normal
128,105,fat
176,114,fat
150,47,normal
162,41,thin
165,106,fat
163,46,thin
187,44,thin
152,114,fat
153,41,thin
127,53,fat
134,89,fat
160,75,fat
198,72,thin
169,96,fat
123,103,fat
148,42,normal
174,112,fat
194,75,normal
144,54,fat
195,104,fat
189,107,fat
146,76,fat
175,62,normal
134,42,normal
170,50,thin
125,70,fat
157,67,fat
174,63,normal
153,93,fat
173,98,fat
141,82,fat
179,100,fat
135,103,fat
136,101,fat
148,66,fat
169,107,fat
139,107,fat
198,103,fat
126,58,fat
164,69,fat
142,96,fat
185,37,thin
196,45,thin
170,48,thin
196,116,fat
124,59,fat
172,95,fat
158,102,fat
123,54,fat
163,76,fat
144,47,normal
179,48,thin
177,47,thin
136,87,fat
190,61,thin
184,115,fat
177,42,thin
127,107,fat
170,92,fat
154,86,fat
147,114,fat
135,44,normal
187,63,thin
195,63,thin
120,74,fat
198,90,normal
180,114,fat
185,101,fat
139,84,fat
187,116,fat
140,104,fat
149,42,normal
184,110,fat
164,88,fat
139,57,fat
143,83,fat
155,62,fat
167,38,thin
128,52,fat
169,102,fat
132,72,fat
151,93,fat
194,95,fat
147,111,fat
127,81,fat
181,104,fat
125,113,fat
191,119,fat
164,78,fat
125,85,fat
189,104,fat
127,37,normal
198,66,thin
167,90,fat
154,49,normal
139,42,normal
155,42,thin
176,85,fat
179,116,fat
123,95,fat
151,53,normal
170,115,fat
194,51,thin
180,112,fat
129,56,fat
160,81,fat
136,113,fat
162,71,fat
141,37,normal
173,62,normal
144,35,thin
133,46,fat
153,77,fat
163,66,normal
171,57,normal
131,106,fat
131,47,fat
170,84,fat
134,99,fat
169,90,fat
127,90,fat
177,71,normal
151,80,fat
174,109,fat
194,115,fat
145,44,normal
143,73,fat
181,96,fat
190,54,thin
137,114,fat
140,69,fat
190,71,normal
176,110,fat
182,96,fat
150,59,fat
149,57,fat
188,45,thin
131,65,fat
146,78,fat
150,114,fat
127,95,fat
170,82,fat
146,72,fat
127,117,fat
194,108,fat
146,95,fat
122,74,fat
164,87,fat
149,119,fat
158,53,normal
144,50,normal
124,92,fat
171,108,fat
175,41,thin
179,69,normal
172,118,fat
158,68,fat
131,40,normal
186,74,normal
160,94,fat
152,113,fat
155,43,thin
148,116,fat
194,43,thin
127,114,fat
195,116,fat
183,64,normal
182,94,fat
121,113,fat
122,52,fat
154,52,normal
137,68,fat
142,119,fat
185,90,fat
128,39,normal
183,95,fat
165,64,normal
159,108,fat
127,84,fat
131,79,fat
170,54,normal
144,81,fat
179,95,fat
170,74,fat
129,69,fat
191,78,normal
134,81,fat
157,115,fat
132,100,fat
132,39,normal
131,105,fat
147,113,fat
163,47,thin
178,119,fat
172,38,thin
133,48,fat
147,118,fat
199,111,fat
169,62,normal
177,118,fat
185,116,fat
141,46,normal
143,110,fat
171,66,normal
149,106,fat
167,64,normal
148,47,normal
150,81,fat
139,91,fat
150,98,fat
184,119,fat
164,109,fat
189,72,normal
165,43,thin
155,70,fat
194,99,fat
176,110,fat
130,106,fat
180,103,fat
191,94,fat
141,113,fat
147,99,fat
134,93,fat
171,69,normal
178,68,normal
161,36,thin
149,78,fat
177,64,normal
199,54,thin
136,85,fat
144,86,fat
145,112,fat
143,54,fat
188,86,normal
128,81,fat
156,48,normal
134,91,fat
142,61,fat
153,78,fat
162,103,fat
162,91,fat
149,36,thin
184,70,normal
188,92,fat
193,37,thin
163,103,fat
140,96,fat
131,35,normal
193,49,thin
163,75,fat
135,106,fat
144,91,fat
120,82,fat
156,111,fat
176,59,normal
162,46,thin
195,48,thin
193,38,thin
123,100,fat
193,67,thin
135,46,fat
175,55,thin
176,100,fat
144,90,fat
189,108,fat
133,76,fat
149,58,fat
128,51,fat
159,89,fat
189,96,fat
138,66,fat
152,57,normal
187,65,normal
166,79,fat
130,82,fat
190,114,fat
123,101,fat
184,36,thin
179,112,fat
190,36,thin
169,56,normal
131,50,fat
137,104,fat
163,90,fat
126,45,fat
195,37,thin
121,90,fat
156,97,fat
190,88,normal
189,87,normal
146,40,normal
189,54,thin
158,45,thin
173,114,fat
149,71,fat
169,62,normal
124,103,fat
179,109,fat
147,90,fat
126,85,fat
157,107,fat
142,111,fat
165,59,normal
199,60,thin
172,116,fat
170,41,thin
148,71,fat
188,92,fat
128,64,fat
194,64,thin
157,96,fat
170,50,thin
161,90,fat
182,55,thin
177,61,normal
171,85,fat
134,117,fat
141,82,fat
140,98,fat
154,43,thin
146,55,fat
158,96,fat
189,45,thin
128,54,fat
132,76,fat
150,48,normal
124,47,fat
191,84,normal
180,84,fat
126,92,fat
167,52,normal
175,59,normal
189,36,thin
161,37,thin
181,49,thin
138,55,fat
149,85,fat
191,83,normal
176,53,thin
194,110,fat
199,114,fat
153,105,fat
184,35,thin
164,78,fat
164,106,fat
139,98,fat
151,57,normal
167,70,fat
194,92,normal
134,58,fat
149,89,fat
129,89,fat
165,82,fat
163,70,fat
125,62,fat
125,118,fat
179,111,fat
152,69,fat
172,117,fat
142,87,fat
166,106,fat
133,110,fat
127,35,normal
159,88,fat
164,59,normal
152,77,fat
193,61,thin
142,58,fat
198,69,thin
134,37,normal
173,48,thin
151,85,fat
132,55,fat
199,104,fat
187,101,fat
134,86,fat
152,91,fat
169,41,thin
137,39,normal
146,84,fat
124,90,fat
159,55,normal
175,71,normal
176,81,fat
156,115,fat
121,79,fat
137,114,fat
155,80,fat
178,83,fat
142,71,fat
184,117,fat
122,87,fat
156,102,fat
195,53,thin
195,90,normal
166,112,fat
163,86,fat
122,97,fat
189,113,fat
143,63,fat
125,85,fat
169,69,normal
123,57,fat
144,84,fat
124,60,fat
137,58,fat
165,65,normal
174,77,fat
179,96,fat
191,41,thin
190,93,fat
176,89,fat
183,45,thin
167,69,normal
168,108,fat
142,70,fat
161,72,fat
135,116,fat
120,60,fat
177,84,fat
134,64,fat
120,100,fat
166,82,fat
181,38,thin
140,119,fat
179,89,fat
130,86,fat
153,62,fat
178,58,thin
165,98,fat
178,53,thin
155,96,fat
198,69,thin
178,89,fat
190,43,thin
159,53,normal
172,42,thin
144,111,fat
178,114,fat
187,117,fat
199,62,thin
140,43,normal
180,117,fat
130,68,fat
157,41,thin
190,36,thin
158,46,thin
138,56,fat
188,93,fat
170,99,fat
131,62,fat
172,88,fat
172,111,fat
147,71,fat
163,90,fat
146,106,fat
155,98,fat
175,83,fat
182,115,fat
142,118,fat
123,94,fat
193,66,thin
176,68,normal
179,99,fat
154,115,fat
125,45,fat
184,48,thin
141,43,normal
135,72,fat
139,87,fat
192,102,fat
139,86,fat
191,104,fat
141,86,fat
144,90,fat
120,73,fat
165,74,fat
139,49,fat
132,118,fat
161,72,fat
184,81,normal
197,93,normal
176,59,normal
132,68,fat
156,45,thin
161,90,fat
144,70,fat
149,119,fat
159,45,thin
150,70,fat
121,46,fat
148,105,fat
149,44,normal
149,106,fat
151,118,fat
179,38,thin
128,65,fat
158,109,fat
172,98,fat
131,100,fat
132,114,fat
124,59,fat
127,48,fat
130,80,fat
186,103,fat
156,92,fat
175,70,normal
178,51,thin
141,91,fat
198,110,fat
165,86,fat
196,80,normal
176,98,fat
190,55,thin
162,98,fat
160,102,fat
169,44,thin
151,99,fat
166,45,thin
146,79,fat
188,114,fat
132,99,fat
194,58,thin
151,58,fat
133,44,normal
158,116,fat
197,99,fat
141,102,fat
152,92,fat
143,79,fat
134,110,fat
192,50,thin
141,78,fat
173,62,normal
135,36,normal
183,107,fat
126,115,fat
135,50,fat
189,97,fat
193,48,thin
182,44,thin
177,41,thin
170,77,fat
179,44,thin
156,95,fat
127,77,fat
126,97,fat
175,35,thin
129,110,fat
172,61,normal
195,48,thin
163,40,thin
189,115,fat
129,64,fat
148,63,fat
196,74,normal
135,59,fat
139,114,fat
127,48,fat
160,96,fat
120,50,fat
145,91,fat
149,119,fat
162,113,fat
191,44,thin
184,75,normal
184,49,thin
178,102,fat
151,81,fat
162,58,normal
195,114,fat
187,55,thin
156,80,fat
125,68,fat
128,102,fat
126,75,fat
122,105,fat
165,91,fat
173,89,fat
175,46,thin
124,115,fat
158,56,normal
138,77,fat
169,42,thin
135,88,fat
199,58,thin
191,37,thin
149,86,fat
133,49,fat
193,101,fat
163,52,normal
181,97,fat
164,99,fat
151,90,fat
162,79,fat
135,50,fat
159,98,fat
120,58,fat
197,69,thin
152,37,thin
166,41,thin
188,100,fat
193,99,fat
174,38,thin
126,47,fat
173,81,fat
173,78,fat
126,102,fat
137,35,normal
128,59,fat
143,110,fat
121,75,fat
124,110,fat
129,42,fat
159,115,fat
184,70,normal
159,100,fat
145,65,fat
166,54,normal
178,68,normal
159,90,fat
151,43,normal
172,46,thin
182,116,fat
128,112,fat
196,75,normal
198,71,thin
121,40,fat
144,94,fat
151,100,fat
197,69,thin
183,63,normal
120,100,fat
187,79,normal
198,55,thin
133,80,fat
172,74,fat
155,96,fat
181,69,normal
165,75,fat
129,100,fat
179,92,fat
165,77,fat
140,98,fat
199,55,thin
125,96,fat
185,77,normal
184,45,thin
185,75,normal
177,115,fat
191,86,normal
132,98,fat
127,101,fat
124,44,fat
151,88,fat
149,88,fat
159,66,fat
120,66,fat
199,57,thin
187,117,fat
174,102,fat
181,37,thin
166,78,fat
144,93,fat
135,114,fat
125,71,fat
159,86,fat
154,54,normal
148,37,thin
164,52,normal
122,112,fat
140,47,normal
141,46,normal
165,106,fat
198,46,thin
165,36,thin
137,90,fat
129,63,fat
132,80,fat
161,81,fat
189,35,thin
135,70,fat
139,109,fat
172,50,thin
195,81,normal
131,96,fat
173,67,normal
176,118,fat
164,91,fat
179,60,normal
173,86,fat
186,41,thin
173,68,normal
133,86,fat
187,57,thin
135,104,fat
134,89,fat
198,48,thin
125,38,normal
127,80,fat
174,91,fat
123,98,fat
198,50,thin
140,45,normal
149,43,normal
185,51,thin
142,86,fat
124,53,fat
187,50,thin
183,102,fat
176,69,normal
122,45,fat
153,37,thin
167,39,thin
136,117,fat
124,107,fat
134,63,fat
155,86,fat
133,105,fat
183,108,fat
174,116,fat
128,43,fat
132,71,fat
158,88,fat
155,82,fat
156,77,fat
181,108,fat
171,36,thin
136,71,fat
136,115,fat
165,118,fat
178,87,fat
126,104,fat
127,96,fat
152,61,fat
181,91,fat
162,101,fat
148,82,fat
181,42,thin
136,94,fat
169,49,thin
143,67,fat
178,60,normal
174,88,fat
193,103,fat
197,100,fat
160,68,fat
177,117,fat
132,101,fat
192,109,fat
159,78,fat
120,101,fat
130,37,normal
120,63,fat
196,106,fat
135,84,fat
183,40,thin
124,43,fat
144,84,fat
180,46,thin
125,108,fat
163,65,normal
189,54,thin
132,61,fat
148,84,fat
186,71,normal
181,64,normal
139,81,fat
198,78,normal
136,91,fat
135,76,fat
149,61,fat
150,91,fat
170,110,fat
196,106,fat
191,101,fat
162,47,thin
123,80,fat
154,78,fat
156,78,fat
173,44,thin
142,69,fat
164,71,fat
198,47,thin
165,65,normal
189,85,normal
194,80,normal
145,85,fat
135,73,fat
153,86,fat
170,39,thin
148,119,fat
158,103,fat
126,110,fat
152,104,fat
169,60,normal
123,92,fat
192,92,normal
193,105,fat
138,99,fat
140,87,fat
149,110,fat
140,68,fat
137,68,fat
146,95,fat
191,56,thin
193,101,fat
165,96,fat
175,94,fat
169,97,fat
167,53,normal
164,59,normal
133,111,fat
149,61,fat
123,72,fat
142,55,fat
193,44,thin
127,53,fat
128,116,fat
120,71,fat
197,80,normal
164,95,fat
121,96,fat
128,91,fat
141,48,normal
169,90,fat
157,102,fat
131,88,fat
152,113,fat
169,73,fat
179,42,thin
179,110,fat
138,43,normal
176,78,fat
173,95,fat
123,82,fat
125,65,fat
127,69,fat
169,78,fat
140,99,fat
186,94,fat
192,41,thin
140,49,fat
129,97,fat
132,86,fat
148,75,fat
184,97,fat
181,45,thin
144,58,fat
132,97,fat
169,47,thin
144,75,fat
152,80,fat
143,98,fat
157,90,fat
130,97,fat
137,55,fat
142,73,fat
137,66,fat
120,96,fat
139,61,fat
193,51,thin
174,53,thin
152,92,fat
178,107,fat
169,56,normal
167,44,thin
141,47,normal
131,65,fat
178,85,fat
135,49,fat
133,71,fat
197,110,fat
179,101,fat
193,82,normal
191,94,fat
167,104,fat
141,35,thin
183,41,thin
170,76,fat
197,46,thin
131,100,fat
175,112,fat
123,68,fat
126,72,fat
144,53,fat
140,79,fat
182,51,thin
195,62,thin
159,94,fat
156,105,fat
194,57,thin
179,67,normal
143,51,normal
173,91,fat
153,44,normal
160,47,thin
187,40,thin
185,54,thin
123,107,fat
171,75,fat
164,91,fat
160,100,fat
170,95,fat
157,41,thin
175,84,fat
150,99,fat
164,103,fat
149,58,fat
168,106,fat
149,69,fat
123,84,fat
180,82,fat
148,94,fat
184,90,fat
197,41,thin
180,117,fat
123,65,fat
151,45,normal
130,110,fat
145,93,fat
179,74,normal
189,85,normal
179,112,fat
156,42,thin
185,64,normal
164,109,fat
192,37,thin
143,99,fat
143,76,fat
125,64,fat
169,106,fat
183,107,fat
147,118,fat
170,101,fat
166,63,normal
176,36,thin
173,99,fat
192,61,thin
185,53,thin
175,68,normal
170,104,fat
153,83,fat
181,107,fat
164,64,normal
149,43,normal
152,109,fat
163,70,fat
165,107,fat
136,72,fat
156,112,fat
135,90,fat
165,72,fat
162,39,thin
154,53,normal
175,99,fat
133,69,fat
155,71,fat
147,86,fat
181,117,fat
124,57,fat
177,90,fat
146,56,fat
164,57,normal
132,112,fat
181,37,thin
180,50,thin
180,63,normal
180,56,thin
140,64,fat
121,70,fat
157,46,normal
193,84,normal
182,119,fat
182,84,fat
154,91,fat
153,111,fat
162,87,fat
199,88,normal
148,65,fat
127,43,fat
143,107,fat
179,69,normal
148,39,thin
127,114,fat
146,73,fat
188,90,fat
195,116,fat
141,63,fat
199,104,fat
138,76,fat
144,107,fat
132,83,fat
164,44,thin
164,79,fat
158,67,fat
147,89,fat
185,57,thin
128,53,fat
173,50,thin
142,49,normal
128,103,fat
148,40,thin
195,73,normal
177,84,fat
163,77,fat
160,52,normal
124,112,fat
167,51,thin
154,85,fat
182,57,thin
136,82,fat
194,39,thin
140,99,fat
121,52,fat
145,75,fat
170,115,fat
151,80,fat
198,48,thin
127,83,fat
120,54,fat
148,54,normal
198,76,normal
152,48,normal
185,110,fat
156,75,fat
133,42,normal
186,38,thin
142,111,fat
157,81,fat
156,59,normal
180,116,fat
166,47,thin
162,44,thin
149,68,fat
171,90,fat
196,38,thin
162,105,fat
142,79,fat
143,70,fat
162,113,fat
124,35,normal
156,55,normal
141,87,fat
121,68,fat
189,111,fat
120,115,fat
171,113,fat
187,78,normal
195,72,normal
130,72,fat
155,52,normal
181,52,thin
128,67,fat
194,38,thin
150,44,normal
190,49,thin
144,92,fat
174,91,fat
182,67,normal
196,66,thin
134,59,fat
195,108,fat
197,82,normal
173,64,normal
183,98,fat
156,51,normal
180,111,fat
194,57,thin
185,38,thin
191,102,fat
190,75,normal
195,86,normal
172,49,thin
150,67,fat
190,115,fat
162,105,fat
183,86,fat
167,43,thin
178,73,normal
172,80,fat
199,97,normal
176,106,fat
163,44,thin
172,88,fat
126,106,fat
175,56,thin
149,118,fat
143,97,fat
175,52,thin
197,37,thin
183,55,thin
170,47,thin
125,84,fat
196,77,normal
160,104,fat
192,106,fat
125,76,fat
198,79,normal
158,98,fat
173,60,normal
191,81,normal
125,63,fat
157,113,fat
176,111,fat
154,110,fat
149,43,normal
166,88,fat
152,96,fat
152,70,fat
130,88,fat
199,48,thin
130,112,fat
180,40,thin
152,41,thin
153,96,fat
181,114,fat
158,103,fat
144,55,fat
174,54,thin
123,103,fat
144,86,fat
179,108,fat
182,39,thin
192,54,thin
182,82,normal
185,111,fat
148,107,fat
167,100,fat
181,80,normal
131,37,normal
150,75,fat
178,109,fat
120,59,fat
147,119,fat
135,73,fat
120,50,fat
185,83,normal
184,106,fat
145,50,normal
194,101,fat
130,104,fat
123,91,fat
137,106,fat
196,37,thin
176,37,thin
157,99,fat
168,110,fat
185,113,fat
127,57,fat
129,44,fat
176,54,thin
169,118,fat
155,36,thin
136,73,fat
135,111,fat
150,46,normal
134,64,fat
182,102,fat
177,98,fat
184,47,thin
191,56,thin
132,83,fat
141,61,fat
177,76,normal
174,81,fat
197,97,normal
148,80,fat
140,45,normal
162,53,normal
122,40,fat
171,85,fat
165,67,normal
190,117,fat
144,36,thin
154,97,fat
131,66,fat
142,92,fat
187,111,fat
197,107,fat
151,90,fat
122,100,fat
172,96,fat
192,84,normal
168,68,normal
155,88,fat
153,40,thin
166,45,thin
166,69,fat
125,112,fat
130,91,fat
128,87,fat
157,67,fat
165,102,fat
143,98,fat
137,39,normal
126,97,fat
124,54,fat
130,46,fat
136,63,fat
134,102,fat
164,41,thin
180,88,fat
176,111,fat
149,103,fat
126,86,fat
182,106,fat
166,37,thin
174,37,thin
147,79,fat
123,41,fat
170,110,fat
139,70,fat
139,36,normal
127,57,fat
155,79,fat
179,37,thin
198,99,fat
185,77,normal
162,106,fat
193,52,thin
199,95,normal
185,68,normal
191,102,fat
182,39,thin
129,60,fat
187,87,normal
176,95,fat
197,77,normal
154,58,normal
167,94,fat
128,94,fat
191,71,normal
192,107,fat
158,99,fat
182,88,fat
131,60,fat
137,68,fat
148,72,fat
142,53,fat
167,64,normal
188,111,fat
193,100,fat
166,76,fat
174,95,fat
127,94,fat
183,61,thin
138,87,fat
185,71,normal
136,113,fat
171,40,thin
197,85,normal
158,42,thin
123,38,fat
173,39,thin
149,108,fat
162,102,fat
167,88,fat
142,64,fat
189,103,fat
124,70,fat
120,68,fat
170,38,thin
166,89,fat
135,75,fat
171,86,fat
163,66,normal
125,98,fat
159,87,fat
139,73,fat
146,72,fat
151,92,fat
193,106,fat
133,107,fat
184,119,fat
157,119,fat
146,103,fat
171,59,normal
129,55,fat
176,73,normal
156,87,fat
151,83,fat
175,56,thin
186,63,thin
126,83,fat
176,80,fat
126,43,fat
126,54,fat
139,72,fat
122,41,fat
178,35,thin
136,119,fat
132,38,normal
189,43,thin
179,90,fat
198,86,normal
194,52,thin
137,64,fat
157,115,fat
178,79,normal
167,57,normal
167,76,fat
133,83,fat
121,55,fat
182,55,thin
181,106,fat
195,95,normal
159,35,thin
125,54,fat
185,61,thin
122,61,fat
159,110,fat
121,97,fat
159,47,normal
192,85,normal
143,49,normal
122,105,fat
147,36,thin
192,36,thin
174,48,thin
183,89,fat
154,73,fat
154,69,fat
144,67,fat
162,112,fat
154,35,thin
143,57,fat
134,49,fat
199,53,thin
130,72,fat
181,70,normal
131,48,fat
167,35,thin
153,45,normal
190,55,thin
141,39,normal
168,105,fat
128,116,fat
193,52,thin
175,116,fat
140,50,fat
138,98,fat
129,61,fat
171,37,thin
139,54,fat
154,109,fat
188,105,fat
172,99,fat
162,101,fat
163,56,normal
137,60,fat
172,106,fat
140,48,normal
141,110,fat
135,97,fat
166,108,fat
132,41,normal
194,109,fat
167,46,thin
152,76,fat
159,107,fat
123,64,fat
163,78,fat
144,70,fat
174,52,thin
185,89,fat
140,75,fat
123,62,fat
140,96,fat
156,100,fat
123,74,fat
127,97,fat
138,51,fat
168,78,fat
149,98,fat
195,74,normal
164,90,fat
196,74,normal
146,37,thin
129,73,fat
134,93,fat
131,76,fat
170,72,normal
153,97,fat
177,68,normal
178,51,thin
164,73,fat
174,84,fat
147,86,fat
124,66,fat
176,68,normal
175,116,fat
154,59,normal
192,119,fat
192,90,normal
164,69,fat
156,97,fat
139,95,fat
162,72,fat
173,45,thin
148,83,fat
139,50,fat
169,106,fat
146,77,fat
161,103,fat
154,62,fat
144,68,fat
122,93,fat
162,108,fat
149,75,fat
176,49,thin
176,53,thin
141,58,fat
126,37,normal
153,101,fat
180,107,fat
130,40,normal
130,110,fat
137,76,fat
181,82,fat
178,96,fat
161,46,thin
161,67,fat
195,106,fat
169,58,normal
121,101,fat
166,89,fat
142,89,fat
181,58,thin
171,92,fat
192,119,fat
124,76,fat
161,40,thin
122,118,fat
181,113,fat
141,88,fat
153,75,fat
145,103,fat
133,85,fat
150,91,fat
126,42,fat
136,88,fat
172,63,normal
140,36,thin
191,57,thin
140,51,fat
158,56,normal
134,108,fat
194,45,thin
196,36,thin
157,78,fat
198,38,thin
140,96,fat
171,101,fat
134,82,fat
176,100,fat
174,65,normal
131,55,fat
137,42,normal
121,60,fat
179,83,fat
164,82,fat
123,39,fat
178,78,normal
186,47,thin
165,65,normal
126,110,fat
179,115,fat
146,68,fat
135,64,fat
186,86,normal
188,118,fat
149,47,normal
133,53,fat
146,110,fat
140,102,fat
197,83,normal
187,97,fat
142,90,fat
194,110,fat
167,68,normal
174,88,fat
157,35,thin
163,89,fat
195,51,thin
192,58,thin
120,59,fat
171,42,thin
157,80,fat
133,97,fat
152,94,fat
137,70,fat
199,118,fat
182,93,fat
180,37,thin
134,79,fat
122,97,fat
168,58,normal
130,77,fat
136,39,normal
132,103,fat
176,86,fat
173,99,fat
195,85,normal
146,41,normal
137,94,fat
157,88,fat
131,53,fat
192,55,thin
127,43,fat
157,36,thin
170,49,thin
136,118,fat
124,51,fat
150,53,normal
182,111,fat
150,104,fat
135,95,fat
162,46,thin
152,82,fat
142,52,fat
188,92,fat
135,49,fat
188,72,normal
165,68,normal
175,116,fat
146,47,normal
195,55,thin
159,82,fat
171,114,fat
148,45,normal
175,65,normal
142,116,fat
142,97,fat
166,54,normal
158,59,normal
131,45,fat
130,40,normal
190,63,thin
152,80,fat
170,117,fat
144,89,fat
199,35,thin
181,109,fat
178,90,fat
137,56,fat
194,115,fat
172,83,fat
143,88,fat
143,98,fat
138,78,fat
138,49,fat
158,108,fat
140,67,fat
146,41,normal
125,105,fat
134,49,fat
147,57,fat
148,49,normal
125,38,normal
138,97,fat
140,36,thin
157,55,normal
190,68,normal
185,53,thin
120,70,fat
134,37,normal
167,62,normal
166,83,fat
146,53,normal
197,97,normal
148,74,fat
133,84,fat
150,114,fat
156,53,normal
190,43,thin
184,109,fat
175,42,thin
154,91,fat
196,104,fat
168,101,fat
160,94,fat
149,114,fat
129,113,fat
195,64,thin
156,43,thin
148,35,thin
139,69,fat
131,56,fat
182,87,fat
142,82,fat
167,47,thin
131,117,fat
126,117,fat
134,89,fat
124,40,fat
143,42,normal
195,37,thin
135,55,fat
168,55,normal
197,62,thin
125,99,fat
199,66,thin
127,92,fat
162,50,normal
168,47,thin
144,58,fat
136,40,normal
157,59,normal
151,119,fat
164,68,fat
191,99,fat
140,82,fat
141,48,normal
163,99,fat
134,69,fat
197,99,fat
131,103,fat
124,106,fat
123,117,fat
151,47,normal
147,116,fat
170,51,thin
135,97,fat
172,52,thin
183,91,fat
185,71,normal
162,46,thin
120,93,fat
194,91,normal
122,71,fat
153,59,fat
154,103,fat
147,62,fat
153,43,thin
129,40,normal
141,74,fat
183,45,thin
151,63,fat
199,55,thin
178,87,fat
166,68,normal
121,91,fat
189,103,fat
196,61,thin
124,77,fat
166,110,fat
181,80,normal
174,116,fat
161,119,fat
128,97,fat
163,88,fat
169,119,fat
195,66,thin
126,104,fat
183,61,thin
181,80,normal
192,60,thin
125,47,fat
120,91,fat
179,50,thin
143,101,fat
127,88,fat
141,99,fat
188,83,normal
182,87,fat
159,82,fat
137,83,fat
194,96,fat
174,40,thin
130,80,fat
176,112,fat
140,106,fat
157,52,normal
141,73,fat
187,80,normal
190,38,thin
187,116,fat
150,110,fat
136,67,fat
124,102,fat
150,89,fat
128,40,normal
128,94,fat
183,94,fat
146,80,fat
134,36,normal
187,72,normal
173,45,thin
193,108,fat
177,100,fat
147,45,normal
194,64,thin
171,46,thin
164,100,fat
130,106,fat
183,114,fat
140,107,fat
155,81,fat
165,104,fat
129,103,fat
190,113,fat
149,93,fat
192,109,fat
184,77,normal
133,77,fat
184,51,thin
169,63,normal
151,51,normal
157,67,fat
145,59,fat
140,99,fat
174,72,normal
124,81,fat
178,98,fat
137,85,fat
134,94,fat
166,107,fat
185,109,fat
171,59,normal
190,103,fat
174,56,thin
137,114,fat
122,45,fat
172,103,fat
136,119,fat
177,110,fat
143,107,fat
160,51,normal
155,69,fat
179,66,normal
126,49,fat
182,60,thin
151,91,fat
154,70,fat
135,64,fat
170,115,fat
157,74,fat
140,41,normal
166,113,fat
133,84,fat
191,101,fat
137,119,fat
162,79,fat
165,46,thin
168,110,fat
169,53,normal
165,80,fat
139,85,fat
139,110,fat
127,69,fat
122,53,fat
196,64,thin
150,59,fat
134,115,fat
181,37,thin
144,35,thin
180,47,thin
178,118,fat
132,57,fat
192,109,fat
130,105,fat
166,68,normal
156,106,fat
130,64,fat
165,107,fat
183,92,fat
165,80,fat
125,103,fat
160,110,fat
189,98,fat
167,90,fat
120,80,fat
165,63,normal
167,116,fat
158,85,fat
195,77,normal
186,67,normal
148,90,fat
197,89,normal
173,116,fat
150,93,fat
123,80,fat
144,56,fat
138,73,fat
191,119,fat
125,58,fat
192,35,thin
192,114,fat
145,41,normal
175,64,normal
132,56,fat
183,98,fat
142,103,fat
179,67,normal
186,56,thin
189,76,normal
186,95,fat
126,74,fat
131,59,fat
140,102,fat
130,97,fat
180,73,normal
144,102,fat
124,88,fat
165,48,thin
131,112,fat
166,57,normal
151,44,normal
185,35,thin
138,63,fat
142,67,fat
142,98,fat
127,90,fat
191,69,normal
169,118,fat
140,88,fat
151,100,fat
159,115,fat
136,51,fat
172,92,fat
163,42,thin
132,88,fat
122,70,fat
185,54,thin
132,98,fat
148,84,fat
188,48,thin
171,88,fat
194,42,thin
177,51,thin
182,108,fat
198,45,thin
139,108,fat
154,82,fat
136,47,fat
197,61,thin
179,41,thin
129,109,fat
187,104,fat
184,92,fat
145,36,thin
136,88,fat
188,109,fat
196,114,fat
148,84,fat
161,82,fat
171,104,fat
193,54,thin
141,100,fat
182,101,fat
126,75,fat
193,70,normal
140,65,fat
176,63,normal
164,50,normal
188,118,fat
146,103,fat
171,93,fat
130,59,fat
199,57,thin
190,68,normal
163,111,fat
127,36,normal
125,112,fat
150,102,fat
197,59,thin
177,100,fat
131,46,fat
176,55,thin
186,71,normal
198,62,thin
175,110,fat
131,58,fat
199,99,normal
187,117,fat
150,61,fat
134,66,fat
199,54,thin
163,42,thin
123,42,fat
153,35,thin
140,95,fat
171,66,normal
162,73,fat
154,52,normal
121,118,fat
191,82,normal
148,47,normal
154,106,fat
178,119,fat
147,36,thin
192,78,normal
152,48,normal
135,64,fat
166,112,fat
163,60,normal
187,79,normal
181,69,normal
139,81,fat
147,36,thin
159,86,fat
165,46,thin
198,85,normal
179,113,fat
131,93,fat
169,40,thin
174,41,thin
125,90,fat
158,71,fat
193,105,fat
163,55,normal
182,50,thin
180,105,fat
171,87,fat
155,71,fat
128,59,fat
167,76,fat
151,79,fat
164,115,fat
158,49,normal
163,73,fat
177,68,normal
161,110,fat
135,47,fat
150,81,fat
153,114,fat
139,40,normal
186,88,fat
194,56,thin
144,113,fat
135,46,fat
161,89,fat
136,97,fat
172,98,fat
148,92,fat
188,83,normal
188,93,fat
150,71,fat
170,58,normal
195,83,normal
161,45,thin
141,112,fat
181,107,fat
122,66,fat
153,114,fat
148,66,fat
178,82,fat
162,119,fat
190,116,fat
136,75,fat
136,97,fat
173,74,normal
140,47,normal
133,93,fat
128,86,fat
195,104,fat
191,64,thin
165,59,normal
138,75,fat
135,97,fat
170,95,fat
126,55,fat
138,117,fat
125,107,fat
154,97,fat
137,41,normal
187,61,thin
133,94,fat
197,52,thin
144,108,fat
198,102,fat
194,114,fat
153,78,fat
148,80,fat
156,58,normal
147,68,fat
178,71,normal
170,44,thin
182,40,thin
142,45,normal
149,66,fat
152,68,fat
126,119,fat
173,104,fat
186,91,fat
144,56,fat
185,58,thin
152,49,normal
139,73,fat
158,112,fat
185,54,thin
168,85,fat
148,93,fat
131,80,fat
125,88,fat
176,99,fat
174,45,thin
145,46,normal
124,106,fat
159,85,fat
138,75,fat
123,58,fat
146,73,fat
135,72,fat
148,111,fat
166,104,fat
127,52,fat
129,118,fat
184,43,thin
160,53,normal
166,69,fat
166,83,fat
144,107,fat
141,57,fat
166,74,fat
174,82,fat
195,88,normal
156,100,fat
189,68,normal
140,91,fat
133,88,fat
171,55,normal
156,119,fat
191,102,fat
181,84,fat
134,95,fat
196,83,normal
133,85,fat
120,113,fat
179,62,normal
129,75,fat
190,108,fat
140,75,fat
165,36,thin
193,58,thin
140,52,fat
152,71,fat
129,109,fat
156,46,normal
186,62,thin
156,70,fat
151,63,fat
180,80,normal
148,45,normal
141,111,fat
190,84,normal
139,112,fat
136,102,fat
163,118,fat
126,114,fat
163,80,fat
172,74,fat
191,68,normal
186,48,thin
144,96,fat
148,46,normal
127,81,fat
138,39,normal
148,37,thin
188,117,fat
152,99,fat
161,72,fat
189,58,thin
158,98,fat
147,95,fat
158,110,fat
187,79,normal
140,63,fat
143,54,fat
194,61,thin
173,91,fat
145,117,fat
152,75,fat
171,116,fat
186,115,fat
178,96,fat
120,109,fat
156,45,thin
168,36,thin
125,89,fat
151,115,fat
156,95,fat
171,61,normal
181,47,thin
168,110,fat
168,36,thin
191,96,fat
164,36,thin
165,97,fat
164,62,normal
171,78,fat
182,50,thin
135,54,fat
171,62,normal
181,114,fat
162,47,thin
145,92,fat
170,42,thin
123,73,fat
121,111,fat
155,97,fat
160,61,normal
176,95,fat
186,42,thin
142,103,fat
190,64,thin
173,101,fat
177,86,fat
157,78,fat
141,39,normal
195,40,thin
152,67,fat
150,114,fat
124,88,fat
180,80,normal
123,88,fat
193,44,thin
199,59,thin
122,74,fat
168,102,fat
171,118,fat
121,54,fat
162,72,fat
188,114,fat
165,74,fat
161,71,fat
162,110,fat
144,75,fat
135,112,fat
192,57,thin
196,62,thin
161,37,thin
183,72,normal
166,47,thin
154,100,fat
191,57,thin
174,40,thin
128,113,fat
171,97,fat
149,41,thin
190,89,normal
132,69,fat
172,85,fat
145,115,fat
189,71,normal
137,65,fat
173,74,normal
163,70,fat
171,96,fat
143,67,fat
159,62,normal
195,44,thin
130,107,fat
156,101,fat
172,67,normal
177,74,normal
136,43,normal
173,65,normal
122,54,fat
177,79,fat
138,84,fat
129,85,fat
183,70,normal
175,115,fat
154,115,fat
135,61,fat
195,113,fat
127,60,fat
140,42,normal
128,101,fat
193,89,normal
134,57,fat
168,40,thin
139,39,normal
156,119,fat
132,60,fat
168,75,fat
135,79,fat
121,94,fat
121,66,fat
175,78,fat
156,41,thin
132,87,fat
161,105,fat
137,81,fat
120,100,fat
179,88,fat
182,115,fat
132,64,fat
185,58,thin
125,50,fat
135,59,fat
153,111,fat
149,104,fat
177,105,fat
157,71,fat
175,50,thin
148,116,fat
194,107,fat
172,101,fat
127,92,fat
168,104,fat
153,90,fat
175,111,fat
132,55,fat
170,86,fat
174,87,fat
198,51,thin
193,75,normal
196,54,thin
128,113,fat
176,84,fat
156,94,fat
151,114,fat
127,96,fat
121,56,fat
163,96,fat
172,39,thin
162,83,fat
155,49,normal
159,112,fat
193,61,thin
187,115,fat
185,116,fat
170,80,fat
179,80,normal
129,48,fat
128,52,fat
199,77,normal
123,53,fat
197,76,normal
185,54,thin
145,54,fat
162,37,thin
187,48,thin
160,106,fat
125,105,fat
147,86,fat
163,42,thin
194,61,thin
169,64,normal
152,49,normal
157,47,normal
142,62,fat
179,94,fat
128,88,fat
131,84,fat
180,39,thin
182,67,normal
129,118,fat
158,73,fat
175,73,normal
182,83,fat
150,77,fat
144,41,normal
153,101,fat
153,64,fat
159,78,fat
158,93,fat
173,107,fat
151,58,fat
138,85,fat
134,63,fat
198,52,thin
156,97,fat
189,112,fat
124,99,fat
184,98,fat
158,74,fat
130,102,fat
182,94,fat
140,48,normal
196,52,thin
145,100,fat
142,113,fat
172,41,thin
181,109,fat
193,45,thin
164,49,thin
175,58,normal
169,63,normal
188,58,thin
170,102,fat
142,119,fat
170,57,normal
152,81,fat
171,78,fat
169,79,fat
150,119,fat
127,35,normal
133,76,fat
162,42,thin
181,49,thin
152,75,fat
186,62,thin
140,90,fat
151,52,normal
125,76,fat
133,53,fat
169,52,thin
180,39,thin
173,67,normal
176,104,fat
168,44,thin
164,119,fat
199,114,fat
187,37,thin
139,111,fat
154,115,fat
132,74,fat
159,88,fat
175,36,thin
185,81,normal
165,108,fat
158,70,fat
162,114,fat
184,46,thin
173,87,fat
182,94,fat
161,79,fat
128,41,fat
190,74,normal
158,76,fat
146,60,fat
196,58,thin
133,79,fat
125,67,fat
138,50,fat
191,104,fat
150,44,normal
162,58,normal
167,119,fat
122,110,fat
138,116,fat
183,88,fat
185,83,normal
124,99,fat
180,47,thin
133,47,fat
160,116,fat
129,62,fat
145,66,fat
129,108,fat
179,46,thin
130,53,fat
135,99,fat
199,68,thin
171,60,normal
147,109,fat
189,41,thin
175,50,thin
188,80,normal
132,115,fat
187,109,fat
120,80,fat
157,91,fat
128,59,fat
155,59,normal
166,49,thin
188,95,fat
144,101,fat
194,55,thin
182,113,fat
193,99,fat
128,113,fat
137,116,fat
167,43,thin
175,90,fat
176,91,fat
198,104,fat
160,108,fat
192,115,fat
129,112,fat
169,53,normal
146,39,thin
137,95,fat
178,87,fat
197,37,thin
141,51,fat
166,100,fat
139,98,fat
190,88,normal
194,82,normal
173,84,fat
176,93,fat
156,70,fat
171,63,normal
172,88,fat
152,63,fat
160,68,fat
154,108,fat
123,65,fat
197,43,thin
141,109,fat
167,73,fat
194,97,fat
121,72,fat
191,107,fat
171,87,fat
136,109,fat
120,81,fat
130,50,fat
127,82,fat
194,94,normal
176,105,fat
131,108,fat
123,36,normal
149,38,thin
130,108,fat
170,43,thin
156,37,thin
172,56,normal
167,47,thin
194,68,thin
176,85,fat
178,73,normal
161,65,fat
161,72,fat
127,109,fat
134,86,fat
159,41,thin
122,85,fat
176,52,thin
199,107,fat
131,37,normal
137,85,fat
168,86,fat
181,102,fat
142,100,fat
143,77,fat
161,36,thin
123,50,fat
154,119,fat
149,38,thin
173,79,fat
143,90,fat
159,87,fat
143,116,fat
174,38,thin
179,98,fat
189,40,thin
170,41,thin
182,115,fat
183,111,fat
193,102,fat
147,78,fat
184,50,thin
180,37,thin
189,58,thin
137,106,fat
191,95,fat
180,112,fat
165,97,fat
174,35,thin
135,68,fat
159,99,fat
133,62,fat
125,115,fat
173,68,normal
158,93,fat
141,92,fat
171,74,fat
161,67,fat
163,79,fat
190,69,normal
188,77,normal
198,116,fat
175,75,normal
145,118,fat
147,63,fat
142,116,fat
173,74,normal
195,59,thin
172,76,fat
151,51,normal
149,101,fat
170,49,thin
169,94,fat
179,66,normal
128,85,fat
190,76,normal
166,44,thin
158,105,fat
183,60,thin
177,55,thin
185,50,thin
159,84,fat
155,110,fat
184,79,normal
126,35,normal
147,68,fat
122,52,fat
194,85,normal
127,111,fat
143,44,normal
166,42,thin
140,73,fat
177,96,fat
150,62,fat
145,119,fat
195,55,thin
134,98,fat
185,85,normal
129,67,fat
134,51,fat
168,51,thin
144,41,normal
188,118,fat
167,111,fat
160,113,fat
143,118,fat
141,55,fat
158,49,normal
131,65,fat
178,43,thin
178,55,thin
150,48,normal
149,102,fat
181,81,normal
187,82,normal
187,92,fat
144,84,fat
145,95,fat
122,89,fat
147,104,fat
159,56,normal
175,103,fat
133,73,fat
120,97,fat
140,54,fat
185,82,normal
134,81,fat
182,86,fat
149,75,fat
164,44,thin
187,37,thin
156,117,fat
197,47,thin
142,64,fat
135,115,fat
192,62,thin
196,37,thin
127,37,normal
155,83,fat
170,67,normal
165,69,fat
167,102,fat
140,71,fat
154,78,fat
155,48,normal
142,46,normal
161,37,thin
157,82,fat
145,74,fat
185,68,normal
199,39,thin
141,103,fat
136,89,fat
167,95,fat
149,74,fat
169,59,normal
157,75,fat
158,48,normal
141,61,fat
122,106,fat
199,73,thin
194,53,thin
173,76,fat
134,87,fat
151,79,fat
197,101,fat
192,58,thin
133,111,fat
125,43,fat
187,60,thin
150,99,fat
189,41,thin
183,64,normal
135,99,fat
183,37,thin
192,93,fat
184,76,normal
191,88,normal
184,46,thin
140,111,fat
136,53,fat
149,59,fat
144,56,fat
147,118,fat
140,90,fat
160,44,thin
175,102,fat
173,36,thin
185,97,fat
155,43,thin
173,77,fat
166,100,fat
183,118,fat
168,116,fat
164,101,fat
137,51,fat
164,71,fat
129,46,fat
180,87,fat
187,35,thin
164,47,thin
148,111,fat
148,74,fat
149,63,fat
183,112,fat
131,79,fat
196,48,thin
174,88,fat
127,101,fat
195,41,thin
121,45,fat
175,68,normal
196,44,thin
129,85,fat
161,111,fat
154,80,fat
185,57,thin
195,74,normal
134,104,fat
125,96,fat
142,96,fat
171,42,thin
181,53,thin
171,59,normal
158,98,fat
185,74,normal
152,44,normal
143,84,fat
134,118,fat
126,89,fat
190,75,normal
176,96,fat
173,66,normal
156,80,fat
177,72,normal
154,64,fat
192,59,thin
146,86,fat
160,47,thin
190,100,fat
160,83,fat
173,91,fat
180,76,normal
169,63,normal
192,81,normal
153,110,fat
136,71,fat
153,38,thin
182,105,fat
138,76,fat
136,113,fat
195,105,fat
187,73,normal
155,105,fat
185,51,thin
140,45,normal
166,76,fat
188,104,fat
190,63,thin
191,99,fat
172,36,thin
123,112,fat
151,108,fat
130,95,fat
151,97,fat
120,42,fat
154,35,thin
182,118,fat
161,50,normal
173,116,fat
151,80,fat
190,58,thin
184,98,fat
156,111,fat
128,73,fat
164,84,fat
183,74,normal
185,78,normal
164,57,normal
181,68,normal
139,62,fat
185,83,normal
186,46,thin
149,81,fat
176,95,fat
168,70,normal
158,62,normal
170,45,thin
194,69,thin
179,65,normal
135,94,fat
150,88,fat
187,113,fat
174,114,fat
186,97,fat
155,92,fat
128,87,fat
182,117,fat
129,51,fat
177,94,fat
123,69,fat
128,76,fat
122,117,fat
126,109,fat
194,50,thin
148,45,normal
154,113,fat
142,41,normal
172,117,fat
123,114,fat
152,97,fat
148,89,fat
190,87,normal
129,57,fat
189,99,fat
170,103,fat
191,35,thin
176,111,fat
123,88,fat
124,113,fat
187,102,fat
178,71,normal
168,76,fat
157,102,fat
162,61,normal
124,40,fat
144,85,fat
160,41,thin
144,80,fat
199,94,normal
185,36,thin
158,88,fat
180,97,fat
121,69,fat
162,48,thin
140,76,fat
132,101,fat
154,62,fat
122,88,fat
162,92,fat
168,117,fat
166,58,normal
125,38,normal
160,89,fat
175,77,fat
198,107,fat
184,101,fat
193,115,fat
175,37,thin
135,110,fat
188,89,fat
160,47,thin
172,72,normal
176,74,normal
136,35,normal
167,116,fat
168,77,fat
189,36,thin
120,45,fat
124,103,fat
193,48,thin
149,115,fat
137,102,fat
176,88,fat
190,46,thin
121,80,fat
161,115,fat
159,102,fat
182,76,normal
143,35,thin
184,78,normal
144,56,fat
197,55,thin
165,50,thin
153,68,fat
145,83,fat
182,97,fat
133,43,normal
151,90,fat
171,83,fat
159,35,thin
127,97,fat
173,101,fat
164,119,fat
175,56,thin
152,97,fat
171,58,normal
139,65,fat
137,94,fat
168,114,fat
167,107,fat
195,89,normal
139,57,fat
175,116,fat
164,64,normal
154,85,fat
153,36,thin
152,68,fat
132,73,fat
136,71,fat
172,76,fat
180,61,normal
132,95,fat
122,83,fat
148,75,fat
126,81,fat
178,63,normal
144,106,fat
145,79,fat
153,51,normal
176,89,fat
175,49,thin
143,50,normal
190,71,normal
128,57,fat
171,81,fat
152,119,fat
139,74,fat
169,114,fat
130,64,fat
166,68,normal
191,114,fat
173,88,fat
125,119,fat
160,96,fat
186,88,fat
120,54,fat
145,100,fat
181,46,thin
183,70,normal
135,116,fat
127,111,fat
166,84,fat
170,42,thin
178,114,fat
144,68,fat
123,70,fat
162,54,normal
183,111,fat
120,82,fat
173,54,thin
132,52,fat
127,115,fat
179,65,normal
151,40,thin
127,40,normal
157,117,fat
146,39,thin
193,90,normal
164,91,fat
128,72,fat
125,57,fat
134,102,fat
132,67,fat
137,65,fat
191,49,thin
172,101,fat
148,89,fat
139,56,fat
193,39,thin
183,100,fat
152,76,fat
133,100,fat
183,77,normal
132,67,fat
163,95,fat
154,35,thin
197,117,fat
187,58,thin
135,106,fat
133,46,fat
180,75,normal
179,89,fat
128,104,fat
148,78,fat
121,39,fat
134,87,fat
162,69,fat
128,67,fat
141,38,normal
120,60,fat
150,45,normal
146,117,fat
185,113,fat
124,101,fat
193,57,thin
134,46,fat
163,109,fat
191,35,thin
123,96,fat
137,60,fat
131,58,fat
154,84,fat
139,48,normal
194,80,normal
181,42,thin
150,72,fat
185,47,thin
136,111,fat
197,103,fat
127,42,fat
120,62,fat
145,68,fat
182,75,normal
198,113,fat
127,115,fat
146,115,fat
121,55,fat
178,92,fat
179,74,normal
187,80,normal
158,119,fat
170,99,fat
141,55,fat
180,67,normal
194,55,thin
145,57,fat
198,48,thin
131,58,fat
180,89,fat
158,40,thin
147,57,fat
172,47,thin
142,79,fat
144,35,thin
193,76,normal
155,87,fat
163,87,fat
165,82,fat
180,43,thin
153,58,normal
150,109,fat
121,96,fat
156,106,fat
121,103,fat
121,114,fat
172,50,thin
163,42,thin
189,118,fat
156,58,normal
197,108,fat
195,77,normal
158,40,thin
189,90,fat
149,81,fat
143,115,fat
166,51,normal
176,78,fat
125,56,fat
137,64,fat
151,45,normal
133,60,fat
178,56,thin
188,38,thin
169,83,fat
167,65,normal
156,97,fat
149,42,normal
122,99,fat
157,91,fat
142,83,fat
136,79,fat
153,114,fat
149,92,fat
175,60,normal
186,90,fat
136,37,normal
125,97,fat
161,49,normal
129,119,fat
140,79,fat
160,56,normal
139,112,fat
184,62,thin
184,61,thin
183,66,normal
166,71,fat
168,87,fat
169,72,fat
122,99,fat
191,58,thin
171,44,thin
128,37,normal
163,115,fat
188,112,fat
199,103,fat
179,110,fat
186,68,normal
155,74,fat
132,79,fat
170,68,normal
150,57,fat
187,41,thin
122,80,fat
181,70,normal
124,95,fat
149,82,fat
128,73,fat
188,54,thin
124,61,fat
149,76,fat
171,85,fat
154,119,fat
168,72,fat
187,82,normal
137,37,normal
148,100,fat
174,46,thin
127,115,fat
193,40,thin
192,98,fat
185,36,thin
198,105,fat
149,64,fat
132,101,fat
147,65,fat
158,62,normal
195,41,thin
197,69,thin
170,95,fat
166,36,thin
140,68,fat
150,105,fat
158,67,fat
147,89,fat
152,82,fat
156,106,fat
196,85,normal
144,91,fat
156,39,thin
150,57,fat
165,102,fat
175,92,fat
183,99,fat
167,116,fat
193,90,normal
154,81,fat
126,65,fat
186,64,thin
190,38,thin
189,88,normal
120,94,fat
189,94,fat
126,35,normal
138,94,fat
173,96,fat
151,52,normal
127,91,fat
139,48,normal
164,94,fat
178,59,normal
138,99,fat
131,102,fat
145,106,fat
163,81,fat
152,54,normal
186,68,normal
193,99,fat
191,91,normal
151,61,fat
129,97,fat
124,66,fat
154,80,fat
186,66,normal
194,35,thin
152,88,fat
189,105,fat
138,111,fat
192,49,thin
142,116,fat
131,107,fat
149,97,fat
125,78,fat
166,95,fat
141,45,normal
190,40,thin
120,50,fat
132,80,fat
125,93,fat
145,103,fat
177,47,thin
133,49,fat
168,72,fat
137,80,fat
162,107,fat
189,42,thin
149,96,fat
140,96,fat
151,92,fat
169,93,fat
146,56,fat
170,85,fat
187,60,thin
139,100,fat
164,51,normal
143,87,fat
141,79,fat
168,74,fat
158,48,normal
196,70,thin
125,39,normal
162,49,normal
152,91,fat
195,97,fat
191,65,thin
156,79,fat
156,54,normal
120,100,fat
121,42,fat
175,60,normal
197,53,thin
177,61,normal
121,102,fat
173,74,normal
197,56,thin
185,78,normal
146,95,fat
180,82,fat
132,71,fat
168,99,fat
163,92,fat
172,57,normal
132,110,fat
198,82,normal
173,90,fat
195,94,normal
136,117,fat
141,48,normal
136,67,fat
147,40,normal
177,80,fat
162,104,fat
163,45,thin
153,58,normal
126,68,fat
135,94,fat
196,74,normal
125,111,fat
125,66,fat
131,35,normal
190,85,normal
179,119,fat
137,58,fat
150,43,normal
122,71,fat
156,100,fat
175,50,thin
152,95,fat
166,113,fat
120,83,fat
176,118,fat
122,40,fat
167,81,fat
186,87,fat
166,89,fat
182,94,fat
128,89,fat
159,81,fat
193,105,fat
155,53,normal
190,68,normal
177,78,normal
169,39,thin
186,108,fat
123,72,fat
186,98,fat
197,92,normal
149,48,normal
193,74,normal
143,39,normal
157,79,fat
167,43,thin
142,83,fat
156,49,normal
129,48,fat
141,43,normal
133,69,fat
135,91,fat
126,114,fat
184,83,normal
159,98,fat
160,118,fat
149,65,fat
133,59,fat
169,103,fat
185,116,fat
133,56,fat
182,113,fat
136,69,fat
164,112,fat
144,98,fat
164,70,fat
143,100,fat
172,81,fat
147,70,fat
188,93,fat
181,87,fat
127,117,fat
175,47,thin
161,43,thin
140,107,fat
176,117,fat
125,109,fat
126,68,fat
168,100,fat
188,70,normal
129,63,fat
177,45,thin
137,84,fat
129,66,fat
149,113,fat
125,43,fat
184,114,fat
150,111,fat
127,94,fat
184,95,fat
178,48,thin
195,83,normal
143,107,fat
133,71,fat
125,76,fat
165,103,fat
181,100,fat
179,98,fat
197,101,fat
186,59,thin
160,63,normal
149,43,normal
162,101,fat
172,38,thin
158,115,fat
189,51,thin
155,88,fat
177,38,thin
190,43,thin
181,74,normal
133,89,fat
182,92,fat
152,109,fat
126,102,fat
142,36,thin
153,56,normal
194,80,normal
186,105,fat
163,62,normal
136,53,fat
180,48,thin
181,81,normal
154,44,normal
155,71,fat
149,43,normal
127,54,fat
167,65,normal
197,87,normal
143,50,normal
134,53,fat
197,104,fat
148,71,fat
166,70,fat
157,112,fat
139,79,fat
134,57,fat
180,86,fat
147,47,normal
150,117,fat
122,116,fat
141,104,fat
136,74,fat
163,35,thin
122,59,fat
155,51,normal
157,44,thin
152,86,fat
162,35,thin
148,92,fat
124,69,fat
175,79,fat
138,79,fat
167,117,fat
167,103,fat
160,103,fat
151,75,fat
138,108,fat
180,37,thin
183,106,fat
190,44,thin
122,74,fat
195,80,normal
165,36,thin
128,45,fat
134,112,fat
156,78,fat
135,42,normal
197,108,fat
151,47,normal
190,48,thin
177,91,fat
196,67,thin
173,92,fat
162,77,fat
147,47,normal
150,93,fat
177,106,fat
157,58,normal
187,107,fat
132,47,fat
130,59,fat
150,41,thin
184,101,fat
149,90,fat
131,100,fat
193,99,fat
190,70,normal
177,68,normal
146,45,normal
176,63,normal
127,90,fat
156,98,fat
136,76,fat
177,96,fat
135,94,fat
144,36,thin
150,104,fat
173,57,normal
120,93,fat
131,77,fat
123,51,fat
180,55,thin
153,81,fat
151,118,fat
156,58,normal
125,71,fat
185,91,fat
149,46,normal
182,46,thin
175,117,fat
184,71,normal
146,107,fat
187,108,fat
125,105,fat
183,64,normal
170,54,normal
143,100,fat
174,50,thin
137,46,normal
170,75,fat
178,90,fat
166,66,normal
120,43,fat
137,52,fat
133,81,fat
185,72,normal
143,53,fat
132,77,fat
177,81,fat
125,78,fat
139,67,fat
129,47,fat
132,90,fat
185,83,normal
166,98,fat
173,68,normal
176,93,fat
130,107,fat
136,78,fat
131,118,fat
173,83,fat
148,76,fat
170,86,fat
189,55,thin
162,101,fat
197,80,normal
173,45,thin
177,76,normal
158,97,fat
160,61,normal
131,50,fat
142,73,fat
129,116,fat
128,101,fat
188,44,thin
189,110,fat
189,88,normal
176,111,fat
156,62,fat
182,55,thin
132,77,fat
171,108,fat
197,66,thin
145,109,fat
197,43,thin
179,44,thin
170,103,fat
130,79,fat
169,99,fat
170,104,fat
182,42,thin
186,101,fat
133,117,fat
172,63,normal
125,71,fat
188,61,thin
135,86,fat
129,75,fat
140,110,fat
140,104,fat
158,109,fat
170,90,fat
136,90,fat
153,100,fat
189,107,fat
156,100,fat
120,80,fat
134,104,fat
146,85,fat
184,94,fat
182,109,fat
152,119,fat
157,103,fat
189,50,thin
120,58,fat
121,118,fat
120,56,fat
127,87,fat
171,60,normal
159,67,fat
150,70,fat
180,79,normal
179,76,normal
168,41,thin
165,68,normal
149,109,fat
164,103,fat
144,71,fat
193,51,thin
160,75,fat
139,112,fat
120,35,normal
199,98,normal
199,106,fat
161,87,fat
126,102,fat
153,64,fat
166,79,fat
152,110,fat
193,55,thin
162,62,normal
196,88,normal
137,41,normal
178,118,fat
136,116,fat
160,94,fat
151,97,fat
126,78,fat
170,64,normal
129,108,fat
135,116,fat
128,61,fat
178,117,fat
162,71,fat
173,119,fat
129,53,fat
146,97,fat
128,55,fat
199,117,fat
143,49,normal
158,93,fat
179,93,fat
197,79,normal
129,71,fat
125,118,fat
155,110,fat
172,45,thin
136,109,fat
148,48,normal
133,69,fat
140,86,fat
126,101,fat
173,104,fat
193,102,fat
158,101,fat
146,98,fat
122,84,fat
150,100,fat
197,91,normal
125,40,fat
155,113,fat
181,113,fat
169,47,thin
197,107,fat
179,94,fat
149,115,fat
186,117,fat
120,76,fat
154,71,fat
151,74,fat
127,100,fat
188,103,fat
141,42,normal
142,112,fat
181,60,thin
192,68,thin
191,77,normal
193,61,thin
132,87,fat
165,71,fat
147,94,fat
127,69,fat
194,85,normal
134,52,fat
175,56,thin
166,116,fat
140,113,fat
185,81,normal
171,64,normal
172,62,normal
126,87,fat
156,42,thin
157,76,fat
146,38,thin
125,40,fat
149,35,thin
138,104,fat
159,38,thin
142,51,fat
168,78,fat
136,49,fat
190,54,thin
183,58,thin
169,79,fat
150,105,fat
190,106,fat
135,43,normal
169,48,thin
164,118,fat
138,113,fat
138,52,fat
149,57,fat
199,43,thin
189,78,normal
156,59,normal
131,67,fat
186,73,normal
191,44,thin
174,111,fat
171,114,fat
178,118,fat
194,99,fat
189,68,normal
130,101,fat
128,114,fat
185,101,fat
150,87,fat
123,52,fat
146,104,fat
171,93,fat
130,62,fat
165,75,fat
196,112,fat
161,43,thin
173,118,fat
150,87,fat
161,93,fat
187,99,fat
144,98,fat
166,77,fat
164,119,fat
193,83,normal
186,76,normal
137,48,fat
142,80,fat
166,84,fat
137,111,fat
193,35,thin
153,97,fat
174,41,thin
148,114,fat
145,53,fat
151,53,normal
162,97,fat
194,114,fat
123,42,fat
125,91,fat
151,42,thin
195,71,normal
158,62,normal
192,82,normal
144,54,fat
188,116,fat
129,117,fat
142,43,normal
161,93,fat
166,57,normal
134,107,fat
198,100,fat
165,93,fat
184,50,thin
167,40,thin
169,53,normal
127,37,normal
127,96,fat
165,89,fat
177,94,fat
121,84,fat
122,62,fat
120,101,fat
130,64,fat
191,87,normal
192,82,normal
190,44,thin
168,116,fat
121,86,fat
196,110,fat
169,59,normal
160,77,fat
159,61,normal
144,42,normal
168,53,normal
180,61,normal
174,119,fat
191,59,thin
156,69,fat
186,87,fat
128,89,fat
162,38,thin
182,111,fat
148,52,normal
184,59,thin
144,44,normal
151,61,fat
193,77,normal
150,85,fat
185,50,thin
185,47,thin
185,96,fat
183,85,fat
133,77,fat
191,100,fat
162,95,fat
154,91,fat
181,77,normal
193,90,normal
127,112,fat
142,86,fat
140,55,fat
194,97,fat
160,86,fat
124,37,normal
129,67,fat
127,44,fat
190,72,normal
176,107,fat
163,116,fat
141,100,fat
124,117,fat
193,39,thin
187,80,normal
187,38,thin
178,44,thin
176,88,fat
170,119,fat
196,105,fat
131,105,fat
129,62,fat
178,93,fat
146,35,thin
125,65,fat
137,45,normal
183,94,fat
159,101,fat
164,38,thin
125,62,fat
183,93,fat
184,52,thin
192,69,normal
198,82,normal
182,115,fat
154,58,normal
193,77,normal
139,41,normal
199,97,normal
176,54,thin
176,119,fat
185,107,fat
139,38,normal
165,107,fat
190,40,thin
181,50,thin
179,102,fat
120,80,fat
170,98,fat
143,56,fat
142,108,fat
194,119,fat
185,109,fat
121,37,fat
120,36,normal
148,79,fat
146,39,thin
156,67,fat
132,55,fat
127,56,fat
139,86,fat
184,77,normal
145,108,fat
176,91,fat
183,119,fat
134,49,fat
140,99,fat
146,69,fat
130,104,fat
179,52,thin
155,94,fat
173,37,thin
186,77,normal
152,95,fat
166,97,fat
158,49,normal
145,49,normal
127,59,fat
146,35,thin
178,109,fat
178,90,fat
124,110,fat
172,94,fat
147,70,fat
161,62,normal
179,93,fat
167,62,normal
165,100,fat
122,81,fat
166,72,fat
179,52,thin
147,84,fat
156,95,fat
151,83,fat
180,84,fat
168,72,fat
120,110,fat
128,52,fat
143,101,fat
124,85,fat
133,88,fat
127,77,fat
133,80,fat
154,83,fat
160,70,fat
164,71,fat
192,66,thin
154,80,fat
150,93,fat
179,53,thin
158,42,thin
183,102,fat
134,96,fat
193,64,thin
149,116,fat
197,51,thin
196,41,thin
126,114,fat
155,117,fat
183,37,thin
149,118,fat
121,112,fat
159,52,normal
185,101,fat
166,80,fat
172,116,fat
183,90,fat
195,117,fat
162,46,thin
146,115,fat
151,111,fat
182,71,normal
163,82,fat
178,86,fat
182,61,thin
155,90,fat
186,94,fat
144,75,fat
124,95,fat
175,58,normal
168,51,thin
147,103,fat
147,117,fat
126,93,fat
135,99,fat
193,116,fat
163,116,fat
196,61,thin
194,108,fat
146,107,fat
124,42,fat
192,44,thin
163,91,fat
135,109,fat
150,40,thin
137,107,fat
161,39,thin
120,86,fat
134,98,fat
171,94,fat
139,76,fat
126,44,fat
164,37,thin
135,117,fat
151,106,fat
139,89,fat
133,68,fat
122,71,fat
123,101,fat
129,86,fat
165,72,fat
159,49,normal
183,57,thin
178,36,thin
165,36,thin
149,106,fat
151,65,fat
145,99,fat
126,100,fat
177,81,fat
140,90,fat
173,99,fat
122,83,fat
171,42,thin
175,68,normal
162,110,fat
126,81,fat
184,95,fat
185,74,normal
198,45,thin
140,115,fat
167,118,fat
156,101,fat
168,86,fat
195,56,thin
186,66,normal
135,115,fat
126,81,fat
193,43,thin
135,46,fat
128,114,fat
142,108,fat
133,35,normal
174,66,normal
137,65,fat
170,112,fat
199,108,fat
134,38,normal
148,99,fat
127,55,fat
139,92,fat
172,87,fat
186,69,normal
167,50,thin
136,117,fat
139,119,fat
187,53,thin
172,118,fat
153,51,normal
138,96,fat
180,108,fat
138,62,fat
184,68,normal
144,65,fat
177,39,thin
182,75,normal
190,51,thin
186,95,fat
165,72,fat
134,64,fat
165,90,fat
127,84,fat
188,71,normal
193,81,normal
135,77,fat
163,118,fat
140,104,fat
145,38,thin
198,52,thin
148,64,fat
146,84,fat
129,39,normal
199,69,thin
187,84,normal
127,59,fat
184,68,normal
165,59,normal
159,41,thin
194,106,fat
154,66,fat
194,53,thin
153,61,fat
125,98,fat
164,68,fat
168,79,fat
185,103,fat
135,67,fat
137,36,normal
124,50,fat
166,119,fat
133,102,fat
123,36,normal
198,110,fat
135,91,fat
132,81,fat
149,112,fat
163,59,normal
150,91,fat
139,47,normal
147,94,fat
142,63,fat
146,115,fat
192,80,normal
185,62,thin
145,62,fat
122,102,fat
136,86,fat
168,51,thin
170,90,fat
196,111,fat
183,90,fat
197,101,fat
195,97,fat
128,44,fat
137,73,fat
152,52,normal
162,45,thin
134,107,fat
168,50,thin
188,68,normal
154,77,fat
186,50,thin
166,42,thin
176,115,fat
170,96,fat
138,43,normal
149,115,fat
130,109,fat
167,105,fat
128,63,fat
157,99,fat
132,35,normal
142,59,fat
188,90,fat
189,92,fat
130,64,fat
152,78,fat
196,79,normal
144,118,fat
170,47,thin
159,104,fat
158,45,thin
140,39,normal
166,102,fat
153,80,fat
168,87,fat
147,62,fat
160,109,fat
188,59,thin
191,85,normal
164,68,fat
133,118,fat
197,50,thin
175,96,fat
182,38,thin
182,57,thin
180,62,normal
151,67,fat
175,104,fat
160,41,thin
124,45,fat
175,116,fat
195,71,normal
188,86,normal
195,49,thin
140,49,fat
171,63,normal
128,77,fat
139,83,fat
182,107,fat
143,59,fat
199,45,thin
160,42,thin
182,53,thin
164,73,fat
160,42,thin
175,71,normal
138,64,fat
183,118,fat
164,59,normal
155,35,thin
133,57,fat
188,89,fat
179,74,normal
134,36,normal
190,89,normal
181,69,normal
189,35,thin
162,66,fat
121,116,fat
160,116,fat
185,41,thin
155,111,fat
123,88,fat
190,73,normal
121,69,fat
143,40,normal
181,119,fat
145,96,fat
151,119,fat
177,85,fat
149,72,fat
136,69,fat
139,105,fat
173,71,normal
140,39,normal
183,54,thin
144,73,fat
123,70,fat
186,108,fat
161,38,thin
129,110,fat
180,77,normal
145,77,fat
164,67,normal
157,61,normal
154,58,normal
132,107,fat
150,116,fat
120,73,fat
133,53,fat
150,119,fat
182,80,normal
195,68,thin
156,75,fat
127,47,fat
197,72,normal
166,99,fat
130,51,fat
168,108,fat
175,119,fat
157,88,fat
122,56,fat
128,50,fat
199,102,fat
131,70,fat
190,105,fat
182,37,thin
123,106,fat
142,98,fat
155,56,normal
130,105,fat
157,103,fat
187,69,normal
164,37,thin
171,119,fat
185,77,normal
159,92,fat
124,97,fat
163,57,normal
184,92,fat
145,60,fat
176,98,fat
187,35,thin
165,50,thin
156,108,fat
166,80,fat
138,63,fat
161,95,fat
155,92,fat
195,51,thin
125,91,fat
198,46,thin
125,95,fat
194,92,normal
173,70,normal
192,67,thin
168,69,normal
131,119,fat
123,66,fat
178,82,fat
174,71,normal
175,89,fat
159,118,fat
164,47,thin
190,65,thin
181,84,fat
135,99,fat
137,95,fat
137,102,fat
145,58,fat
122,79,fat
139,79,fat
157,84,fat
174,83,fat
184,96,fat
127,99,fat
156,115,fat
183,56,thin
182,67,normal
183,70,normal
140,95,fat
183,50,thin
132,76,fat
139,73,fat
172,35,thin
174,77,fat
189,64,thin
171,76,fat
157,95,fat
162,72,fat
187,45,thin
185,69,normal
137,113,fat
182,35,thin
183,78,normal
144,39,normal
197,35,thin
156,79,fat
165,80,fat
152,57,normal
185,76,normal
143,50,normal
187,109,fat
152,80,fat
197,36,thin
132,55,fat
172,101,fat
188,95,fat
128,79,fat
166,91,fat
175,47,thin
144,62,fat
177,79,fat
188,104,fat
154,69,fat
163,113,fat
134,109,fat
122,40,fat
172,46,thin
188,51,thin
166,36,thin
176,69,normal
136,90,fat
177,62,normal
184,112,fat
161,68,fat
131,55,fat
190,96,fat
193,99,fat
198,95,normal
177,87,fat
165,68,normal
141,71,fat
148,107,fat
144,92,fat
133,113,fat
126,101,fat
185,70,normal
173,105,fat
190,61,thin
149,88,fat
123,39,fat
141,52,fat
187,56,thin
139,111,fat
121,56,fat
140,91,fat
138,52,fat
135,59,fat
148,76,fat
179,99,fat
198,78,normal
138,40,normal
150,65,fat
195,93,normal
176,43,thin
132,36,normal
167,80,fat
170,39,thin
134,74,fat
175,91,fat
180,68,normal
189,59,thin
188,104,fat
170,51,thin
167,39,thin
174,116,fat
185,89,fat
191,84,normal
192,86,normal
171,51,thin
191,82,normal
130,71,fat
145,115,fat
196,102,fat
142,98,fat
170,94,fat
148,42,normal
131,86,fat
154,117,fat
130,112,fat
138,75,fat
182,82,normal
125,71,fat
149,49,normal
164,107,fat
144,35,thin
180,98,fat
139,51,fat
178,40,thin
155,96,fat
182,69,normal
187,89,fat
188,66,normal
175,101,fat
185,45,thin
120,64,fat
121,111,fat
159,47,normal
155,53,normal
193,100,fat
135,63,fat
178,80,fat
127,67,fat
191,100,fat
151,119,fat
197,99,fat
178,118,fat
152,92,fat
148,97,fat
195,44,thin
137,47,fat
194,114,fat
166,92,fat
154,97,fat
167,43,thin
130,101,fat
169,62,normal
178,80,fat
166,108,fat
176,115,fat
173,62,normal
143,100,fat
197,100,fat
188,97,fat
147,111,fat
198,83,normal
154,108,fat
165,103,fat
196,81,normal
162,75,fat
189,73,normal
199,72,thin
159,96,fat
141,58,fat
150,78,fat
184,65,normal
164,72,fat
139,105,fat
186,116,fat
137,54,fat
140,114,fat
161,114,fat
151,95,fat
141,85,fat
186,54,thin
138,58,fat
166,116,fat
166,112,fat
160,62,normal
121,59,fat
121,115,fat
121,40,fat
138,115,fat
129,109,fat
165,89,fat
171,102,fat
135,94,fat
170,95,fat
153,113,fat
127,57,fat
196,101,fat
162,69,fat
139,106,fat
136,40,normal
197,109,fat
145,110,fat
180,42,thin
140,56,fat
172,111,fat
177,61,normal
136,39,normal
143,52,fat
192,116,fat
127,103,fat
145,67,fat
157,63,fat
126,80,fat
165,81,fat
176,89,fat
122,96,fat
194,40,thin
128,94,fat
130,98,fat
194,97,fat
129,74,fat
189,74,normal
195,49,thin
184,79,normal
145,116,fat
182,94,fat
139,95,fat
178,70,normal
147,87,fat
174,67,normal
184,54,thin
170,53,thin
121,116,fat
138,100,fat
128,35,normal
161,51,normal
158,39,thin
141,63,fat
148,52,normal
150,107,fat
185,68,normal
192,80,normal
165,90,fat
130,66,fat
142,75,fat
186,72,normal
188,95,fat
165,36,thin
193,79,normal
138,75,fat
191,71,normal
158,74,fat
188,85,normal
171,118,fat
155,52,normal
175,57,normal
170,38,thin
137,42,normal
126,68,fat
186,79,normal
151,86,fat
143,64,fat
192,115,fat
147,80,fat
147,59,fat
143,84,fat
154,42,thin
122,38,fat
142,48,normal
168,81,fat
197,109,fat
189,49,thin
141,100,fat
150,78,fat
170,59,normal
193,66,thin
198,54,thin
195,116,fat
153,50,normal
155,55,normal
185,103,fat
190,55,thin
159,77,fat
132,50,fat
144,50,normal
125,37,normal
157,61,normal
159,67,fat
143,114,fat
178,105,fat
164,104,fat
167,64,normal
180,107,fat
126,58,fat
172,101,fat
193,114,fat
158,90,fat
148,78,fat
120,35,normal
152,42,thin
130,44,fat
191,107,fat
197,107,fat
164,103,fat
197,70,thin
162,40,thin
159,51,normal
143,110,fat
191,84,normal
154,49,normal
161,83,fat
168,42,thin
148,92,fat
126,52,fat
145,44,normal
132,66,fat
198,109,fat
164,117,fat
193,108,fat
164,99,fat
167,115,fat
121,110,fat
159,83,fat
188,56,thin
176,52,thin
135,52,fat
149,101,fat
172,61,normal
142,87,fat
176,81,fat
154,55,normal
120,85,fat
127,57,fat
158,35,thin
137,111,fat
180,119,fat
171,38,thin
196,84,normal
189,64,thin
176,87,fat
164,98,fat
151,76,fat
120,41,fat
135,118,fat
169,109,fat
154,68,fat
175,67,normal
132,71,fat
160,48,normal
143,103,fat
196,89,normal
193,41,thin
140,103,fat
130,103,fat
150,110,fat
120,67,fat
159,96,fat
129,64,fat
126,68,fat
189,50,thin
121,52,fat
175,114,fat
148,38,thin
181,43,thin
163,83,fat
143,81,fat
194,86,normal
122,73,fat
186,86,normal
172,70,normal
182,106,fat
133,49,fat
183,73,normal
181,67,normal
149,54,normal
123,74,fat
138,115,fat
143,61,fat
175,73,normal
142,58,fat
123,86,fat
130,93,fat
150,56,normal
177,83,fat
171,112,fat
198,58,thin
173,109,fat
198,69,thin
192,56,thin
197,61,thin
156,66,fat
128,49,fat
155,45,normal
160,107,fat
150,74,fat
148,105,fat
198,73,normal
134,89,fat
145,35,thin
173,44,thin
192,56,thin
176,101,fat
183,90,fat
156,80,fat
141,70,fat
130,69,fat
185,46,thin
145,55,fat
161,73,fat
177,107,fat
160,82,fat
141,77,fat
164,92,fat
188,95,fat
187,99,fat
185,90,fat
183,40,thin
195,71,normal
148,88,fat
158,70,fat
194,91,normal
169,65,normal
171,119,fat
183,81,normal
129,78,fat
189,116,fat
155,90,fat
138,107,fat
196,78,normal
165,50,thin
122,91,fat
188,76,normal
126,58,fat
151,115,fat
134,81,fat
195,82,normal
132,105,fat
164,65,normal
160,46,thin
193,35,thin
137,57,fat
141,80,fat
177,100,fat
145,81,fat
190,103,fat
177,78,normal
122,81,fat
141,107,fat
198,118,fat
170,114,fat
178,105,fat
155,72,fat
135,105,fat
172,51,thin
181,39,thin
130,93,fat
166,103,fat
182,37,thin
196,116,fat
129,74,fat
175,42,thin
149,95,fat
199,36,thin
129,91,fat
173,97,fat
137,45,normal
145,84,fat
164,51,normal
182,108,fat
121,48,fat
136,58,fat
146,107,fat
181,57,thin
168,83,fat
186,63,thin
139,71,fat
150,103,fat
184,37,thin
199,100,fat
161,36,thin
123,62,fat
154,111,fat
135,96,fat
130,49,fat
129,84,fat
196,55,thin
173,89,fat
175,110,fat
135,67,fat
126,88,fat
137,110,fat
123,45,fat
140,90,fat
128,64,fat
149,59,fat
149,51,normal
137,92,fat
125,59,fat
173,41,thin
172,64,normal
178,102,fat
173,40,thin
126,85,fat
154,117,fat
180,82,fat
190,62,thin
185,51,thin
127,88,fat
195,114,fat
146,83,fat
130,45,fat
157,83,fat
172,91,fat
131,39,normal
169,47,thin
163,37,thin
150,45,normal
149,96,fat
144,108,fat
139,68,fat
195,88,normal
130,84,fat
151,97,fat
171,68,normal
169,69,normal
130,93,fat
181,38,thin
174,45,thin
164,38,thin
170,103,fat
186,92,fat
144,52,fat
144,108,fat
185,119,fat
173,110,fat
122,108,fat
142,46,normal
188,103,fat
183,119,fat
164,65,normal
197,83,normal
170,52,thin
121,36,normal
198,103,fat
197,81,normal
122,57,fat
146,103,fat
187,50,thin
152,66,fat
181,77,normal
161,100,fat
183,73,normal
131,40,normal
138,97,fat
126,62,fat
190,35,thin
148,79,fat
170,77,fat
161,60,normal
158,111,fat
185,68,normal
120,61,fat
163,40,thin
141,99,fat
163,105,fat
135,78,fat
136,106,fat
147,46,normal
162,78,fat
132,66,fat
181,68,normal
146,80,fat
185,56,thin
121,106,fat
187,68,normal
172,81,fat
152,57,normal
178,69,normal
160,90,fat
124,79,fat
124,111,fat
169,94,fat
183,72,normal
126,36,normal
139,41,normal
155,59,normal
180,111,fat
161,53,normal
122,63,fat
150,117,fat
141,41,normal
171,68,normal
167,97,fat
172,116,fat
190,57,thin
146,67,fat
121,48,fat
148,113,fat
127,53,fat
123,68,fat
181,49,thin
194,72,normal
143,46,normal
184,94,fat
141,50,fat
195,79,normal
165,37,thin
186,36,thin
182,85,fat
155,113,fat
180,78,normal
171,49,thin
183,82,normal
157,86,fat
160,37,thin
186,75,normal
123,117,fat
187,117,fat
157,98,fat
148,69,fat
181,113,fat
125,101,fat
156,35,thin
165,101,fat
133,110,fat
126,50,fat
195,98,fat
170,100,fat
180,77,normal
169,104,fat
152,112,fat
163,69,fat
176,46,thin
190,43,thin
131,94,fat
163,77,fat
144,107,fat
175,67,normal
173,92,fat
197,102,fat
178,68,normal
133,37,normal
183,49,thin
179,111,fat
145,91,fat
159,76,fat
168,71,fat
169,87,fat
165,78,fat
123,94,fat
135,119,fat
179,74,normal
148,69,fat
181,104,fat
147,104,fat
139,106,fat
194,63,thin
154,86,fat
144,54,fat
176,62,normal
198,87,normal
154,78,fat
177,95,fat
161,46,thin
188,106,fat
160,96,fat
125,39,normal
122,57,fat
124,116,fat
192,47,thin
128,89,fat
186,47,thin
131,37,normal
193,53,thin
138,58,fat
159,65,fat
144,66,fat
121,74,fat
196,110,fat
182,46,thin
146,96,fat
142,117,fat
122,96,fat
185,104,fat
175,52,thin
156,60,normal
125,78,fat
149,101,fat
151,48,normal
165,97,fat
165,78,fat
131,106,fat
137,95,fat
155,86,fat
185,106,fat
131,78,fat
123,108,fat
157,98,fat
141,74,fat
140,45,normal
189,36,thin
183,64,normal
141,65,fat
135,77,fat
156,91,fat
131,64,fat
175,79,fat
169,43,thin
188,70,normal
175,65,normal
157,60,normal
187,106,fat
160,66,fat
172,75,fat
188,95,fat
129,57,fat
189,70,normal
182,44,thin
138,71,fat
128,75,fat
143,43,normal
138,49,fat
160,36,thin
140,90,fat
189,78,normal
155,52,normal
164,83,fat
165,110,fat
175,71,normal
198,110,fat
172,36,thin
147,97,fat
159,105,fat
191,81,normal
161,88,fat
179,98,fat
153,52,normal
123,48,fat
155,84,fat
162,83,fat
187,55,thin
125,54,fat
198,92,normal
131,51,fat
131,68,fat
189,63,thin
143,119,fat
147,73,fat
167,41,thin
176,49,thin
192,47,thin
123,77,fat
150,37,thin
128,71,fat
139,105,fat
166,70,fat
120,43,fat
188,43,thin
148,52,normal
157,104,fat
133,119,fat
188,59,thin
153,66,fat
161,114,fat
197,61,thin
166,90,fat
165,114,fat
132,109,fat
170,46,thin
134,82,fat
179,58,thin
158,75,fat
159,110,fat
135,54,fat
142,106,fat
191,68,normal
195,75,normal
137,99,fat
190,89,normal
133,118,fat
173,117,fat
167,58,normal
197,81,normal
169,45,thin
191,46,thin
177,109,fat
125,70,fat
168,111,fat
149,46,normal
187,89,fat
124,86,fat
154,108,fat
120,84,fat
132,70,fat
121,38,fat
162,60,normal
193,119,fat
126,47,fat
128,37,normal
145,54,fat
154,111,fat
183,102,fat
171,61,normal
122,49,fat
178,113,fat
151,45,normal
194,60,thin
180,94,fat
176,60,normal
179,74,normal
125,61,fat
146,71,fat
139,95,fat
127,82,fat
145,76,fat
129,64,fat
158,51,normal
129,106,fat
135,57,fat
198,107,fat
148,54,normal
187,50,thin
142,38,normal
122,89,fat
142,108,fat
197,52,thin
156,64,fat
194,97,fat
193,49,thin
187,90,fat
186,98,fat
167,96,fat
180,70,normal
166,39,thin
188,97,fat
190,44,thin
149,100,fat
144,85,fat
172,44,thin
163,87,fat
155,69,fat
135,39,normal
152,82,fat
164,118,fat
166,94,fat
158,51,normal
179,93,fat
123,109,fat
180,60,normal
173,78,fat
137,66,fat
172,83,fat
147,106,fat
196,50,thin
191,69,normal
196,100,fat
168,79,fat
125,88,fat
167,74,fat
162,63,normal
155,84,fat
139,74,fat
142,49,normal
149,43,normal
142,52,fat
147,81,fat
178,66,normal
124,103,fat
172,87,fat
143,83,fat
168,45,thin
145,105,fat
167,80,fat
184,95,fat
128,60,fat
147,105,fat
142,104,fat
142,39,normal
192,94,fat
189,41,thin
151,51,normal
150,50,normal
148,72,fat
162,101,fat
162,69,fat
167,47,thin
151,78,fat
185,42,thin
154,57,normal
194,90,normal
161,54,normal
166,46,thin
175,54,thin
158,110,fat
172,51,thin
140,50,fat
196,68,thin
149,117,fat
156,40,thin
126,90,fat
153,89,fat
147,93,fat
128,70,fat
174,63,normal
181,62,normal
159,93,fat
179,77,normal
122,91,fat
142,115,fat
181,74,normal
132,49,fat
141,76,fat
143,50,normal
131,75,fat
134,83,fat
140,50,fat
145,38,thin
188,75,normal
121,39,fat
186,54,thin
148,88,fat
146,76,fat
198,89,normal
174,102,fat
147,60,fat
127,87,fat
197,117,fat
196,90,normal
181,59,thin
190,119,fat
124,119,fat
121,47,fat
176,77,normal
129,60,fat
189,85,normal
144,95,fat
157,64,fat
186,118,fat
163,92,fat
198,113,fat
182,97,fat
159,90,fat
186,114,fat
198,90,normal
142,91,fat
136,66,fat
182,75,normal
129,74,fat
162,55,normal
130,71,fat
194,52,thin
162,76,fat
153,100,fat
155,42,thin
159,40,thin
148,71,fat
159,48,normal
135,40,normal
146,50,normal
132,48,fat
164,49,thin
142,109,fat
172,54,thin
180,63,normal
161,100,fat
163,119,fat
191,35,thin
163,78,fat
155,115,fat
192,91,normal
159,82,fat
142,110,fat
160,56,normal
190,113,fat
141,82,fat
157,76,fat
164,66,normal
127,112,fat
145,45,normal
175,66,normal
183,117,fat
129,52,fat
182,100,fat
155,106,fat
129,111,fat
131,76,fat
194,86,normal
124,40,fat
171,103,fat
198,53,thin
149,84,fat
156,59,normal
165,110,fat
139,41,normal
162,81,fat
132,87,fat
166,104,fat
165,114,fat
149,60,fat
174,95,fat
180,100,fat
134,48,fat
172,98,fat
136,117,fat
129,60,fat
197,65,thin
199,46,thin
156,109,fat
186,111,fat
184,113,fat
189,104,fat
169,54,normal
122,56,fat
139,84,fat
172,96,fat
163,63,normal
184,42,thin
144,80,fat
137,92,fat
195,93,normal
182,119,fat
186,71,normal
131,113,fat
185,36,thin
164,78,fat
135,99,fat
128,92,fat
138,78,fat
133,96,fat
129,101,fat
150,51,normal
134,67,fat
152,36,thin
157,47,normal
125,69,fat
150,100,fat
193,36,thin
169,91,fat
181,75,normal
149,38,thin
123,111,fat
194,109,fat
191,63,thin
136,55,fat
159,93,fat
191,88,normal
190,60,thin
160,47,thin
153,68,fat
173,58,normal
153,96,fat
127,71,fat
142,103,fat
187,57,thin
144,116,fat
138,63,fat
171,58,normal
180,109,fat
146,89,fat
129,82,fat
187,107,fat
195,79,normal
133,60,fat
191,114,fat
137,37,normal
182,78,normal
157,57,normal
152,110,fat
140,91,fat
150,56,normal
159,43,thin
137,110,fat
170,100,fat
148,96,fat
120,49,fat
179,118,fat
124,57,fat
135,67,fat
163,41,thin
138,104,fat
175,50,thin
151,91,fat
140,91,fat
167,41,thin
141,60,fat
135,98,fat
172,35,thin
140,80,fat
165,66,normal
154,78,fat
128,110,fat
151,43,normal
171,47,thin
198,75,normal
199,80,normal
167,46,thin
144,41,normal
171,49,thin
160,45,thin
141,111,fat
130,118,fat
139,93,fat
143,85,fat
177,39,thin
189,87,normal
121,68,fat
184,77,normal
184,69,normal
136,99,fat
130,95,fat
184,35,thin
121,109,fat
177,106,fat
173,115,fat
193,52,thin
175,116,fat
159,112,fat
182,55,thin
199,88,normal
188,95,fat
135,42,normal
124,87,fat
185,108,fat
134,91,fat
125,89,fat
139,52,fat
131,45,fat
166,95,fat
199,57,thin
144,103,fat
194,108,fat
198,56,thin
175,51,thin
182,60,thin
158,57,normal
193,42,thin
131,48,fat
142,44,normal
167,119,fat
186,90,fat
152,105,fat
133,38,normal
123,85,fat
168,105,fat
140,94,fat
160,72,fat
173,54,thin
163,76,fat
196,67,thin
188,60,thin
148,108,fat
191,35,thin
160,43,thin
132,53,fat
180,89,fat
126,101,fat
198,75,normal
131,102,fat
154,104,fat
161,44,thin
133,90,fat
199,85,normal
148,86,fat
131,101,fat
162,72,fat
127,47,fat
156,93,fat
139,51,fat
159,91,fat
197,93,normal
198,66,thin
123,35,normal
166,94,fat
129,65,fat
196,64,thin
169,97,fat
128,55,fat
174,93,fat
198,81,normal
128,42,fat
178,81,fat
151,96,fat
168,74,fat
140,94,fat
185,52,thin
139,103,fat
141,71,fat
156,89,fat
168,81,fat
187,116,fat
130,95,fat
121,39,fat
180,54,thin
120,94,fat
167,50,thin
183,50,thin
150,90,fat
156,54,normal
179,116,fat
177,96,fat
157,45,thin
164,110,fat
123,76,fat
185,88,fat
140,35,thin
187,47,thin
149,79,fat
134,80,fat
149,86,fat
163,37,thin
192,80,normal
189,77,normal
171,35,thin
152,87,fat
174,109,fat
167,109,fat
142,95,fat
187,69,normal
140,119,fat
182,102,fat
127,106,fat
161,62,normal
173,79,fat
199,105,fat
198,117,fat
121,110,fat
172,110,fat
148,36,thin
166,55,normal
150,42,normal
182,113,fat
181,86,fat
135,71,fat
129,36,normal
197,94,normal
121,90,fat
125,51,fat
184,91,fat
143,106,fat
185,118,fat
199,64,thin
141,56,fat
121,57,fat
179,46,thin
192,105,fat
128,54,fat
162,48,thin
136,96,fat
146,105,fat
173,80,fat
139,69,fat
150,113,fat
172,114,fat
181,97,fat
167,64,normal
135,84,fat
166,86,fat
146,80,fat
131,84,fat
176,97,fat
199,79,normal
185,83,normal
196,39,thin
186,79,normal
129,118,fat
144,75,fat
160,45,thin
186,41,thin
150,36,thin
154,70,fat
127,35,normal
162,41,thin
184,70,normal
160,59,normal
135,48,fat
146,35,thin
161,52,normal
131,101,fat
174,98,fat
124,46,fat
141,75,fat
143,51,normal
169,106,fat
193,50,thin
157,44,thin
129,47,fat
140,37,normal
189,69,normal
198,51,thin
193,70,normal
136,40,normal
197,65,thin
152,63,fat
138,82,fat
196,37,thin
144,57,fat
190,55,thin
147,60,fat
157,82,fat
136,47,fat
180,90,fat
195,51,thin
178,82,fat
120,119,fat
133,65,fat
178,92,fat
128,41,fat
181,78,normal
146,70,fat
145,87,fat
122,111,fat
122,89,fat
158,52,normal
163,117,fat
158,81,fat
137,118,fat
143,75,fat
167,119,fat
133,61,fat
161,92,fat
121,95,fat
132,98,fat
126,42,fat
143,50,normal
187,112,fat
177,61,normal
198,111,fat
129,94,fat
124,99,fat
129,104,fat
188,72,normal
127,107,fat
160,84,fat
185,73,normal
163,46,thin
198,119,fat
193,105,fat
130,57,fat
195,59,thin
185,72,normal
186,105,fat
147,44,normal
179,50,thin
155,90,fat
127,99,fat
139,115,fat
190,84,normal
194,77,normal
161,91,fat
128,108,fat
162,74,fat
174,113,fat
177,60,normal
122,88,fat
195,94,normal
177,113,fat
191,64,thin
122,86,fat
157,118,fat
151,67,fat
154,68,fat
184,119,fat
149,114,fat
161,70,fat
152,110,fat
173,77,fat
140,51,fat
193,58,thin
129,51,fat
147,44,normal
140,73,fat
195,102,fat
122,105,fat
186,102,fat
181,41,thin
159,101,fat
150,109,fat
126,64,fat
138,43,normal
146,77,fat
138,66,fat
165,78,fat
122,48,fat
186,41,thin
199,59,thin
159,47,normal
176,38,thin
126,92,fat
171,73,normal
143,79,fat
153,66,fat
199,65,thin
128,67,fat
173,61,normal
141,81,fat
132,93,fat
121,64,fat
174,101,fat
142,42,normal
133,97,fat
135,48,fat
150,64,fat
161,56,normal
197,112,fat
144,64,fat
175,63,normal
194,110,fat
132,71,fat
166,58,normal
176,82,fat
133,35,normal
131,93,fat
129,102,fat
196,65,thin
126,66,fat
190,45,thin
160,57,normal
174,97,fat
190,118,fat
120,57,fat
144,66,fat
196,92,normal
180,52,thin
173,102,fat
144,75,fat
184,99,fat
179,59,thin
130,84,fat
137,95,fat
120,72,fat
124,78,fat
162,79,fat
162,65,normal
136,46,normal
180,65,normal
183,57,thin
139,104,fat
129,116,fat
136,60,fat
148,119,fat
187,47,thin
168,59,normal
162,70,fat
123,102,fat
129,50,fat
172,55,normal
187,85,normal
189,93,fat
162,56,normal
157,117,fat
141,113,fat
123,35,normal
136,48,fat
192,99,fat
169,41,thin
184,45,thin
193,91,normal
162,93,fat
135,116,fat
164,113,fat
179,80,normal
156,115,fat
149,43,normal
138,93,fat
141,53,fat
198,37,thin
199,72,thin
188,85,normal
177,52,thin
175,53,thin
166,113,fat
192,112,fat
122,68,fat
143,51,normal
130,80,fat
177,77,normal
144,39,normal
143,105,fat
179,84,fat
144,72,fat
131,47,fat
124,101,fat
151,93,fat
153,92,fat
138,68,fat
131,55,fat
164,90,fat
134,81,fat
177,70,normal
194,49,thin
138,77,fat
153,59,fat
169,118,fat
171,119,fat
176,100,fat
184,84,normal
185,48,thin
153,71,fat
173,106,fat
121,56,fat
123,51,fat
172,114,fat
160,36,thin
133,103,fat
152,72,fat
124,71,fat
194,64,thin
193,107,fat
178,36,thin
176,35,thin
147,61,fat
137,109,fat
164,112,fat
180,102,fat
187,88,fat
190,77,normal
132,106,fat
154,89,fat
144,37,thin
185,70,normal
184,60,thin
194,108,fat
141,115,fat
145,101,fat
129,85,fat
127,62,fat
192,86,normal
126,75,fat
192,98,fat
139,118,fat
186,37,thin
153,58,normal
185,75,normal
146,54,fat
132,84,fat
165,79,fat
170,48,thin
133,40,normal
132,60,fat
160,68,fat
127,65,fat
176,112,fat
140,119,fat
161,69,fat
140,87,fat
193,41,thin
154,82,fat
191,78,normal
171,65,normal
192,43,thin
150,114,fat
127,49,fat
132,65,fat
183,56,thin
152,55,normal
156,47,normal
172,86,fat
121,42,fat
134,51,fat
189,73,normal
189,108,fat
135,103,fat
187,48,thin
137,52,fat
134,54,fat
164,93,fat
138,48,fat
157,117,fat
165,38,thin
158,77,fat
187,39,thin
189,80,normal
132,100,fat
174,109,fat
124,117,fat
158,111,fat
176,55,thin
139,73,fat
167,81,fat
124,101,fat
153,92,fat
187,45,thin
184,79,normal
145,44,normal
147,35,thin
197,52,thin
182,81,normal
166,37,thin
141,64,fat
150,66,fat
186,51,thin
177,84,fat
125,49,fat
172,46,thin
181,66,normal
133,43,normal
179,46,thin
171,74,fat
175,47,thin
165,86,fat
168,114,fat
183,78,normal
155,43,thin
160,87,fat
148,43,normal
167,119,fat
147,70,fat
156,82,fat
166,96,fat
188,98,fat
135,111,fat
176,99,fat
121,91,fat
188,68,normal
166,112,fat
160,113,fat
151,119,fat
153,112,fat
190,53,thin
183,43,thin
156,57,normal
184,51,thin
185,43,thin
168,111,fat
146,44,normal
198,85,normal
142,97,fat
137,83,fat
125,56,fat
181,95,fat
150,79,fat
190,66,thin
150,117,fat
184,82,normal
191,108,fat
140,66,fat
172,101,fat
125,55,fat
126,82,fat
130,119,fat
166,75,fat
168,107,fat
193,112,fat
122,86,fat
124,76,fat
132,115,fat
137,68,fat
167,44,thin
167,49,thin
199,57,thin
168,65,normal
160,104,fat
131,110,fat
126,102,fat
122,81,fat
163,82,fat
134,71,fat
125,86,fat
167,110,fat
152,52,normal
168,47,thin
169,45,thin
121,38,fat
143,113,fat
178,51,thin
198,51,thin
163,57,normal
198,102,fat
132,64,fat
147,73,fat
199,117,fat
154,63,fat
182,93,fat
150,61,fat
184,71,normal
122,96,fat
168,80,fat
190,110,fat
171,80,fat
163,61,normal
190,89,normal
145,40,normal
164,78,fat
189,117,fat
162,70,fat
131,102,fat
126,69,fat
173,86,fat
183,117,fat
139,84,fat
161,45,thin
134,89,fat
137,36,normal
139,64,fat
138,66,fat
182,78,normal
133,91,fat
169,35,thin
142,103,fat
129,102,fat
161,78,fat
178,109,fat
131,56,fat
193,42,thin
153,93,fat
163,54,normal
189,38,thin
147,39,thin
159,98,fat
194,59,thin
195,73,normal
120,35,normal
130,80,fat
165,70,fat
156,109,fat
189,51,thin
140,118,fat
188,61,thin
169,77,fat
151,52,normal
186,54,thin
142,71,fat
191,48,thin
177,103,fat
142,118,fat
158,79,fat
163,66,normal
157,72,fat
144,111,fat
184,77,normal
136,38,normal
181,48,thin
168,40,thin
186,84,normal
189,51,thin
131,114,fat
189,65,thin
147,73,fat
161,40,thin
186,60,thin
147,98,fat
198,43,thin
148,56,fat
196,101,fat
167,56,normal
158,65,fat
161,70,fat
190,100,fat
182,97,fat
164,119,fat
150,48,normal
193,91,normal
128,55,fat
141,104,fat
172,118,fat
132,70,fat
134,63,fat
150,96,fat
193,39,thin
134,64,fat
153,73,fat
134,41,normal
180,91,fat
165,98,fat
124,119,fat
167,90,fat
144,63,fat
178,68,normal
129,66,fat
143,48,normal
169,80,fat
178,98,fat
164,113,fat
195,75,normal
194,68,thin
180,107,fat
123,119,fat
182,64,normal
170,49,thin
186,79,normal
149,42,normal
137,83,fat
151,53,normal
161,91,fat
145,92,fat
138,91,fat
161,60,normal
185,93,fat
140,119,fat
150,103,fat
183,74,normal
171,70,normal
139,97,fat
166,65,normal
163,109,fat
198,63,thin
194,95,fat
124,44,fat
171,99,fat
190,101,fat
145,53,fat
155,46,normal
138,46,normal
163,47,thin
156,106,fat
168,110,fat
142,42,normal
179,35,thin
184,96,fat
193,41,thin
169,51,thin
184,39,thin
191,47,thin
133,97,fat
186,104,fat
162,108,fat
122,66,fat
122,61,fat
145,90,fat
129,47,fat
195,78,normal
163,54,normal
193,49,thin
196,48,thin
135,109,fat
188,91,fat
120,48,fat
189,50,thin
135,49,fat
148,53,normal
181,91,fat
131,84,fat
168,42,thin
122,89,fat
143,104,fat
182,53,thin
177,55,thin
155,71,fat
152,41,thin
179,79,normal
174,74,normal
187,49,thin
164,94,fat
175,38,thin
172,90,fat
198,35,thin
153,93,fat
163,88,fat
153,52,normal
192,80,normal
144,110,fat
160,114,fat
190,106,fat
149,67,fat
149,35,thin
173,46,thin
123,56,fat
190,118,fat
126,38,normal
166,69,fat
145,43,normal
148,102,fat
157,115,fat
169,52,thin
124,72,fat
172,104,fat
156,45,thin
150,54,normal
142,92,fat
120,100,fat
123,82,fat
154,43,thin
150,96,fat
150,45,normal
157,89,fat
187,105,fat
141,54,fat
187,59,thin
163,92,fat
125,40,fat
184,108,fat
138,58,fat
157,89,fat
131,71,fat
161,79,fat
173,39,thin
182,114,fat
163,94,fat
132,50,fat
153,87,fat
142,106,fat
128,116,fat
150,94,fat
193,95,fat
198,117,fat
176,69,normal
151,57,normal
159,50,normal
144,93,fat
144,42,normal
153,97,fat
164,88,fat
148,86,fat
140,64,fat
182,55,thin
165,43,thin
173,72,normal
171,85,fat
134,98,fat
137,60,fat
167,47,thin
185,72,normal
177,80,fat
138,57,fat
149,99,fat
189,43,thin
124,46,fat
128,80,fat
154,115,fat
153,61,fat
183,37,thin
144,115,fat
159,75,fat
197,116,fat
188,90,fat
137,86,fat
133,118,fat
174,56,thin
194,113,fat
175,49,thin
137,95,fat
169,63,normal
128,51,fat
154,35,thin
142,95,fat
199,117,fat
137,119,fat
151,89,fat
122,102,fat
184,48,thin
129,70,fat
163,116,fat
132,99,fat
165,82,fat
179,70,normal
160,61,normal
153,117,fat
185,46,thin
168,108,fat
167,109,fat
162,101,fat
127,74,fat
127,72,fat
186,83,normal
182,71,normal
127,71,fat
140,54,fat
149,101,fat
144,77,fat
140,103,fat
152,61,fat
195,69,thin
126,73,fat
147,78,fat
147,44,normal
160,52,normal
128,45,fat
121,114,fat
167,66,normal
123,112,fat
150,104,fat
190,98,fat
185,92,fat
182,36,thin
128,67,fat
129,47,fat
168,56,normal
154,62,fat
121,36,normal
199,45,thin
122,66,fat
151,71,fat
168,81,fat
153,80,fat
177,100,fat
175,116,fat
155,62,fat
129,57,fat
131,104,fat
197,45,thin
167,112,fat
169,109,fat
146,97,fat
136,69,fat
174,86,fat
172,36,thin
179,59,thin
177,55,thin
186,88,fat
139,61,fat
134,35,normal
150,97,fat
173,85,fat
146,61,fat
166,95,fat
159,85,fat
171,57,normal
138,111,fat
165,116,fat
156,102,fat
131,86,fat
199,45,thin
148,40,thin
157,38,thin
123,41,fat
183,71,normal
159,36,thin
180,51,thin
165,64,normal
161,79,fat
157,106,fat
132,56,fat
198,44,thin
131,118,fat
173,51,thin
129,87,fat
184,57,thin
173,89,fat
126,115,fat
123,108,fat
178,78,normal
157,108,fat
161,75,fat
194,36,thin
121,46,fat
139,43,normal
167,47,thin
173,108,fat
137,47,fat
131,118,fat
196,74,normal
184,72,normal
131,67,fat
151,47,normal
171,106,fat
198,101,fat
122,59,fat
154,95,fat
133,60,fat
197,103,fat
159,100,fat
127,87,fat
160,111,fat
163,36,thin
129,112,fat
154,60,fat
184,45,thin
194,38,thin
143,53,fat
172,64,normal
177,107,fat
192,64,thin
148,92,fat
149,104,fat
167,72,fat
197,74,normal
153,116,fat
131,37,normal
158,107,fat
191,95,fat
160,116,fat
148,74,fat
153,57,normal
172,50,thin
167,104,fat
140,113,fat
194,84,normal
150,103,fat
157,88,fat
162,72,fat
149,88,fat
151,37,thin
164,48,thin
136,85,fat
144,96,fat
181,99,fat
184,57,thin
188,107,fat
176,87,fat
128,40,normal
144,101,fat
146,92,fat
191,79,normal
160,88,fat
187,55,thin
141,72,fat
198,53,thin
156,75,fat
171,108,fat
194,38,thin
134,84,fat
169,106,fat
143,92,fat
148,110,fat
147,35,thin
134,83,fat
169,85,fat
178,95,fat
147,36,thin
131,37,normal
151,112,fat
186,97,fat
180,99,fat
198,94,normal
143,81,fat
160,84,fat
138,87,fat
132,102,fat
180,70,normal
145,95,fat
122,58,fat
191,62,thin
152,113,fat
186,50,thin
132,67,fat
157,53,normal
198,63,thin
157,101,fat
155,62,fat
126,100,fat
160,85,fat
179,79,normal
127,36,normal
140,60,fat
186,112,fat
149,66,fat
139,115,fat
177,35,thin
140,118,fat
164,91,fat
149,115,fat
140,92,fat
167,36,thin
176,35,thin
142,40,normal
123,38,fat
143,101,fat
125,108,fat
140,37,normal
149,63,fat
168,61,normal
124,98,fat
138,102,fat
148,109,fat
170,62,normal
134,93,fat
142,88,fat
194,101,fat
181,86,fat
186,117,fat
158,45,thin
146,42,normal
196,117,fat
193,60,thin
150,115,fat
141,102,fat
150,58,fat
197,64,thin
120,57,fat
146,45,normal
156,77,fat
186,39,thin
143,91,fat
149,71,fat
188,90,fat
179,93,fat
184,52,thin
120,47,fat
195,106,fat
143,100,fat
128,40,normal
136,72,fat
161,52,normal
185,58,thin
160,83,fat
160,56,normal
167,77,fat
121,67,fat
198,119,fat
171,68,normal
190,96,fat
138,99,fat
196,56,thin
139,93,fat
163,66,normal
133,103,fat
158,114,fat
168,111,fat
174,41,thin
174,117,fat
169,72,fat
190,114,fat
130,43,fat
127,99,fat
149,102,fat
164,81,fat
135,82,fat
185,105,fat
182,105,fat
182,111,fat
181,72,normal
175,96,fat
139,101,fat
158,74,fat
180,117,fat
131,90,fat
186,85,normal
130,59,fat
130,113,fat
169,61,normal
159,49,normal
151,71,fat
175,68,normal
169,119,fat
176,46,thin
153,107,fat
173,55,thin
178,46,thin
171,60,normal
160,111,fat
153,65,fat
173,55,thin
148,36,thin
167,65,normal
174,63,normal
151,69,fat
149,79,fat
157,83,fat
197,98,fat
144,57,fat
148,39,thin
156,44,thin
190,80,normal
135,96,fat
162,95,fat
144,102,fat
147,112,fat
148,119,fat
126,63,fat
131,116,fat
157,36,thin
140,110,fat
157,64,fat
181,112,fat
166,89,fat
168,73,fat
168,118,fat
158,67,fat
177,95,fat
127,106,fat
197,62,thin
131,54,fat
125,83,fat
186,46,thin
157,91,fat
179,87,fat
122,63,fat
173,75,fat
137,96,fat
125,70,fat
125,48,fat
129,75,fat
174,96,fat
153,84,fat
142,85,fat
162,112,fat
175,52,thin
130,36,normal
172,97,fat
172,73,normal
165,78,fat
157,83,fat
161,88,fat
139,87,fat
168,106,fat
150,105,fat
185,87,fat
140,40,normal
134,87,fat
129,58,fat
169,75,fat
154,43,thin
190,44,thin
163,72,fat
125,52,fat
184,38,thin
193,41,thin
132,38,normal
178,96,fat
141,78,fat
166,61,normal
158,107,fat
187,51,thin
130,97,fat
172,105,fat
165,63,normal
186,67,normal
176,88,fat
122,92,fat
187,77,normal
194,81,normal
181,110,fat
178,91,fat
160,96,fat
189,103,fat
125,85,fat
130,35,normal
144,35,thin
139,85,fat
154,65,fat
127,56,fat
154,48,normal
198,73,normal
199,104,fat
164,94,fat
179,66,normal
147,116,fat
159,113,fat
165,43,thin
141,56,fat
189,105,fat
197,77,normal
187,44,thin
146,101,fat
172,70,normal
192,72,normal
139,97,fat
144,66,fat
159,87,fat
136,117,fat
160,73,fat
155,97,fat
120,47,fat
180,89,fat
165,52,normal
126,55,fat
135,93,fat
193,46,thin
129,104,fat
199,116,fat
154,103,fat
185,63,thin
143,74,fat
166,78,fat
176,115,fat
177,71,normal
179,63,normal
165,100,fat
153,83,fat
146,95,fat
154,77,fat
174,61,normal
198,46,thin
140,84,fat
150,102,fat
120,47,fat
158,35,thin
196,90,normal
162,94,fat
132,89,fat
127,112,fat
121,79,fat
173,118,fat
174,91,fat
128,38,normal
121,45,fat
185,73,normal
139,71,fat
130,76,fat
184,97,fat
194,53,thin
140,92,fat
136,93,fat
135,49,fat
138,37,normal
189,101,fat
174,36,thin
181,94,fat
173,108,fat
162,85,fat
155,35,thin
173,59,normal
172,96,fat
143,119,fat
134,80,fat
139,60,fat
172,117,fat
192,116,fat
166,110,fat
173,115,fat
165,84,fat
147,107,fat
195,98,fat
174,103,fat
154,46,normal
130,63,fat
144,102,fat
122,108,fat
149,118,fat
131,51,fat
130,82,fat
151,99,fat
129,67,fat
197,110,fat
151,95,fat
141,77,fat
128,116,fat
194,106,fat
150,105,fat
137,90,fat
125,93,fat
192,79,normal
168,75,fat
179,51,thin
161,47,thin
132,110,fat
189,62,thin
161,36,thin
121,87,fat
166,65,normal
149,111,fat
165,98,fat
179,62,normal
176,65,normal
172,40,thin
194,114,fat
154,47,normal
185,56,thin
165,60,normal
178,95,fat
185,76,normal
141,67,fat
194,99,fat
137,49,fat
172,73,normal
172,50,thin
160,118,fat
156,92,fat
166,61,normal
148,55,fat
189,96,fat
161,117,fat
131,67,fat
190,106,fat
161,109,fat
147,37,thin
124,58,fat
140,71,fat
131,96,fat
191,84,normal
170,77,fat
126,43,fat
130,114,fat
135,52,fat
199,113,fat
122,53,fat
184,42,thin
155,69,fat
189,92,fat
133,118,fat
153,74,fat
132,90,fat
172,97,fat
189,70,normal
150,96,fat
120,70,fat
152,42,thin
163,41,thin
172,72,normal
189,97,fat
197,65,thin
131,109,fat
144,48,normal
145,92,fat
179,68,normal
199,81,normal
182,47,thin
159,51,normal
185,111,fat
189,103,fat
138,112,fat
150,68,fat
167,75,fat
158,110,fat
194,87,normal
157,118,fat
192,69,normal
187,40,thin
145,72,fat
159,98,fat
147,98,fat
157,53,normal
157,107,fat
125,63,fat
189,57,thin
175,79,fat
184,73,normal
182,48,thin
147,118,fat
166,65,normal
153,57,normal
195,85,normal
143,74,fat
177,98,fat
188,38,thin
172,91,fat
142,77,fat
129,109,fat
181,87,fat
144,84,fat
185,119,fat
194,65,thin
139,96,fat
152,35,thin
174,64,normal
164,92,fat
136,111,fat
139,38,normal
180,117,fat
149,69,fat
167,78,fat
120,71,fat
145,49,normal
139,74,fat
125,41,fat
157,59,normal
129,84,fat
123,101,fat
170,92,fat
150,62,fat
172,38,thin
151,49,normal
182,91,fat
190,47,thin
154,88,fat
145,35,thin
166,99,fat
130,55,fat
141,82,fat
135,35,normal
133,98,fat
186,77,normal
186,110,fat
187,77,normal
153,53,normal
122,81,fat
182,87,fat
177,91,fat
149,70,fat
131,60,fat
149,56,fat
161,81,fat
124,55,fat
162,96,fat
181,89,fat
179,79,normal
147,98,fat
148,53,normal
169,69,normal
139,117,fat
136,41,normal
142,79,fat
180,75,normal
123,117,fat
184,67,normal
133,49,fat
138,50,fat
160,119,fat
186,74,normal
199,79,normal
136,98,fat
141,45,normal
165,115,fat
123,42,fat
174,99,fat
193,86,normal
132,35,normal
128,111,fat
178,58,thin
160,82,fat
185,112,fat
123,38,fat
121,39,fat
152,55,normal
193,52,thin
164,70,fat
143,64,fat
192,85,normal
154,60,fat
149,118,fat
185,84,normal
163,78,fat
128,68,fat
191,100,fat
160,70,fat
187,48,thin
192,99,fat
173,62,normal
124,116,fat
163,63,normal
136,101,fat
163,49,thin
139,36,normal
153,66,fat
155,51,normal
145,97,fat
138,68,fat
185,107,fat
123,108,fat
152,57,normal
183,47,thin
188,72,normal
137,46,normal
184,47,thin
173,98,fat
122,86,fat
136,72,fat
143,77,fat
133,41,normal
173,58,normal
160,84,fat
183,67,normal
163,99,fat
137,108,fat
163,87,fat
122,99,fat
194,90,normal
174,65,normal
178,44,thin
140,78,fat
199,62,thin
175,70,normal
192,36,thin
181,73,normal
162,93,fat
130,116,fat
123,100,fat
132,117,fat
123,97,fat
174,117,fat
197,98,fat
166,85,fat
132,86,fat
134,96,fat
143,111,fat
130,45,fat
199,56,thin
193,42,thin
150,61,fat
132,102,fat
127,96,fat
160,56,normal
126,69,fat
177,89,fat
153,47,normal
171,35,thin
190,82,normal
163,91,fat
167,47,thin
144,70,fat
137,72,fat
144,82,fat
194,85,normal
130,111,fat
142,59,fat
152,65,fat
146,106,fat
121,60,fat
187,42,thin
157,110,fat
128,46,fat
150,104,fat
170,107,fat
170,82,fat
132,51,fat
184,68,normal
157,36,thin
143,102,fat
132,37,normal
134,112,fat
126,60,fat
198,74,normal
183,70,normal
173,76,fat
196,78,normal
186,74,normal
171,57,normal
141,98,fat
154,98,fat
177,76,normal
144,111,fat
141,64,fat
159,74,fat
156,43,thin
198,50,thin
170,88,fat
166,108,fat
134,83,fat
163,100,fat
154,47,normal
146,39,thin
190,68,normal
138,68,fat
155,56,normal
131,48,fat
139,46,normal
170,49,thin
142,109,fat
147,78,fat
178,62,normal
149,96,fat
120,35,normal
122,61,fat
158,91,fat
197,60,thin
151,104,fat
182,36,thin
180,42,thin
158,80,fat
152,75,fat
140,72,fat
182,41,thin
121,43,fat
198,48,thin
144,51,normal
169,52,thin
164,117,fat
181,57,thin
198,59,thin
159,94,fat
159,96,fat
126,96,fat
161,51,normal
120,50,fat
185,49,thin
156,63,fat
195,88,normal
120,69,fat
128,43,fat
147,67,fat
196,53,thin
186,89,fat
143,113,fat
168,40,thin
178,97,fat
125,49,fat
169,44,thin
174,43,thin
183,75,normal
133,45,fat
140,96,fat
196,77,normal
169,74,fat
182,55,thin
194,60,thin
141,86,fat
124,49,fat
161,55,normal
132,53,fat
121,64,fat
170,78,fat
121,91,fat
135,90,fat
172,50,thin
124,99,fat
164,54,normal
199,39,thin
138,70,fat
194,61,thin
121,107,fat
166,72,fat
147,113,fat
174,98,fat
177,90,fat
142,63,fat
131,112,fat
194,117,fat
179,116,fat
131,83,fat
191,96,fat
194,98,fat
197,57,thin
179,72,normal
127,100,fat
122,115,fat
177,77,normal
161,80,fat
129,72,fat
128,113,fat
153,55,normal
134,69,fat
122,80,fat
196,53,thin
165,57,normal
142,78,fat
170,86,fat
147,106,fat
197,38,thin
121,45,fat
193,105,fat
159,39,thin
175,116,fat
193,80,normal
147,117,fat
184,45,thin
193,56,thin
164,115,fat
131,41,normal
180,42,thin
131,86,fat
135,115,fat
121,53,fat
187,118,fat
130,35,normal
197,96,normal
189,51,thin
138,40,normal
199,83,normal
120,46,fat
193,41,thin
177,52,thin
196,108,fat
124,50,fat
195,38,thin
120,55,fat
165,102,fat
142,70,fat
131,35,normal
127,104,fat
183,55,thin
140,116,fat
161,41,thin
128,72,fat
192,40,thin
175,46,thin
168,58,normal
121,66,fat
177,43,thin
186,98,fat
183,105,fat
142,97,fat
135,70,fat
145,56,fat
195,84,normal
138,60,fat
138,66,fat
155,79,fat
199,59,thin
189,118,fat
130,48,fat
146,49,normal
125,91,fat
125,74,fat
149,41,thin
190,96,fat
151,112,fat
141,36,thin
123,51,fat
153,37,thin
157,105,fat
196,80,normal
154,89,fat
148,42,normal
168,38,thin
135,53,fat
148,106,fat
133,64,fat
124,72,fat
159,47,normal
199,61,thin
140,90,fat
169,112,fat
126,89,fat
197,45,thin
167,61,normal
132,98,fat
173,115,fat
128,55,fat
133,105,fat
138,57,fat
163,91,fat
130,65,fat
157,47,normal
166,46,thin
148,70,fat
150,62,fat
123,81,fat
170,87,fat
129,112,fat
194,69,thin
138,89,fat
178,77,normal
134,53,fat
131,92,fat
133,63,fat
130,59,fat
141,96,fat
140,41,normal
121,85,fat
139,115,fat
157,46,normal
191,35,thin
167,113,fat
157,78,fat
135,73,fat
163,94,fat
184,79,normal
132,38,normal
138,54,fat
181,109,fat
132,37,normal
157,89,fat
171,39,thin
166,69,fat
149,115,fat
170,70,normal
147,117,fat
124,51,fat
161,56,normal
130,77,fat
181,99,fat
121,97,fat
178,82,fat
196,111,fat
153,59,fat
121,36,normal
152,64,fat
123,105,fat
185,50,thin
194,85,normal
149,108,fat
131,49,fat
135,70,fat
158,78,fat
145,59,fat
186,73,normal
149,105,fat
178,76,normal
163,55,normal
193,102,fat
152,100,fat
128,71,fat
143,92,fat
189,83,normal
139,105,fat
160,56,normal
178,93,fat
121,114,fat
168,98,fat
190,107,fat
189,98,fat
164,107,fat
167,93,fat
192,57,thin
177,40,thin
132,48,fat
131,80,fat
173,105,fat
124,100,fat
178,53,thin
129,97,fat
145,57,fat
137,53,fat
170,88,fat
129,57,fat
188,79,normal
126,45,fat
146,90,fat
123,111,fat
157,48,normal
191,80,normal
126,108,fat
174,44,thin
155,82,fat
196,98,fat
124,86,fat
188,95,fat
172,36,thin
181,55,thin
186,75,normal
184,90,fat
155,43,thin
179,47,thin
159,87,fat
142,99,fat
175,68,normal
128,106,fat
148,56,fat
181,70,normal
172,113,fat
142,51,fat
174,112,fat
193,77,normal
167,66,normal
192,70,normal
184,82,normal
172,57,normal
196,73,normal
150,74,fat
194,105,fat
137,108,fat
156,38,thin
166,87,fat
165,70,fat
128,103,fat
159,42,thin
123,83,fat
147,118,fat
159,35,thin
139,99,fat
162,92,fat
124,64,fat
125,82,fat
120,44,fat
183,74,normal
149,57,fat
157,42,thin
151,99,fat
122,50,fat
130,49,fat
147,57,fat
165,109,fat
150,79,fat
189,84,normal
194,92,normal
145,59,fat
156,96,fat
137,47,fat
159,67,fat
152,107,fat
158,67,fat
183,90,fat
168,48,thin
161,65,fat
165,108,fat
186,41,thin
177,81,fat
185,116,fat
165,83,fat
157,113,fat
157,50,normal
191,105,fat
188,114,fat
176,90,fat
172,46,thin
174,55,thin
125,75,fat
199,60,thin
185,82,normal
144,37,thin
126,59,fat
120,109,fat
123,40,fat
184,90,fat
145,53,fat
137,91,fat
129,64,fat
185,56,thin
134,55,fat
182,114,fat
195,68,thin
187,35,thin
138,77,fat
120,100,fat
161,107,fat
178,92,fat
162,96,fat
182,84,fat
163,62,normal
195,53,thin
152,79,fat
167,94,fat
167,54,normal
189,113,fat
166,76,fat
158,91,fat
160,70,fat
174,86,fat
144,65,fat
153,94,fat
180,109,fat
180,83,fat
137,77,fat
191,90,normal
120,57,fat
193,119,fat
188,112,fat
189,62,thin
176,86,fat
181,54,thin
153,80,fat
173,103,fat
153,79,fat
154,107,fat
150,113,fat
158,95,fat
151,59,fat
183,54,thin
197,60,thin
156,94,fat
199,87,normal
120,83,fat
162,84,fat
175,79,fat
184,68,normal
125,39,normal
195,100,fat
155,94,fat
157,103,fat
191,75,normal
182,41,thin
146,101,fat
147,52,normal
178,51,thin
198,55,thin
130,112,fat
194,80,normal
163,108,fat
128,68,fat
179,108,fat
171,73,normal
132,81,fat
137,61,fat
186,108,fat
135,108,fat
161,97,fat
199,73,thin
170,82,fat
146,95,fat
162,76,fat
144,59,fat
140,79,fat
138,43,normal
154,99,fat
124,92,fat
154,54,normal
190,52,thin
160,100,fat
172,117,fat
153,36,thin
176,35,thin
161,107,fat
140,80,fat
179,88,fat
157,75,fat
172,113,fat
121,69,fat
147,37,thin
180,43,thin
191,76,normal
184,70,normal
157,113,fat
176,108,fat
131,50,fat
181,37,thin
136,50,fat
121,62,fat
121,93,fat
196,104,fat
171,104,fat
199,64,thin
167,39,thin
155,58,normal
160,106,fat
168,55,normal
125,51,fat
124,75,fat
131,80,fat
121,100,fat
161,97,fat
143,50,normal
178,65,normal
121,45,fat
188,64,thin
120,48,fat
189,66,thin
179,97,fat
150,49,normal
176,77,normal
165,38,thin
140,54,fat
132,112,fat
148,74,fat
163,90,fat
125,116,fat
158,53,normal
184,103,fat
180,109,fat
170,118,fat
196,102,fat
144,46,normal
158,115,fat
166,46,thin
131,65,fat
161,96,fat
162,95,fat
123,104,fat
163,87,fat
151,98,fat
164,39,thin
146,89,fat
195,70,thin
166,113,fat
120,56,fat
168,52,thin
122,52,fat
123,93,fat
158,69,fat
139,103,fat
169,71,normal
154,54,normal
123,79,fat
142,57,fat
143,55,fat
181,35,thin
191,68,normal
157,55,normal
189,105,fat
136,39,normal
153,69,fat
158,45,thin
194,42,thin
191,110,fat
139,41,normal
122,81,fat
186,114,fat
184,59,thin
177,74,normal
159,50,normal
189,44,thin
130,94,fat
197,64,thin
120,54,fat
171,79,fat
152,65,fat
163,102,fat
190,119,fat
158,71,fat
134,75,fat
132,36,normal
140,51,fat
151,55,normal
159,43,thin
181,76,normal
123,108,fat
130,47,fat
126,84,fat
188,40,thin
194,68,thin
154,110,fat
192,71,normal
167,95,fat
136,86,fat
194,50,thin
135,45,normal
184,90,fat
165,59,normal
127,73,fat
137,103,fat
121,104,fat
139,110,fat
198,48,thin
138,118,fat
128,119,fat
166,41,thin
186,74,normal
123,35,normal
149,109,fat
193,72,normal
142,106,fat
124,113,fat
196,80,normal
180,43,thin
191,52,thin
154,81,fat
149,102,fat
131,95,fat
175,38,thin
187,117,fat
126,42,fat
135,47,fat
158,46,thin
124,58,fat
122,110,fat
161,65,fat
172,119,fat
162,81,fat
135,66,fat
177,109,fat
125,93,fat
197,82,normal
166,101,fat
199,63,thin
170,62,normal
174,118,fat
151,50,normal
139,88,fat
145,55,fat
127,113,fat
183,105,fat
175,106,fat
168,86,fat
133,42,normal
158,118,fat
142,104,fat
122,55,fat
174,99,fat
132,80,fat
183,90,fat
160,84,fat
131,46,fat
143,72,fat
188,95,fat
120,56,fat
176,48,thin
136,114,fat
152,79,fat
165,95,fat
182,113,fat
159,76,fat
183,48,thin
157,119,fat
131,47,fat
167,38,thin
194,92,normal
133,89,fat
168,68,normal
127,55,fat
194,105,fat
171,86,fat
197,117,fat
122,91,fat
142,102,fat
193,68,thin
125,54,fat
185,40,thin
140,83,fat
142,114,fat
177,78,normal
195,49,thin
174,51,thin
168,36,thin
128,91,fat
123,66,fat
186,92,fat
174,43,thin
160,83,fat
194,62,thin
142,45,normal
190,51,thin
184,61,thin
141,69,fat
155,42,thin
199,96,normal
130,57,fat
164,46,thin
167,46,thin
142,48,normal
184,78,normal
160,97,fat
194,86,normal
169,57,normal
157,83,fat
150,110,fat
198,64,thin
179,88,fat
198,83,normal
194,73,normal
173,38,thin
180,77,normal
147,51,normal
144,75,fat
183,52,thin
194,115,fat
174,76,fat
161,110,fat
196,86,normal
198,35,thin
155,71,fat
143,100,fat
131,50,fat
192,81,normal
134,118,fat
177,93,fat
199,114,fat
187,75,normal
149,61,fat
164,115,fat
168,94,fat
174,40,thin
192,100,fat
149,114,fat
183,41,thin
147,73,fat
157,75,fat
192,91,normal
142,114,fat
172,75,fat
160,81,fat
144,36,thin
141,75,fat
171,80,fat
183,114,fat
143,76,fat
130,91,fat
143,117,fat
152,52,normal
120,71,fat
186,47,thin
164,63,normal
147,68,fat
149,36,thin
170,90,fat
158,70,fat
176,56,thin
135,83,fat
191,46,thin
195,44,thin
152,115,fat
171,116,fat
122,55,fat
125,61,fat
122,81,fat
164,107,fat
157,40,thin
125,102,fat
175,82,fat
143,44,normal
160,99,fat
187,109,fat
179,44,thin
192,114,fat
170,84,fat
141,110,fat
175,90,fat
167,96,fat
148,107,fat
132,108,fat
196,114,fat
163,43,thin
156,105,fat
158,71,fat
122,76,fat
138,42,normal
130,87,fat
188,48,thin
154,58,normal
130,80,fat
163,76,fat
125,106,fat
177,89,fat
128,100,fat
147,111,fat
174,46,thin
153,84,fat
182,82,normal
133,100,fat
148,54,normal
199,42,thin
128,98,fat
177,73,normal
126,69,fat
121,99,fat
157,118,fat
192,108,fat
132,74,fat
141,83,fat
124,59,fat
162,57,normal
134,68,fat
156,46,normal
184,50,thin
159,114,fat
148,90,fat
191,40,thin
133,41,normal
174,58,normal
159,103,fat
171,90,fat
155,111,fat
183,119,fat
131,75,fat
157,53,normal
129,88,fat
172,70,normal
191,110,fat
198,119,fat
126,89,fat
138,76,fat
161,46,thin
125,109,fat
172,111,fat
175,64,normal
177,114,fat
186,44,thin
147,89,fat
187,36,thin
130,50,fat
122,100,fat
190,63,thin
138,115,fat
170,102,fat
146,57,fat
138,67,fat
177,85,fat
131,117,fat
123,86,fat
128,78,fat
183,82,normal
137,62,fat
167,95,fat
165,65,normal
142,111,fat
191,49,thin
125,42,fat
135,110,fat
162,69,fat
144,50,normal
160,102,fat
194,58,thin
183,119,fat
135,68,fat
126,58,fat
154,68,fat
199,49,thin
199,93,normal
193,103,fat
195,59,thin
127,69,fat
188,80,normal
185,43,thin
132,35,normal
170,71,normal
194,73,normal
181,113,fat
144,113,fat
154,65,fat
136,89,fat
122,38,fat
167,102,fat
123,39,fat
152,42,thin
170,73,fat
163,61,normal
196,103,fat
182,104,fat
172,81,fat
151,56,normal
136,53,fat
172,111,fat
132,60,fat
126,58,fat
145,111,fat
143,76,fat
156,116,fat
135,57,fat
190,56,thin
123,36,normal
134,112,fat
156,67,fat
175,117,fat
184,101,fat
197,54,thin
125,101,fat
135,109,fat
182,53,thin
148,99,fat
141,113,fat
157,94,fat
178,72,normal
134,118,fat
137,66,fat
184,116,fat
196,68,thin
169,48,thin
196,118,fat
172,55,normal
179,92,fat
198,38,thin
156,54,normal
179,53,thin
175,56,thin
155,74,fat
163,45,thin
143,40,normal
156,59,normal
177,94,fat
120,59,fat
175,93,fat
175,105,fat
165,38,thin
180,95,fat
138,101,fat
141,96,fat
141,83,fat
163,60,normal
155,57,normal
171,87,fat
140,72,fat
123,39,fat
127,101,fat
182,83,fat
185,65,normal
124,73,fat
197,80,normal
166,104,fat
194,46,thin
185,45,thin
195,53,thin
194,38,thin
185,86,fat
183,59,thin
134,101,fat
176,55,thin
177,52,thin
138,94,fat
176,64,normal
123,77,fat
170,94,fat
163,118,fat
172,105,fat
123,112,fat
124,94,fat
136,92,fat
178,79,normal
177,60,normal
196,74,normal
184,74,normal
160,118,fat
126,57,fat
167,66,normal
171,38,thin
173,92,fat
155,67,fat
192,73,normal
146,65,fat
131,104,fat
193,57,thin
170,91,fat
173,43,thin
129,69,fat
136,105,fat
160,99,fat
136,111,fat
167,48,thin
152,89,fat
198,47,thin
182,49,thin
169,115,fat
161,45,thin
135,59,fat
172,39,thin
163,88,fat
164,55,normal
199,75,normal
157,40,thin
125,79,fat
169,110,fat
165,81,fat
194,97,fat
138,77,fat
138,72,fat
173,67,normal
126,42,fat
195,89,normal
183,58,thin
178,53,thin
136,73,fat
159,66,fat
192,46,thin
153,86,fat
146,78,fat
184,36,thin
164,60,normal
144,107,fat
165,104,fat
198,59,thin
122,56,fat
183,108,fat
162,70,fat
124,51,fat
123,55,fat
141,112,fat
180,71,normal
142,114,fat
141,111,fat
194,85,normal
189,98,fat
126,78,fat
143,84,fat
124,77,fat
157,89,fat
177,112,fat
174,35,thin
128,88,fat
144,75,fat
196,41,thin
178,88,fat
167,54,normal
156,119,fat
130,59,fat
139,81,fat
175,60,normal
157,114,fat
178,106,fat
175,84,fat
182,104,fat
134,115,fat
137,40,normal
181,69,normal
174,84,fat
134,62,fat
183,78,normal
136,93,fat
189,87,normal
159,60,normal
143,111,fat
174,66,normal
196,37,thin
195,117,fat
179,83,fat
154,110,fat
199,88,normal
154,47,normal
183,95,fat
157,73,fat
193,49,thin
153,73,fat
177,117,fat
163,78,fat
151,100,fat
155,36,thin
174,88,fat
141,42,normal
151,43,normal
129,103,fat
140,75,fat
189,111,fat
198,52,thin
142,68,fat
155,71,fat
197,96,normal
121,36,normal
168,36,thin
122,84,fat
155,82,fat
174,86,fat
130,62,fat
136,84,fat
143,49,normal
185,70,normal
154,51,normal
197,62,thin
142,108,fat
195,66,thin
187,97,fat
145,93,fat
159,84,fat
140,93,fat
128,108,fat
163,57,normal
140,67,fat
159,71,fat
185,94,fat
136,119,fat
129,72,fat
166,42,thin
138,65,fat
175,111,fat
154,111,fat
127,105,fat
177,52,thin
127,58,fat
183,38,thin
139,50,fat
192,51,thin
134,47,fat
141,103,fat
172,84,fat
193,64,thin
178,75,normal
183,82,normal
134,90,fat
125,66,fat
141,85,fat
155,92,fat
142,67,fat
192,71,normal
122,100,fat
136,80,fat
156,115,fat
153,38,thin
181,104,fat
189,99,fat
165,49,thin
159,67,fat
146,97,fat
181,57,thin
184,65,normal
167,73,fat
131,55,fat
148,109,fat
164,81,fat
138,48,fat
126,80,fat
166,46,thin
159,60,normal
121,66,fat
175,104,fat
131,64,fat
178,64,normal
157,50,normal
190,96,fat
171,38,thin
180,68,normal
145,64,fat
148,40,thin
198,89,normal
124,106,fat
177,89,fat
147,87,fat
193,79,normal
179,46,thin
199,108,fat
170,71,normal
140,62,fat
189,43,thin
180,36,thin
184,108,fat
175,63,normal
151,46,normal
152,80,fat
138,115,fat
186,99,fat
176,88,fat
152,42,thin
163,114,fat
139,103,fat
161,58,normal
183,104,fat
191,45,thin
181,117,fat
170,70,normal
167,65,normal
192,104,fat
194,103,fat
157,46,normal
192,65,thin
181,109,fat
194,111,fat
127,83,fat
191,102,fat
151,113,fat
148,67,fat
147,100,fat
130,58,fat
147,100,fat
181,98,fat
160,64,normal
135,73,fat
156,87,fat
138,76,fat
144,94,fat
175,77,fat
187,113,fat
124,71,fat
144,41,normal
147,52,normal
149,107,fat
184,76,normal
169,42,thin
192,81,normal
166,68,normal
191,59,thin
128,74,fat
176,46,thin
168,110,fat
156,38,thin
129,83,fat
165,90,fat
141,58,fat
180,104,fat
147,92,fat
154,111,fat
165,96,fat
133,100,fat
182,36,thin
134,55,fat
134,87,fat
189,79,normal
145,89,fat
187,49,thin
124,55,fat
120,83,fat
125,115,fat
127,44,fat
186,78,normal
132,101,fat
189,104,fat
199,101,fat
157,42,thin
196,40,thin
153,88,fat
173,105,fat
129,93,fat
123,84,fat
128,85,fat
164,65,normal
196,115,fat
150,86,fat
134,119,fat
152,67,fat
141,86,fat
170,90,fat
127,96,fat
153,94,fat
153,109,fat
120,60,fat
168,94,fat
134,44,normal
180,116,fat
189,98,fat
132,114,fat
160,92,fat
129,48,fat
131,94,fat
138,52,fat
129,115,fat
151,73,fat
187,62,thin
131,39,normal
180,36,thin
154,92,fat
169,65,normal
173,69,normal
121,110,fat
198,74,normal
144,113,fat
137,85,fat
141,89,fat
192,98,fat
142,78,fat
161,90,fat
177,93,fat
170,50,thin
150,73,fat
127,106,fat
131,45,fat
198,91,normal
161,114,fat
169,84,fat
144,65,fat
142,55,fat
139,43,normal
131,55,fat
192,74,normal
156,95,fat
169,81,fat
143,45,normal
162,52,normal
125,55,fat
191,46,thin
178,108,fat
192,111,fat
174,40,thin
192,68,thin
175,72,normal
181,77,normal
186,74,normal
172,101,fat
166,95,fat
140,72,fat
122,39,fat
186,46,thin
186,98,fat
147,118,fat
193,39,thin
192,96,fat
193,114,fat
162,89,fat
162,83,fat
124,60,fat
160,48,normal
129,89,fat
195,100,fat
133,82,fat
123,90,fat
184,83,normal
175,45,thin
141,35,thin
178,69,normal
157,83,fat
150,109,fat
155,107,fat
150,85,fat
151,44,normal
196,63,thin
155,81,fat
149,100,fat
134,71,fat
199,57,thin
179,95,fat
129,103,fat
191,73,normal
167,100,fat
165,117,fat
193,62,thin
192,72,normal
181,110,fat
122,116,fat
129,49,fat
159,73,fat
167,117,fat
184,66,normal
160,85,fat
147,104,fat
130,99,fat
142,93,fat
124,47,fat
176,93,fat
143,45,normal
126,55,fat
123,107,fat
128,116,fat
137,81,fat
159,116,fat
162,118,fat
173,99,fat
180,97,fat
151,69,fat
185,80,normal
186,63,thin
174,100,fat
140,111,fat
139,48,normal
179,108,fat
163,46,thin
149,84,fat
165,112,fat
142,103,fat
193,58,thin
191,106,fat
131,73,fat
198,119,fat
183,47,thin
144,74,fat
197,116,fat
120,99,fat
179,62,normal
131,89,fat
187,94,fat
140,37,normal
187,88,fat
137,75,fat
159,75,fat
148,46,normal
198,85,normal
173,109,fat
141,67,fat
153,56,normal
154,73,fat
137,90,fat
146,50,normal
139,40,normal
122,35,normal
195,116,fat
184,49,thin
133,93,fat
199,113,fat
191,119,fat
186,100,fat
133,58,fat
122,105,fat
148,60,fat
154,109,fat
147,78,fat
193,89,normal
149,86,fat
180,37,thin
165,114,fat
142,44,normal
148,55,fat
152,57,normal
169,42,thin
193,82,normal
150,108,fat
147,100,fat
156,73,fat
193,107,fat
184,69,normal
157,52,normal
185,56,thin
179,38,thin
137,84,fat
170,104,fat
136,87,fat
148,69,fat
127,104,fat
179,113,fat
122,47,fat
168,60,normal
191,63,thin
145,68,fat
139,90,fat
189,95,fat
134,69,fat
141,83,fat
167,101,fat
167,108,fat
159,86,fat
132,80,fat
165,58,normal
186,43,thin
124,96,fat
178,68,normal
150,64,fat
198,54,thin
120,75,fat
121,36,normal
158,58,normal
176,107,fat
176,96,fat
162,86,fat
192,109,fat
121,107,fat
149,99,fat
166,99,fat
180,53,thin
123,53,fat
123,111,fat
141,60,fat
188,42,thin
198,65,thin
144,112,fat
186,114,fat
157,56,normal
198,70,thin
143,93,fat
179,36,thin
154,117,fat
130,95,fat
190,46,thin
172,68,normal
144,81,fat
143,56,fat
195,85,normal
138,110,fat
141,107,fat
129,72,fat
120,61,fat
152,100,fat
124,60,fat
130,79,fat
132,117,fat
177,74,normal
129,39,normal
197,60,thin
184,108,fat
189,113,fat
177,45,thin
120,74,fat
191,41,thin
145,63,fat
171,98,fat
147,73,fat
142,57,fat
153,119,fat
181,50,thin
140,102,fat
159,54,normal
160,47,thin
139,38,normal
123,61,fat
155,84,fat
195,36,thin
150,103,fat
147,116,fat
199,85,normal
159,100,fat
162,107,fat
159,93,fat
158,69,fat
168,108,fat
130,67,fat
150,68,fat
124,117,fat
124,73,fat
130,73,fat
145,50,normal
187,119,fat
163,79,fat
174,67,normal
127,94,fat
156,46,normal
124,49,fat
156,50,normal
199,98,normal
139,104,fat
149,95,fat
171,109,fat
155,73,fat
138,98,fat
161,95,fat
155,72,fat
199,108,fat
152,48,normal
143,70,fat
191,114,fat
168,96,fat
162,61,normal
130,49,fat
129,39,normal
121,64,fat
146,35,thin
197,101,fat
169,61,normal
177,118,fat
195,82,normal
177,117,fat
166,87,fat
168,88,fat
169,117,fat
166,77,fat
129,73,fat
124,84,fat
189,92,fat
126,93,fat
173,39,thin
187,76,normal
198,84,normal
166,46,thin
132,103,fat
132,54,fat
178,53,thin
168,118,fat
197,75,normal
169,81,fat
159,50,normal
120,59,fat
125,52,fat
182,50,thin
170,55,normal
176,83,fat
145,85,fat
141,82,fat
143,99,fat
137,80,fat
157,64,fat
189,55,thin
193,54,thin
195,60,thin
163,48,thin
167,101,fat
150,63,fat
158,42,thin
196,37,thin
140,83,fat
143,68,fat
173,106,fat
187,41,thin
167,86,fat
191,61,thin
198,57,thin
128,83,fat
196,43,thin
170,43,thin
133,105,fat
141,118,fat
153,98,fat
188,51,thin
148,68,fat
122,60,fat
145,50,normal
188,81,normal
195,109,fat
137,81,fat
152,55,normal
166,111,fat
135,86,fat
168,115,fat
159,108,fat
156,117,fat
189,91,fat
172,63,normal
189,102,fat
142,80,fat
162,69,fat
147,106,fat
164,42,thin
165,108,fat
191,92,fat
178,81,fat
145,70,fat
180,49,thin
199,93,normal
184,96,fat
138,57,fat
127,48,fat
179,109,fat
133,58,fat
143,82,fat
188,108,fat
159,63,normal
179,48,thin
184,71,normal
172,115,fat
162,112,fat
173,84,fat
176,77,normal
171,36,thin
151,106,fat
144,94,fat
160,53,normal
199,93,normal
173,50,thin
172,49,thin
181,75,normal
126,65,fat
136,58,fat
192,40,thin
139,101,fat
176,48,thin
156,108,fat
190,69,normal
169,110,fat
127,101,fat
181,116,fat
133,60,fat
144,80,fat
156,81,fat
152,119,fat
165,63,normal
189,70,normal
133,50,fat
165,44,thin
161,67,fat
136,43,normal
129,47,fat
186,66,normal
189,45,thin
199,84,normal
135,43,normal
162,102,fat
143,72,fat
127,118,fat
138,79,fat
184,114,fat
171,114,fat
197,45,thin
143,80,fat
129,70,fat
159,61,normal
163,67,fat
194,111,fat
147,36,thin
124,71,fat
136,54,fat
145,82,fat
197,111,fat
135,41,normal
193,54,thin
162,98,fat
170,74,fat
125,98,fat
132,57,fat
144,91,fat
144,86,fat
148,41,normal
173,53,thin
199,41,thin
191,119,fat
123,58,fat
130,92,fat
127,69,fat
167,109,fat
146,107,fat
129,112,fat
179,54,thin
183,88,fat
134,54,fat
159,39,thin
192,110,fat
182,106,fat
166,106,fat
176,88,fat
130,117,fat
188,69,normal
175,56,thin
184,87,fat
196,114,fat
127,73,fat
189,39,thin
196,45,thin
153,104,fat
163,77,fat
178,108,fat
179,49,thin
123,64,fat
160,38,thin
148,81,fat
128,108,fat
127,80,fat
130,85,fat
129,88,fat
133,91,fat
148,45,normal
124,58,fat
144,43,normal
185,59,thin
138,102,fat
122,81,fat
147,98,fat
196,66,thin
150,114,fat
143,93,fat
197,110,fat
178,98,fat
167,114,fat
173,104,fat
163,112,fat
187,44,thin
132,108,fat
130,40,normal
196,83,normal
169,96,fat
162,108,fat
191,75,normal
180,104,fat
167,87,fat
144,40,normal
154,109,fat
197,109,fat
176,39,thin
154,90,fat
147,63,fat
139,95,fat
124,63,fat
122,45,fat
170,88,fat
131,42,normal
146,68,fat
137,72,fat
149,78,fat
144,41,normal
178,97,fat
173,56,normal
143,42,normal
182,55,thin
162,58,normal
136,103,fat
130,114,fat
157,81,fat
145,71,fat
137,92,fat
138,90,fat
145,104,fat
128,113,fat
136,57,fat
129,70,fat
177,40,thin
161,115,fat
165,91,fat
157,61,normal
180,59,thin
148,44,normal
131,71,fat
181,77,normal
170,114,fat
151,84,fat
133,45,fat
163,114,fat
159,66,fat
140,75,fat
148,64,fat
179,69,normal
141,64,fat
133,48,fat
126,112,fat
172,69,normal
136,41,normal
136,78,fat
140,96,fat
189,113,fat
177,86,fat
198,94,normal
176,89,fat
145,41,normal
174,56,thin
154,109,fat
167,119,fat
194,72,normal
199,71,thin
142,63,fat
177,58,normal
174,103,fat
190,108,fat
120,63,fat
125,51,fat
180,48,thin
182,106,fat
156,49,normal
183,88,fat
183,80,normal
135,98,fat
194,74,normal
127,72,fat
125,110,fat
133,76,fat
126,59,fat
146,70,fat
131,48,fat
188,46,thin
151,75,fat
193,63,thin
173,87,fat
187,49,thin
196,37,thin
170,104,fat
165,70,fat
179,115,fat
182,52,thin
122,76,fat
155,95,fat
168,36,thin
198,83,normal
177,53,thin
139,62,fat
197,74,normal
148,106,fat
148,64,fat
123,57,fat
134,61,fat
145,67,fat
153,61,fat
154,110,fat
134,41,normal
199,45,thin
132,64,fat
142,115,fat
163,46,thin
157,44,thin
168,84,fat
120,65,fat
189,88,normal
160,44,thin
190,117,fat
131,119,fat
188,102,fat
197,108,fat
175,115,fat
146,92,fat
156,101,fat
188,44,thin
179,56,thin
191,96,fat
151,119,fat
174,104,fat
144,49,normal
180,65,normal
171,115,fat
125,85,fat
176,85,fat
154,103,fat
147,56,fat
153,36,thin
127,103,fat
143,85,fat
185,99,fat
154,114,fat
147,111,fat
143,62,fat
150,62,fat
127,78,fat
198,39,thin
172,79,fat
187,75,normal
127,118,fat
152,103,fat
132,109,fat
125,46,fat
185,49,thin
182,56,thin
164,114,fat
153,107,fat
161,110,fat
166,56,normal
159,72,fat
167,88,fat
190,99,fat
167,119,fat
148,87,fat
159,42,thin
175,47,thin
189,83,normal
138,85,fat
149,72,fat
123,105,fat
153,119,fat
131,79,fat
143,50,normal
172,66,normal
123,88,fat
153,37,thin
178,42,thin
191,61,thin
132,115,fat
145,97,fat
153,114,fat
176,113,fat
126,46,fat
182,38,thin
186,81,normal
148,78,fat
149,72,fat
146,63,fat
196,45,thin
180,79,normal
168,56,normal
168,68,normal
144,117,fat
138,41,normal
139,91,fat
139,42,normal
126,54,fat
154,84,fat
156,64,fat
186,88,fat
124,102,fat
131,41,normal
189,61,thin
195,58,thin
165,53,normal
145,38,thin
170,81,fat
157,69,fat
199,76,normal
175,106,fat
176,82,fat
163,64,normal
171,81,fat
128,73,fat
177,114,fat
173,110,fat
175,36,thin
176,115,fat
195,112,fat
145,56,fat
164,56,normal
122,75,fat
199,104,fat
143,104,fat
172,87,fat
123,81,fat
161,43,thin
199,36,thin
136,91,fat
155,107,fat
158,117,fat
160,94,fat
122,62,fat
165,35,thin
155,60,normal
120,110,fat
198,74,normal
134,109,fat
149,94,fat
165,53,normal
147,35,thin
170,47,thin
166,104,fat
176,85,fat
157,104,fat
152,73,fat
164,98,fat
173,79,fat
136,90,fat
178,104,fat
164,117,fat
187,93,fat
121,99,fat
159,76,fat
124,78,fat
174,80,fat
132,49,fat
165,49,thin
146,105,fat
138,41,normal
121,84,fat
143,37,thin
194,111,fat
190,43,thin
190,91,fat
163,88,fat
133,94,fat
126,62,fat
144,85,fat
172,103,fat
162,91,fat
145,64,fat
164,78,fat
184,47,thin
193,47,thin
166,105,fat
160,101,fat
193,59,thin
165,105,fat
141,90,fat
123,63,fat
154,83,fat
132,55,fat
130,40,normal
180,51,thin
147,112,fat
197,53,thin
151,66,fat
140,91,fat
191,68,normal
183,102,fat
155,79,fat
174,55,thin
148,91,fat
177,51,thin
134,100,fat
145,48,normal
179,54,thin
162,45,thin
194,60,thin
134,119,fat
157,96,fat
127,78,fat
135,109,fat
123,55,fat
146,76,fat
151,81,fat
147,119,fat
142,116,fat
184,45,thin
173,80,fat
189,45,thin
191,76,normal
190,81,normal
131,72,fat
166,105,fat
190,67,normal
126,98,fat
130,64,fat
138,48,fat
159,50,normal
151,108,fat
176,67,normal
131,51,fat
139,115,fat
154,50,normal
125,53,fat
147,41,normal
145,37,thin
154,108,fat
144,64,fat
180,116,fat
185,89,fat
162,67,fat
165,86,fat
146,35,thin
133,46,fat
183,116,fat
157,91,fat
157,49,normal
138,96,fat
173,88,fat
199,79,normal
158,88,fat
137,111,fat
169,106,fat
162,114,fat
169,98,fat
160,61,normal
163,48,thin
131,51,fat
193,78,normal
183,48,thin
159,84,fat
138,52,fat
188,70,normal
162,59,normal
192,44,thin
171,115,fat
193,91,normal
181,75,normal
143,40,normal
165,45,thin
170,70,normal
171,119,fat
134,89,fat
189,40,thin
143,77,fat
178,108,fat
186,70,normal
132,63,fat
132,85,fat
188,66,normal
171,110,fat
185,118,fat
194,95,fat
126,94,fat
148,114,fat
161,74,fat
156,90,fat
186,106,fat
137,103,fat
145,75,fat
121,58,fat
186,95,fat
152,114,fat
182,92,fat
187,71,normal
170,76,fat
130,93,fat
126,35,normal
131,117,fat
124,91,fat
125,69,fat
123,51,fat
128,116,fat
185,49,thin
156,111,fat
131,101,fat
132,111,fat
126,66,fat
184,55,thin
135,85,fat
192,51,thin
147,63,fat
197,59,thin
194,51,thin
146,77,fat
189,58,thin
170,101,fat
195,61,thin
157,96,fat
194,113,fat
157,52,normal
120,115,fat
156,83,fat
168,95,fat
152,105,fat
199,36,thin
136,80,fat
150,94,fat
142,101,fat
193,60,thin
195,117,fat
154,52,normal
123,43,fat
129,65,fat
145,41,normal
137,70,fat
120,94,fat
121,36,normal
122,93,fat
132,35,normal
190,44,thin
161,66,fat
194,70,normal
181,85,fat
154,76,fat
128,38,normal
150,52,normal
156,39,thin
131,82,fat
165,74,fat
132,78,fat
159,102,fat
126,118,fat
176,59,normal
137,36,normal
122,83,fat
173,90,fat
120,60,fat
125,87,fat
184,78,normal
133,102,fat
172,48,thin
174,113,fat
144,103,fat
140,119,fat
187,43,thin
121,36,normal
178,37,thin
159,102,fat
177,109,fat
156,108,fat
127,113,fat
143,72,fat
184,98,fat
173,99,fat
170,75,fat
171,118,fat
168,59,normal
127,94,fat
164,64,normal
169,86,fat
172,70,normal
148,90,fat
154,68,fat
165,44,thin
193,112,fat
124,63,fat
126,68,fat
139,75,fat
163,91,fat
123,114,fat
147,72,fat
196,84,normal
132,42,normal
138,85,fat
167,105,fat
159,47,normal
186,105,fat
142,55,fat
189,72,normal
140,53,fat
179,98,fat
178,77,normal
120,82,fat
194,62,thin
198,68,thin
176,106,fat
141,35,thin
170,86,fat
167,111,fat
144,67,fat
148,54,normal
191,77,normal
163,119,fat
167,85,fat
156,91,fat
152,39,thin
128,39,normal
181,92,fat
188,45,thin
173,115,fat
166,91,fat
160,45,thin
191,93,fat
193,117,fat
140,94,fat
195,73,normal
181,74,normal
158,44,thin
147,47,normal
156,86,fat
157,112,fat
166,65,normal
143,111,fat
134,101,fat
191,89,normal
177,105,fat
146,48,normal
147,46,normal
153,106,fat
120,60,fat
150,81,fat
196,57,thin
190,56,thin
169,102,fat
149,39,thin
197,111,fat
177,97,fat
167,87,fat
156,47,normal
123,65,fat
138,55,fat
166,113,fat
162,97,fat
165,95,fat
199,62,thin
165,43,thin
132,50,fat
179,58,thin
147,56,fat
197,103,fat
143,82,fat
146,79,fat
170,82,fat
132,50,fat
181,77,normal
146,102,fat
144,86,fat
163,54,normal
170,45,thin
183,61,thin
175,78,fat
162,95,fat
140,41,normal
188,46,thin
172,44,thin
143,94,fat
197,45,thin
145,84,fat
167,99,fat
155,86,fat
153,98,fat
169,100,fat
178,84,fat
165,103,fat
128,43,fat
175,106,fat
129,108,fat
169,91,fat
136,106,fat
178,63,normal
144,70,fat
197,35,thin
198,52,thin
123,76,fat
120,60,fat
181,115,fat
175,42,thin
133,80,fat
171,55,normal
166,84,fat
192,40,thin
186,72,normal
155,89,fat
164,71,fat
138,53,fat
136,78,fat
190,95,fat
136,109,fat
177,39,thin
123,113,fat
130,55,fat
125,79,fat
191,64,thin
177,109,fat
138,102,fat
168,105,fat
152,74,fat
168,74,fat
160,106,fat
174,44,thin
141,101,fat
166,52,normal
184,44,thin
126,65,fat
158,56,normal
138,60,fat
157,57,normal
186,51,thin
120,46,fat
173,77,fat
126,42,fat
152,107,fat
151,65,fat
198,63,thin
121,104,fat
195,42,thin
155,47,normal
134,54,fat
149,61,fat
185,73,normal
185,109,fat
194,116,fat
193,114,fat
196,109,fat
133,83,fat
129,109,fat
164,40,thin
141,105,fat
125,119,fat
186,36,thin
157,91,fat
173,51,thin
157,68,fat
181,68,normal
159,79,fat
132,58,fat
180,54,thin
127,71,fat
181,35,thin
124,48,fat
130,88,fat
181,81,normal
131,49,fat
155,107,fat
148,43,normal
177,38,thin
189,54,thin
194,53,thin
126,49,fat
130,87,fat
167,85,fat
163,80,fat
133,69,fat
182,79,normal
134,101,fat
152,39,thin
170,82,fat
185,110,fat
130,112,fat
123,40,fat
159,69,fat
180,95,fat
130,105,fat
180,87,fat
139,102,fat
169,75,fat
123,74,fat
185,71,normal
135,93,fat
160,38,thin
186,99,fat
172,40,thin
124,109,fat
173,52,thin
126,108,fat
138,52,fat
125,77,fat
157,103,fat
166,50,thin
184,65,normal
131,47,fat
177,69,normal
180,84,fat
196,99,fat
174,49,thin
125,72,fat
126,115,fat
122,67,fat
153,107,fat
190,77,normal
133,50,fat
159,96,fat
148,106,fat
158,68,fat
158,73,fat
174,51,thin
162,77,fat
179,57,thin
150,92,fat
162,63,normal
196,106,fat
127,76,fat
179,111,fat
147,101,fat
151,54,normal
197,106,fat
129,56,fat
187,109,fat
135,99,fat
187,116,fat
135,46,fat
131,63,fat
152,108,fat
123,87,fat
167,106,fat
173,44,thin
128,98,fat
140,38,normal
186,65,normal
126,109,fat
188,54,thin
195,54,thin
139,43,normal
146,74,fat
138,56,fat
191,36,thin
122,40,fat
136,52,fat
140,83,fat
140,82,fat
149,84,fat
179,113,fat
197,38,thin
166,95,fat
178,57,thin
120,108,fat
199,53,thin
139,61,fat
179,89,fat
132,78,fat
144,91,fat
140,38,normal
151,107,fat
158,84,fat
140,37,normal
151,48,normal
172,73,normal
164,80,fat
130,66,fat
188,54,thin
125,63,fat
128,35,normal
182,63,normal
126,41,fat
183,75,normal
124,44,fat
150,35,thin
183,35,thin
198,92,normal
122,45,fat
141,101,fat
197,56,thin
199,96,normal
185,101,fat
129,39,normal
186,77,normal
157,71,fat
138,74,fat
143,69,fat
129,46,fat
196,89,normal
135,70,fat
177,36,thin
130,51,fat
192,56,thin
126,71,fat
174,52,thin
194,52,thin
151,95,fat
160,96,fat
162,118,fat
164,39,thin
185,46,thin
126,81,fat
163,107,fat
164,109,fat
144,109,fat
175,90,fat
185,114,fat
150,69,fat
144,43,normal
165,59,normal
169,54,normal
168,78,fat
141,51,fat
152,79,fat
145,40,normal
178,68,normal
193,102,fat
178,46,thin
173,55,thin
190,45,thin
155,117,fat
187,86,normal
138,101,fat
184,96,fat
141,98,fat
144,104,fat
179,68,normal
174,118,fat
131,81,fat
120,43,fat
168,95,fat
190,69,normal
189,92,fat
161,52,normal
175,35,thin
161,83,fat
177,75,normal
188,47,thin
164,97,fat
191,117,fat
165,42,thin
168,83,fat
150,92,fat
197,90,normal
187,103,fat
162,116,fat
140,42,normal
146,82,fat
172,92,fat
182,55,thin
171,119,fat
158,87,fat
182,108,fat
181,68,normal
194,75,normal
180,69,normal
196,93,normal
148,81,fat
187,72,normal
193,56,thin
158,113,fat
133,68,fat
150,114,fat
177,85,fat
123,56,fat
122,93,fat
153,57,normal
172,56,normal
171,48,thin
159,100,fat
141,78,fat
121,89,fat
151,61,fat
193,116,fat
128,70,fat
166,50,thin
155,49,normal
144,101,fat
170,39,thin
164,110,fat
140,52,fat
180,87,fat
156,65,fat
141,65,fat
190,43,thin
181,38,thin
178,74,normal
149,73,fat
124,99,fat
120,99,fat
195,83,normal
165,80,fat
196,105,fat
131,72,fat
127,101,fat
182,96,fat
190,92,fat
195,97,fat
195,102,fat
135,104,fat
166,94,fat
156,96,fat
132,95,fat
149,96,fat
139,110,fat
140,111,fat
130,73,fat
151,53,normal
161,118,fat
189,108,fat
139,50,fat
156,87,fat
135,36,normal
187,54,thin
181,42,thin
174,108,fat
171,100,fat
153,66,fat
127,62,fat
173,116,fat
138,72,fat
159,62,normal
151,103,fat
164,88,fat
168,72,fat
186,93,fat
174,109,fat
167,60,normal
178,40,thin
179,70,normal
141,47,normal
195,75,normal
144,62,fat
157,105,fat
192,38,thin
124,63,fat
189,111,fat
178,102,fat
165,55,normal
136,57,fat
172,47,thin
170,50,thin
159,46,thin
196,116,fat
162,73,fat
182,108,fat
154,37,thin
189,101,fat
168,77,fat
157,75,fat
121,40,fat
122,50,fat
167,68,normal
196,82,normal
133,53,fat
190,37,thin
143,42,normal
190,119,fat
187,59,thin
162,48,thin
193,65,thin
155,113,fat
154,108,fat
165,93,fat
122,113,fat
123,38,fat
171,56,normal
165,102,fat
134,68,fat
163,95,fat
143,86,fat
160,105,fat
199,69,thin
181,93,fat
166,76,fat
124,39,fat
159,86,fat
154,100,fat
151,87,fat
179,90,fat
125,70,fat
190,114,fat
150,96,fat
167,42,thin
163,59,normal
158,44,thin
137,98,fat
153,99,fat
199,35,thin
140,94,fat
179,52,thin
130,40,normal
123,47,fat
145,113,fat
180,103,fat
134,79,fat
130,115,fat
127,67,fat
124,70,fat
142,73,fat
151,111,fat
178,56,thin
196,79,normal
170,44,thin
136,80,fat
156,91,fat
128,76,fat
147,69,fat
182,36,thin
162,111,fat
187,87,normal
182,105,fat
194,36,thin
140,102,fat
168,35,thin
131,114,fat
120,70,fat
167,64,normal
143,73,fat
132,86,fat
185,94,fat
148,86,fat
164,51,normal
142,48,normal
160,109,fat
151,119,fat
120,99,fat
171,43,thin
167,63,normal
194,92,normal
169,78,fat
147,77,fat
193,101,fat
126,98,fat
177,75,normal
151,41,thin
166,41,thin
137,81,fat
172,57,normal
127,83,fat
187,66,normal
161,61,normal
193,42,thin
197,110,fat
157,60,normal
121,59,fat
155,82,fat
155,71,fat
177,55,thin
184,110,fat
156,98,fat
174,97,fat
180,113,fat
152,58,fat
130,117,fat
179,107,fat
128,66,fat
131,100,fat
194,36,thin
194,84,normal
142,88,fat
178,69,normal
134,114,fat
192,78,normal
126,67,fat
155,38,thin
146,74,fat
184,69,normal
163,57,normal
178,48,thin
149,115,fat
172,45,thin
132,66,fat
157,115,fat
134,102,fat
138,52,fat
144,55,fat
196,58,thin
149,119,fat
144,74,fat
142,92,fat
171,72,normal
185,59,thin
152,77,fat
142,75,fat
165,61,normal
137,94,fat
165,68,normal
136,38,normal
188,36,thin
163,114,fat
167,89,fat
165,46,thin
130,78,fat
149,90,fat
124,77,fat
176,102,fat
144,98,fat
131,46,fat
128,111,fat
180,88,fat
129,70,fat
177,89,fat
150,104,fat
150,57,fat
158,36,thin
157,111,fat
142,95,fat
143,46,normal
176,117,fat
173,37,thin
129,116,fat
179,36,thin
162,94,fat
165,79,fat
190,106,fat
189,91,fat
187,42,thin
122,74,fat
173,114,fat
161,107,fat
189,102,fat
178,66,normal
165,93,fat
173,79,fat
191,83,normal
181,88,fat
165,45,thin
153,98,fat
163,55,normal
159,59,normal
165,46,thin
167,37,thin
166,71,fat
152,74,fat
161,59,normal
170,110,fat
160,94,fat
124,61,fat
180,110,fat
157,107,fat
153,81,fat
145,67,fat
180,95,fat
125,94,fat
142,99,fat
147,63,fat
165,74,fat
177,67,normal
155,64,fat
160,57,normal
177,104,fat
140,90,fat
171,89,fat
135,47,fat
170,51,thin
197,40,thin
166,94,fat
162,51,normal
189,108,fat
137,90,fat
187,39,thin
129,97,fat
132,45,fat
165,39,thin
149,113,fat
151,41,thin
140,93,fat
140,67,fat
189,97,fat
178,68,normal
166,59,normal
142,113,fat
152,53,normal
178,59,normal
199,88,normal
180,93,fat
163,74,fat
172,59,normal
161,77,fat
177,101,fat
186,68,normal
142,96,fat
188,57,thin
150,111,fat
183,57,thin
123,36,normal
133,48,fat
164,90,fat
186,90,fat
175,56,thin
178,53,thin
123,117,fat
153,76,fat
165,92,fat
146,119,fat
191,116,fat
169,76,fat
148,80,fat
184,50,thin
133,107,fat
131,112,fat
178,39,thin
164,114,fat
184,51,thin
133,83,fat
157,42,thin
138,55,fat
121,70,fat
136,62,fat
134,70,fat
150,41,thin
193,36,thin
131,55,fat
175,119,fat
154,98,fat
143,90,fat
158,91,fat
138,114,fat
177,43,thin
132,105,fat
134,106,fat
161,67,fat
183,83,normal
166,43,thin
168,56,normal
133,60,fat
192,48,thin
179,88,fat
152,112,fat
165,45,thin
192,67,thin
181,70,normal
155,91,fat
135,41,normal
167,79,fat
177,113,fat
190,96,fat
170,91,fat
136,51,fat
121,53,fat
148,56,fat
184,59,thin
182,61,thin
151,77,fat
144,78,fat
168,100,fat
157,114,fat
172,45,thin
142,81,fat
178,81,fat
188,38,thin
123,63,fat
133,96,fat
167,45,thin
133,37,normal
187,86,normal
198,110,fat
120,67,fat
183,53,thin
136,102,fat
149,116,fat
190,89,normal
195,77,normal
196,71,thin
170,84,fat
180,92,fat
134,85,fat
141,66,fat
142,43,normal
122,36,normal
161,92,fat
149,42,normal
193,110,fat
143,56,fat
160,75,fat
161,108,fat
177,69,normal
182,76,normal
182,50,thin
143,56,fat
181,95,fat
171,67,normal
137,63,fat
161,39,thin
191,73,normal
162,119,fat
139,110,fat
167,73,fat
153,41,thin
169,112,fat
140,87,fat
190,47,thin
174,104,fat
197,117,fat
128,107,fat
196,76,normal
157,42,thin
166,71,fat
195,54,thin
150,65,fat
164,81,fat
128,119,fat
198,96,normal
160,57,normal
131,61,fat
150,46,normal
199,106,fat
182,88,fat
125,96,fat
182,38,thin
148,43,normal
189,48,thin
199,85,normal
128,66,fat
131,99,fat
140,39,normal
140,82,fat
126,106,fat
169,86,fat
125,73,fat
183,70,normal
121,114,fat
173,88,fat
129,91,fat
162,100,fat
155,118,fat
129,46,fat
182,71,normal
143,64,fat
141,118,fat
146,51,normal
183,69,normal
154,107,fat
175,48,thin
154,41,thin
161,119,fat
190,37,thin
177,35,thin
145,102,fat
133,57,fat
162,38,thin
128,75,fat
122,45,fat
121,42,fat
150,40,thin
164,57,normal
178,59,normal
182,43,thin
164,80,fat
164,100,fat
145,41,normal
153,80,fat
140,95,fat
194,96,fat
123,105,fat
129,38,normal
173,61,normal
134,48,fat
180,118,fat
140,92,fat
125,78,fat
138,94,fat
193,78,normal
123,106,fat
146,56,fat
136,94,fat
181,91,fat
125,88,fat
128,43,fat
163,42,thin
120,86,fat
174,76,fat
135,94,fat
152,54,normal
134,101,fat
121,58,fat
164,78,fat
154,75,fat
198,79,normal
165,35,thin
179,71,normal
153,82,fat
159,88,fat
135,61,fat
167,85,fat
161,107,fat
144,73,fat
143,108,fat
181,40,thin
154,91,fat
128,81,fat
145,95,fat
194,76,normal
141,42,normal
135,61,fat
154,116,fat
159,76,fat
170,107,fat
144,65,fat
194,45,thin
168,100,fat
135,39,normal
173,81,fat
154,39,thin
128,61,fat
141,74,fat
139,109,fat
181,101,fat
147,35,thin
128,118,fat
184,39,thin
143,46,normal
124,111,fat
124,84,fat
142,81,fat
135,89,fat
193,58,thin
126,68,fat
159,97,fat
195,87,normal
197,109,fat
171,55,normal
127,90,fat
130,112,fat
146,43,normal
197,61,thin
156,59,normal
128,91,fat
124,84,fat
178,97,fat
135,88,fat
122,101,fat
163,82,fat
134,81,fat
141,54,fat
163,107,fat
164,57,normal
156,119,fat
129,52,fat
166,70,fat
168,53,normal
156,55,normal
122,93,fat
199,48,thin
181,96,fat
175,46,thin
141,50,fat
191,104,fat
160,80,fat
141,68,fat
133,78,fat
124,79,fat
132,39,normal
161,49,normal
153,61,fat
166,58,normal
137,78,fat
128,97,fat
169,72,fat
188,101,fat
184,74,normal
145,75,fat
124,86,fat
143,64,fat
193,68,thin
126,104,fat
184,98,fat
194,81,normal
154,89,fat
176,67,normal
172,97,fat
122,39,fat
175,111,fat
179,119,fat
170,60,normal
160,93,fat
181,117,fat
162,64,normal
131,98,fat
165,84,fat
182,79,normal
183,45,thin
143,39,normal
129,50,fat
193,118,fat
140,60,fat
177,67,normal
189,82,normal
145,71,fat
137,71,fat
195,51,thin
156,104,fat
173,50,thin
125,74,fat
192,101,fat
190,84,normal
167,117,fat
174,67,normal
131,55,fat
156,45,thin
186,115,fat
188,91,fat
182,108,fat
192,96,fat
140,52,fat
164,67,normal
182,86,fat
182,37,thin
133,38,normal
135,118,fat
155,39,thin
181,58,thin
175,72,normal
163,38,thin
153,86,fat
149,109,fat
126,49,fat
132,74,fat
123,101,fat
173,36,thin
163,105,fat
175,105,fat
175,109,fat
178,99,fat
159,80,fat
133,52,fat
198,107,fat
138,39,normal
189,47,thin
194,101,fat
159,76,fat
184,76,normal
194,64,thin
148,68,fat
137,65,fat
191,95,fat
120,65,fat
185,82,normal
181,43,thin
184,101,fat
193,70,normal
189,72,normal
130,106,fat
159,78,fat
193,98,fat
166,89,fat
144,90,fat
160,52,normal
125,45,fat
183,48,thin
147,100,fat
152,44,normal
137,70,fat
136,54,fat
140,38,normal
197,57,thin
157,49,normal
131,101,fat
135,100,fat
123,89,fat
191,77,normal
180,83,fat
169,53,normal
193,85,normal
196,35,thin
127,72,fat
158,43,thin
169,104,fat
183,44,thin
141,79,fat
130,70,fat
122,53,fat
141,89,fat
121,90,fat
126,103,fat
138,69,fat
190,35,thin
197,70,thin
172,60,normal
124,45,fat
194,78,normal
192,58,thin
188,49,thin
165,87,fat
125,82,fat
133,118,fat
185,96,fat
125,117,fat
124,108,fat
151,63,fat
178,56,thin
128,62,fat
184,113,fat
187,116,fat
124,44,fat
185,35,thin
143,92,fat
150,109,fat
194,59,thin
159,95,fat
132,39,normal
188,44,thin
199,43,thin
129,106,fat
188,80,normal
184,65,normal
136,113,fat
179,105,fat
121,71,fat
197,59,thin
197,68,thin
176,69,normal
129,75,fat
195,88,normal
180,56,thin
156,54,normal
192,60,thin
172,100,fat
169,61,normal
178,85,fat
180,67,normal
139,62,fat
158,113,fat
120,46,fat
129,112,fat
191,114,fat
172,119,fat
181,37,thin
181,61,normal
153,37,thin
178,113,fat
162,66,fat
145,61,fat
154,97,fat
169,41,thin
172,81,fat
137,117,fat
172,105,fat
138,96,fat
133,68,fat
172,82,fat
136,117,fat
139,99,fat
170,57,normal
153,119,fat
169,67,normal
173,99,fat
151,40,thin
155,80,fat
175,106,fat
159,77,fat
138,60,fat
130,44,fat
175,104,fat
167,37,thin
150,112,fat
152,103,fat
134,102,fat
137,114,fat
145,104,fat
190,93,fat
128,99,fat
155,89,fat
165,42,thin
164,90,fat
178,113,fat
190,87,normal
153,36,thin
126,110,fat
160,79,fat
162,119,fat
199,55,thin
199,99,normal
141,100,fat
140,47,normal
180,111,fat
189,97,fat
157,100,fat
178,61,normal
137,86,fat
129,76,fat
154,96,fat
144,64,fat
189,74,normal
125,46,fat
189,115,fat
194,43,thin
120,96,fat
178,81,fat
195,61,thin
189,45,thin
154,69,fat
167,65,normal
171,77,fat
129,115,fat
126,90,fat
156,118,fat
158,75,fat
199,71,thin
193,105,fat
144,62,fat
135,96,fat
141,93,fat
135,46,fat
148,106,fat
140,115,fat
198,45,thin
199,102,fat
172,52,thin
139,39,normal
138,66,fat
183,67,normal
159,53,normal
193,114,fat
120,116,fat
138,93,fat
156,109,fat
172,50,thin
151,47,normal
190,70,normal
171,50,thin
191,50,thin
195,95,normal
178,67,normal
168,88,fat
168,101,fat
191,77,normal
167,80,fat
159,99,fat
192,57,thin
161,112,fat
178,60,normal
160,118,fat
176,105,fat
177,60,normal
146,42,normal
137,40,normal
199,79,normal
174,115,fat
136,58,fat
188,115,fat
140,61,fat
150,37,thin
165,81,fat
197,51,thin
171,88,fat
191,68,normal
186,105,fat
139,35,thin
141,84,fat
139,72,fat
123,39,fat
131,87,fat
141,41,normal
194,79,normal
142,98,fat
177,116,fat
122,111,fat
168,70,normal
198,49,thin
155,67,fat
161,97,fat
166,100,fat
192,52,thin
157,75,fat
177,58,normal
170,78,fat
179,80,normal
134,54,fat
165,94,fat
134,72,fat
194,83,normal
187,101,fat
167,104,fat
127,41,fat
151,65,fat
152,83,fat
126,78,fat
182,52,thin
149,73,fat
174,108,fat
173,39,thin
182,63,normal
155,88,fat
159,105,fat
138,48,fat
153,56,normal
128,99,fat
141,79,fat
168,86,fat
187,78,normal
162,35,thin
196,51,thin
155,58,normal
169,88,fat
136,105,fat
175,42,thin
148,39,thin
157,71,fat
151,51,normal
177,36,thin
168,81,fat
188,84,normal
155,39,thin
130,103,fat
132,92,fat
148,108,fat
155,100,fat
140,100,fat
155,90,fat
128,39,normal
199,90,normal
149,76,fat
155,35,thin
175,82,fat
155,82,fat
163,73,fat
186,57,thin
130,47,fat
126,100,fat
157,116,fat
186,35,thin
160,106,fat
191,110,fat
139,60,fat
185,100,fat
147,87,fat
183,48,thin
178,60,normal
171,72,normal
137,65,fat
138,45,normal
154,35,thin
124,76,fat
151,48,normal
168,77,fat
147,97,fat
138,86,fat
189,52,thin
128,43,fat
156,99,fat
134,75,fat
191,102,fat
188,83,normal
140,76,fat
153,73,fat
159,89,fat
194,80,normal
129,89,fat
165,77,fat
198,70,thin
183,59,thin
165,52,normal
146,118,fat
193,85,normal
183,92,fat
122,105,fat
175,116,fat
199,91,normal
172,78,fat
174,113,fat
194,61,thin
187,100,fat
143,40,normal
179,95,fat
196,91,normal
197,50,thin
181,73,normal
143,87,fat
169,108,fat
168,111,fat
156,91,fat
145,61,fat
120,71,fat
165,93,fat
122,64,fat
120,37,fat
169,82,fat
167,83,fat
187,43,thin
184,91,fat
123,64,fat
195,78,normal
165,41,thin
122,49,fat
130,39,normal
146,46,normal
194,77,normal
156,92,fat
157,72,fat
194,69,thin
155,37,thin
199,108,fat
150,78,fat
186,101,fat
187,98,fat
173,70,normal
144,40,normal
178,93,fat
160,36,thin
184,106,fat
151,117,fat
142,52,fat
135,61,fat
153,86,fat
186,94,fat
134,36,normal
143,107,fat
160,39,thin
157,47,normal
146,68,fat
190,109,fat
128,97,fat
141,62,fat
142,55,fat
174,69,normal
130,86,fat
151,67,fat
123,37,normal
174,98,fat
164,56,normal
166,65,normal
175,65,normal
127,97,fat
172,114,fat
146,118,fat
170,99,fat
172,109,fat
145,75,fat
179,40,thin
152,97,fat
188,109,fat
136,60,fat
169,75,fat
178,103,fat
130,88,fat
134,116,fat
185,65,normal
125,48,fat
170,74,fat
165,52,normal
181,51,thin
181,69,normal
125,48,fat
150,102,fat
159,75,fat
164,43,thin
193,65,thin
124,56,fat
145,83,fat
132,116,fat
185,118,fat
158,82,fat
174,93,fat
161,59,normal
186,68,normal
141,103,fat
143,104,fat
126,39,normal
174,104,fat
144,72,fat
149,112,fat
157,95,fat
150,70,fat
157,92,fat
152,35,thin
197,96,normal
170,88,fat
153,72,fat
199,106,fat
161,44,thin
122,79,fat
141,113,fat
149,83,fat
180,62,normal
157,62,fat
147,50,normal
179,108,fat
157,79,fat
144,108,fat
126,116,fat
140,105,fat
185,79,normal
138,57,fat
165,85,fat
195,40,thin
121,56,fat
178,89,fat
186,42,thin
130,101,fat
160,89,fat
198,61,thin
150,103,fat
180,39,thin
155,59,normal
147,36,thin
181,55,thin
170,101,fat
150,45,normal
143,57,fat
186,90,fat
162,44,thin
196,95,normal
171,38,thin
123,38,fat
127,65,fat
141,76,fat
179,93,fat
128,91,fat
133,62,fat
140,52,fat
157,76,fat
141,91,fat
140,44,normal
129,107,fat
191,57,thin
187,89,fat
163,105,fat
123,95,fat
196,53,thin
127,40,normal
178,62,normal
133,112,fat
122,99,fat
155,37,thin
182,105,fat
137,101,fat
188,55,thin
147,105,fat
176,80,fat
141,93,fat
146,54,fat
187,57,thin
174,112,fat
196,59,thin
155,87,fat
160,115,fat
152,93,fat
198,110,fat
148,57,fat
192,60,thin
140,108,fat
195,39,thin
144,49,normal
171,53,thin
199,87,normal
154,107,fat
199,64,thin
174,36,thin
199,87,normal
180,65,normal
167,102,fat
151,96,fat
174,78,fat
132,58,fat
157,44,thin
197,65,thin
198,39,thin
175,63,normal
182,115,fat
191,93,fat
184,37,thin
140,100,fat
148,93,fat
123,92,fat
123,109,fat
184,64,normal
157,45,thin
165,102,fat
134,55,fat
158,108,fat
142,76,fat
130,111,fat
126,67,fat
179,85,fat
178,85,fat
175,94,fat
144,77,fat
198,112,fat
151,72,fat
135,83,fat
167,55,normal
169,118,fat
176,63,normal
134,45,fat
172,69,normal
153,103,fat
162,37,thin
135,75,fat
175,72,normal
125,116,fat
168,43,thin
183,76,normal
176,53,thin
193,52,thin
174,44,thin
176,40,thin
142,69,fat
194,82,normal
165,95,fat
168,50,thin
167,65,normal
169,79,fat
164,54,normal
126,117,fat
148,102,fat
124,115,fat
130,99,fat
160,89,fat
196,101,fat
162,49,normal
184,59,thin
122,68,fat
128,35,normal
172,46,thin
189,46,thin
152,106,fat
135,98,fat
140,55,fat
198,97,normal
182,82,normal
131,100,fat
177,76,normal
168,101,fat
147,52,normal
143,49,normal
191,49,thin
191,72,normal
142,35,thin
150,50,normal
156,46,normal
171,112,fat
134,50,fat
156,84,fat
121,55,fat
187,38,thin
150,100,fat
199,97,normal
198,50,thin
169,51,thin
186,45,thin
152,58,fat
129,117,fat
142,94,fat
130,37,normal
133,85,fat
158,118,fat
153,107,fat
149,115,fat
180,102,fat
124,62,fat
122,66,fat
172,112,fat
199,58,thin
171,85,fat
123,104,fat
199,91,normal
199,90,normal
182,96,fat
158,38,thin
163,46,thin
134,115,fat
178,48,thin
158,71,fat
182,50,thin
195,52,thin
168,65,normal
156,63,fat
183,58,thin
167,40,thin
149,76,fat
194,106,fat
139,60,fat
151,44,normal
162,112,fat
176,57,thin
186,38,thin
161,109,fat
161,65,fat
185,102,fat
193,115,fat
199,67,thin
157,114,fat
168,92,fat
155,70,fat
159,86,fat
175,43,thin
195,75,normal
168,74,fat
130,63,fat
126,77,fat
190,51,thin
129,41,normal
135,57,fat
162,114,fat
192,54,thin
197,82,normal
194,80,normal
128,99,fat
174,102,fat
177,67,normal
197,80,normal
190,67,normal
153,104,fat
189,50,thin
135,48,fat
166,78,fat
169,103,fat
198,96,normal
140,45,normal
147,53,normal
147,75,fat
186,115,fat
146,93,fat
125,81,fat
152,94,fat
164,45,thin
198,53,thin
179,75,normal
128,104,fat
153,53,normal
140,43,normal
172,61,normal
135,117,fat
188,92,fat
143,48,normal
198,56,thin
193,87,normal
154,56,normal
133,110,fat
151,67,fat
135,75,fat
192,42,thin
143,100,fat
147,63,fat
138,92,fat
184,119,fat
192,89,normal
152,47,normal
159,94,fat
132,72,fat
158,99,fat
185,61,thin
126,100,fat
166,113,fat
190,103,fat
122,109,fat
160,108,fat
157,97,fat
163,57,normal
191,82,normal
164,55,normal
183,98,fat
155,107,fat
133,41,normal
166,58,normal
193,77,normal
197,77,normal
148,59,fat
182,96,fat
164,68,fat
134,66,fat
196,95,normal
156,41,thin
167,86,fat
146,47,normal
135,65,fat
152,37,thin
139,82,fat
128,90,fat
152,114,fat
166,91,fat
130,74,fat
137,70,fat
157,89,fat
190,112,fat
167,44,thin
173,53,thin
187,51,thin
190,81,normal
187,119,fat
155,53,normal
178,55,thin
192,72,normal
168,39,thin
183,109,fat
182,43,thin
179,75,normal
182,46,thin
172,84,fat
136,117,fat
139,109,fat
164,46,thin
196,45,thin
138,53,fat
188,98,fat
125,72,fat
150,113,fat
124,105,fat
152,50,normal
120,45,fat
186,65,normal
161,48,normal
175,102,fat
164,89,fat
132,39,normal
185,94,fat
195,78,normal
170,40,thin
126,51,fat
192,38,thin
132,40,normal
151,39,thin
184,95,fat
177,99,fat
150,82,fat
142,75,fat
181,101,fat
198,64,thin
174,92,fat
134,71,fat
157,89,fat
125,84,fat
180,84,fat
171,83,fat
197,36,thin
143,104,fat
199,68,thin
148,114,fat
145,92,fat
150,106,fat
149,59,fat
167,79,fat
146,95,fat
184,97,fat
172,107,fat
190,51,thin
123,88,fat
124,52,fat
181,73,normal
189,106,fat
121,66,fat
147,63,fat
190,78,normal
131,89,fat
126,37,normal
127,107,fat
142,117,fat
120,76,fat
150,94,fat
192,95,fat
176,97,fat
159,45,thin
139,117,fat
132,67,fat
125,54,fat
147,46,normal
155,57,normal
146,78,fat
186,91,fat
131,40,normal
169,38,thin
147,50,normal
179,58,thin
189,44,thin
157,117,fat
182,38,thin
125,71,fat
154,49,normal
153,69,fat
191,103,fat
171,57,normal
193,42,thin
132,95,fat
143,36,thin
189,116,fat
151,43,normal
196,72,normal
190,66,thin
160,44,thin
133,112,fat
152,88,fat
154,76,fat
163,56,normal
127,94,fat
160,70,fat
129,70,fat
195,55,thin
135,72,fat
186,83,normal
133,42,normal
123,77,fat
142,43,normal
181,57,thin
163,102,fat
185,60,thin
177,62,normal
156,88,fat
128,118,fat
180,66,normal
142,54,fat
190,77,normal
170,42,thin
154,61,fat
175,57,normal
151,96,fat
159,78,fat
187,57,thin
141,93,fat
139,42,normal
172,36,thin
164,112,fat
179,93,fat
175,84,fat
138,68,fat
195,64,thin
156,74,fat
188,37,thin
190,39,thin
143,115,fat
127,75,fat
146,73,fat
175,61,normal
181,50,thin
135,59,fat
142,110,fat
168,56,normal
122,47,fat
197,61,thin
197,70,thin
142,49,normal
192,41,thin
168,58,normal
170,96,fat
178,51,thin
173,55,thin
181,60,thin
197,99,fat
154,69,fat
186,89,fat
140,67,fat
153,96,fat
152,68,fat
132,93,fat
124,50,fat
159,37,thin
177,77,normal
176,112,fat
190,86,normal
190,55,thin
178,94,fat
186,85,normal
128,105,fat
162,74,fat
164,108,fat
163,75,fat
199,46,thin
142,48,normal
187,43,thin
183,63,normal
127,79,fat
180,73,normal
167,95,fat
162,79,fat
178,35,thin
165,104,fat
131,110,fat
134,57,fat
164,50,normal
122,55,fat
187,86,normal
184,85,fat
157,41,thin
157,39,thin
167,111,fat
147,86,fat
171,100,fat
121,52,fat
194,63,thin
163,115,fat
196,72,normal
134,102,fat
157,81,fat
149,48,normal
161,114,fat
175,78,fat
193,110,fat
187,114,fat
120,85,fat
125,80,fat
177,57,thin
149,81,fat
187,84,normal
164,51,normal
127,87,fat
134,78,fat
151,87,fat
184,113,fat
152,84,fat
152,58,fat
177,119,fat
172,47,thin
132,98,fat
164,80,fat
194,114,fat
177,51,thin
126,72,fat
120,80,fat
167,37,thin
148,36,thin
148,69,fat
169,42,thin
166,72,fat
172,86,fat
124,73,fat
183,113,fat
145,78,fat
166,45,thin
120,94,fat
128,92,fat
154,108,fat
144,96,fat
195,48,thin
137,102,fat
182,100,fat
131,62,fat
185,83,normal
173,45,thin
195,63,thin
178,111,fat
138,76,fat
131,53,fat
167,105,fat
169,55,normal
183,50,thin
189,106,fat
120,79,fat
132,95,fat
132,99,fat
129,71,fat
182,108,fat
172,69,normal
126,101,fat
173,40,thin
174,90,fat
160,89,fat
129,47,fat
151,100,fat
130,105,fat
148,46,normal
123,51,fat
191,89,normal
199,75,normal
159,77,fat
196,116,fat
130,54,fat
151,116,fat
174,59,normal
152,59,fat
132,71,fat
177,81,fat
131,44,fat
191,105,fat
163,108,fat
174,106,fat
152,105,fat
153,44,normal
136,114,fat
172,72,normal
196,98,fat
126,41,fat
183,42,thin
121,79,fat
134,64,fat
196,56,thin
199,52,thin
198,69,thin
159,74,fat
175,111,fat
183,78,normal
196,91,normal
144,49,normal
171,55,normal
185,119,fat
185,39,thin
154,119,fat
135,36,normal
176,89,fat
179,60,normal
195,109,fat
199,66,thin
156,113,fat
160,95,fat
181,37,thin
183,38,thin
148,86,fat
185,44,thin
154,78,fat
190,37,thin
136,37,normal
141,105,fat
162,85,fat
129,74,fat
167,37,thin
124,62,fat
171,78,fat
154,117,fat
161,106,fat
191,46,thin
173,53,thin
138,67,fat
166,113,fat
153,63,fat
132,69,fat
176,108,fat
199,41,thin
127,55,fat
124,93,fat
130,99,fat
191,67,thin
135,104,fat
194,114,fat
178,99,fat
125,44,fat
129,94,fat
150,91,fat
198,78,normal
168,98,fat
180,111,fat
158,42,thin
126,80,fat
145,66,fat
182,88,fat
136,82,fat
154,79,fat
150,94,fat
142,47,normal
193,112,fat
135,100,fat
191,80,normal
129,106,fat
161,107,fat
182,55,thin
132,106,fat
180,57,thin
172,65,normal
172,86,fat
190,100,fat
146,68,fat
161,101,fat
138,105,fat
171,84,fat
123,94,fat
170,100,fat
163,51,normal
156,61,fat
128,103,fat
176,43,thin
174,56,thin
182,111,fat
177,119,fat
142,44,normal
169,51,thin
195,48,thin
163,80,fat
186,78,normal
188,109,fat
195,79,normal
144,100,fat
127,64,fat
182,72,normal
181,51,thin
193,69,normal
150,47,normal
162,116,fat
190,108,fat
155,75,fat
131,75,fat
185,61,thin
187,35,thin
177,79,fat
123,117,fat
135,57,fat
133,100,fat
198,87,normal
158,91,fat
137,37,normal
132,85,fat
165,97,fat
162,86,fat
140,100,fat
131,62,fat
199,72,thin
176,52,thin
169,89,fat
125,100,fat
152,62,fat
138,64,fat
156,97,fat
149,110,fat
175,80,fat
160,49,normal
191,105,fat
129,111,fat
139,70,fat
182,56,thin
148,93,fat
125,68,fat
129,83,fat
183,35,thin
140,92,fat
174,117,fat
167,59,normal
186,80,normal
195,119,fat
181,107,fat
140,81,fat
159,46,thin
191,72,normal
140,103,fat
154,97,fat
143,112,fat
184,110,fat
176,66,normal
141,111,fat
199,46,thin
123,117,fat
195,72,normal
142,59,fat
150,77,fat
198,105,fat
120,84,fat
121,43,fat
192,56,thin
149,67,fat
163,76,fat
199,51,thin
166,53,normal
148,119,fat
191,89,normal
154,89,fat
172,53,thin
137,55,fat
121,44,fat
194,92,normal
194,51,thin
165,84,fat
162,43,thin
155,85,fat
176,76,normal
191,118,fat
194,52,thin
142,113,fat
150,63,fat
162,101,fat
139,63,fat
133,84,fat
190,109,fat
169,60,normal
123,101,fat
129,44,fat
126,102,fat
133,84,fat
164,63,normal
135,71,fat
189,43,thin
153,119,fat
180,102,fat
178,64,normal
182,114,fat
167,92,fat
120,111,fat
179,85,fat
129,109,fat
172,96,fat
182,105,fat
176,67,normal
143,57,fat
137,88,fat
151,90,fat
137,59,fat
139,100,fat
141,87,fat
156,61,fat
199,37,thin
197,55,thin
130,83,fat
143,68,fat
157,110,fat
173,96,fat
153,81,fat
184,88,fat
138,74,fat
170,53,thin
132,118,fat
167,87,fat
131,61,fat
146,97,fat
174,69,normal
153,115,fat
155,45,normal
122,98,fat
127,94,fat
193,69,normal
130,87,fat
183,66,normal
167,99,fat
188,96,fat
167,48,thin
186,100,fat
180,70,normal
122,75,fat
140,106,fat
148,42,normal
189,39,thin
153,54,normal
177,91,fat
134,61,fat
148,37,thin
149,70,fat
176,65,normal
133,68,fat
146,91,fat
141,55,fat
187,61,thin
157,71,fat
152,112,fat
130,40,normal
145,92,fat
185,68,normal
146,53,normal
185,119,fat
169,86,fat
194,42,thin
155,95,fat
184,106,fat
191,42,thin
160,66,fat
147,61,fat
177,117,fat
199,56,thin
182,82,normal
194,80,normal
187,38,thin
150,83,fat
178,70,normal
177,66,normal
158,37,thin
169,61,normal
169,44,thin
188,81,normal
122,85,fat
161,95,fat
140,92,fat
191,38,thin
199,105,fat
127,87,fat
183,113,fat
155,83,fat
178,117,fat
195,59,thin
160,35,thin
138,113,fat
135,43,normal
170,37,thin
190,106,fat
188,65,thin
143,97,fat
138,49,fat
165,84,fat
197,64,thin
126,61,fat
180,71,normal
153,46,normal
174,60,normal
128,36,normal
125,51,fat
122,111,fat
193,51,thin
156,45,thin
145,70,fat
179,68,normal
178,79,normal
145,115,fat
173,118,fat
192,92,normal
139,113,fat
125,80,fat
184,119,fat
150,57,fat
172,64,normal
162,78,fat
189,38,thin
153,115,fat
123,102,fat
148,100,fat
147,102,fat
198,102,fat
199,45,thin
182,59,thin
144,58,fat
122,73,fat
127,95,fat
120,41,fat
190,94,fat
178,97,fat
187,102,fat
155,53,normal
164,112,fat
171,80,fat
135,65,fat
138,114,fat
195,74,normal
198,51,thin
151,98,fat
168,52,thin
135,97,fat
129,96,fat
170,60,normal
142,70,fat
145,48,normal
149,42,normal
135,106,fat
143,71,fat
139,54,fat
194,51,thin
195,65,thin
135,65,fat
142,87,fat
184,76,normal
192,44,thin
188,72,normal
141,61,fat
149,69,fat
196,117,fat
159,101,fat
127,61,fat
169,97,fat
194,102,fat
173,118,fat
130,51,fat
170,101,fat
131,90,fat
191,45,thin
133,87,fat
127,49,fat
149,90,fat
195,72,normal
127,47,fat
122,119,fat
152,54,normal
128,35,normal
176,93,fat
162,75,fat
124,67,fat
194,58,thin
197,93,normal
165,114,fat
152,109,fat
142,94,fat
186,72,normal
149,97,fat
148,92,fat
185,41,thin
197,84,normal
191,110,fat
154,74,fat
196,92,normal
156,91,fat
154,72,fat
172,85,fat
173,116,fat
134,94,fat
183,37,thin
164,44,thin
193,102,fat
151,47,normal
165,56,normal
199,50,thin
176,117,fat
142,79,fat
185,107,fat
169,55,normal
162,60,normal
170,63,normal
134,113,fat
138,105,fat
161,111,fat
186,51,thin
192,37,thin
173,103,fat
184,101,fat
161,119,fat
156,106,fat
172,47,thin
125,118,fat
141,86,fat
171,87,fat
131,94,fat
192,114,fat
155,106,fat
132,118,fat
125,59,fat
133,50,fat
150,74,fat
136,84,fat
149,92,fat
150,99,fat
140,104,fat
132,82,fat
126,47,fat
142,89,fat
182,86,fat
165,54,normal
166,44,thin
174,113,fat
151,85,fat
171,79,fat
147,61,fat
179,90,fat
149,48,normal
191,106,fat
144,61,fat
164,37,thin
173,119,fat
128,49,fat
165,54,normal
198,63,thin
136,102,fat
199,41,thin
138,55,fat
148,40,thin
153,39,thin
138,60,fat
152,67,fat
123,41,fat
183,84,fat
136,95,fat
196,109,fat
174,80,fat
134,91,fat
125,81,fat
196,83,normal
149,37,thin
194,57,thin
121,83,fat
142,69,fat
142,58,fat
166,103,fat
189,69,normal
154,79,fat
158,37,thin
130,119,fat
176,96,fat
143,79,fat
161,116,fat
186,93,fat
180,42,thin
188,65,thin
167,116,fat
138,41,normal
148,58,fat
122,106,fat
121,79,fat
125,35,normal
184,48,thin
133,71,fat
188,76,normal
168,118,fat
174,115,fat
159,59,normal
163,87,fat
130,100,fat
137,38,normal
157,113,fat
140,55,fat
136,55,fat
149,73,fat
155,35,thin
194,107,fat
194,118,fat
159,45,thin
175,92,fat
138,102,fat
127,61,fat
157,37,thin
126,105,fat
151,57,normal
186,94,fat
135,48,fat
151,41,thin
189,67,normal
195,63,thin
163,88,fat
162,115,fat
168,62,normal
128,110,fat
187,104,fat
138,38,normal
137,91,fat
164,60,normal
178,95,fat
121,65,fat
150,106,fat
180,50,thin
157,44,thin
161,76,fat
150,62,fat
170,56,normal
170,57,normal
143,53,fat
189,57,thin
131,114,fat
157,69,fat
167,108,fat
192,62,thin
199,112,fat
171,59,normal
176,79,fat
167,118,fat
135,76,fat
178,112,fat
160,51,normal
126,63,fat
125,52,fat
174,64,normal
187,96,fat
151,78,fat
145,45,normal
182,77,normal
180,115,fat
155,108,fat
163,58,normal
159,43,thin
155,38,thin
151,63,fat
168,84,fat
167,97,fat
188,42,thin
148,108,fat
131,104,fat
168,112,fat
181,59,thin
181,92,fat
186,111,fat
160,65,fat
185,90,fat
155,77,fat
126,72,fat
150,110,fat
141,71,fat
175,86,fat
185,69,normal
167,46,thin
162,67,fat
186,47,thin
192,58,thin
165,56,normal
199,91,normal
152,50,normal
176,104,fat
170,66,normal
191,57,thin
132,91,fat
130,50,fat
169,103,fat
137,94,fat
164,42,thin
153,49,normal
141,85,fat
148,48,normal
168,46,thin
125,97,fat
145,55,fat
176,90,fat
155,104,fat
132,83,fat
152,112,fat
170,55,normal
128,99,fat
199,65,thin
188,95,fat
166,59,normal
170,40,thin
174,71,normal
145,112,fat
148,92,fat
186,62,thin
194,102,fat
187,98,fat
150,86,fat
196,111,fat
177,39,thin
131,68,fat
198,52,thin
144,73,fat
188,83,normal
152,53,normal
167,51,thin
171,80,fat
137,72,fat
147,71,fat
176,45,thin
178,45,thin
197,84,normal
170,75,fat
192,92,normal
130,119,fat
175,96,fat
164,75,fat
151,109,fat
158,78,fat
189,113,fat
169,117,fat
171,71,normal
183,57,thin
133,54,fat
193,100,fat
132,85,fat
155,95,fat
133,88,fat
178,40,thin
174,71,normal
158,80,fat
151,99,fat
162,82,fat
187,77,normal
158,85,fat
162,66,fat
158,68,fat
165,110,fat
135,113,fat
162,71,fat
148,85,fat
149,61,fat
193,110,fat
135,51,fat
162,84,fat
159,40,thin
133,97,fat
145,62,fat
121,62,fat
147,97,fat
150,40,thin
122,90,fat
145,36,thin
189,110,fat
156,94,fat
191,56,thin
132,80,fat
189,90,fat
131,52,fat
161,86,fat
137,109,fat
162,47,thin
126,66,fat
179,68,normal
161,37,thin
123,113,fat
172,73,normal
130,52,fat
170,76,fat
147,101,fat
140,64,fat
170,60,normal
170,39,thin
181,63,normal
188,62,thin
153,45,normal
144,66,fat
158,66,fat
162,58,normal
132,44,fat
174,90,fat
196,83,normal
183,104,fat
153,109,fat
121,59,fat
180,63,normal
140,116,fat
153,98,fat
171,63,normal
151,97,fat
149,42,normal
123,73,fat
186,104,fat
189,69,normal
158,92,fat
132,92,fat
132,105,fat
123,72,fat
175,73,normal
190,94,fat
175,52,thin
179,109,fat
149,102,fat
144,109,fat
148,79,fat
182,85,fat
180,69,normal
136,94,fat
139,56,fat
197,105,fat
152,40,thin
143,105,fat
164,57,normal
134,81,fat
130,58,fat
162,97,fat
175,49,thin
160,39,thin
182,119,fat
151,101,fat
145,39,normal
144,56,fat
183,62,normal
125,112,fat
168,49,thin
180,96,fat
147,87,fat
199,64,thin
123,39,fat
152,79,fat
138,78,fat
197,64,thin
159,87,fat
124,52,fat
162,61,normal
176,104,fat
138,99,fat
157,35,thin
193,35,thin
137,91,fat
124,86,fat
140,58,fat
178,112,fat
181,82,fat
147,45,normal
131,96,fat
139,103,fat
169,95,fat
147,37,thin
131,111,fat
186,49,thin
198,74,normal
134,115,fat
191,47,thin
158,84,fat
168,35,thin
120,81,fat
184,98,fat
163,76,fat
196,112,fat
138,89,fat
147,38,thin
136,119,fat
132,42,normal
160,43,thin
190,52,thin
152,111,fat
123,36,normal
135,49,fat
144,117,fat
168,47,thin
168,69,normal
181,49,thin
199,57,thin
144,107,fat
139,47,normal
173,82,fat
138,107,fat
158,106,fat
130,111,fat
198,82,normal
163,69,fat
131,107,fat
190,56,thin
130,106,fat
125,71,fat
125,104,fat
123,111,fat
146,114,fat
185,93,fat
168,76,fat
186,80,normal
158,71,fat
154,91,fat
187,36,thin
191,38,thin
180,106,fat
144,73,fat
180,91,fat
148,85,fat
178,44,thin
122,108,fat
136,101,fat
190,79,normal
179,79,normal
134,39,normal
192,91,normal
161,114,fat
156,85,fat
185,109,fat
193,44,thin
174,98,fat
189,93,fat
155,35,thin
188,76,normal
173,117,fat
178,93,fat
149,91,fat
148,88,fat
126,62,fat
123,38,fat
163,35,thin
132,81,fat
172,78,fat
135,107,fat
140,102,fat
181,43,thin
145,103,fat
176,54,thin
161,100,fat
168,55,normal
183,115,fat
124,112,fat
186,68,normal
169,95,fat
187,104,fat
159,108,fat
184,42,thin
190,63,thin
171,74,fat
157,102,fat
191,36,thin
120,43,fat
189,84,normal
132,42,normal
199,82,normal
158,69,fat
141,54,fat
140,77,fat
139,110,fat
139,99,fat
151,60,fat
159,35,thin
132,36,normal
129,58,fat
122,91,fat
165,107,fat
139,98,fat
158,62,normal
190,59,thin
195,65,thin
137,93,fat
160,102,fat
171,60,normal
197,79,normal
195,101,fat
129,114,fat
150,62,fat
145,73,fat
155,119,fat
128,75,fat
122,39,fat
136,80,fat
191,104,fat
124,104,fat
142,48,normal
156,70,fat
189,87,normal
197,58,thin
131,114,fat
175,93,fat
165,60,normal
125,70,fat
148,83,fat
129,46,fat
169,104,fat
132,99,fat
149,95,fat
168,117,fat
152,58,fat
175,83,fat
154,82,fat
186,57,thin
170,102,fat
189,59,thin
175,82,fat
183,42,thin
166,77,fat
129,79,fat
162,48,thin
150,109,fat
148,83,fat
138,66,fat
174,44,thin
190,47,thin
172,40,thin
133,87,fat
185,66,normal
128,36,normal
185,47,thin
178,72,normal
170,79,fat
180,48,thin
165,56,normal
159,48,normal
181,86,fat
140,79,fat
133,73,fat
182,60,thin
176,83,fat
151,41,thin
187,103,fat
177,61,normal
157,52,normal
135,75,fat
181,98,fat
168,39,thin
133,78,fat
135,53,fat
196,37,thin
146,58,fat
163,59,normal
179,72,normal
156,56,normal
163,69,fat
157,105,fat
143,46,normal
191,43,thin
187,42,thin
146,107,fat
146,60,fat
160,51,normal
125,53,fat
191,86,normal
130,99,fat
194,61,thin
126,44,fat
183,107,fat
141,88,fat
176,92,fat
188,109,fat
167,63,normal
161,108,fat
143,60,fat
161,88,fat
186,35,thin
193,94,fat
189,111,fat
182,106,fat
158,56,normal
162,104,fat
150,91,fat
190,95,fat
195,65,thin
160,114,fat
171,87,fat
173,102,fat
178,61,normal
147,50,normal
188,55,thin
182,105,fat
129,90,fat
193,82,normal
123,62,fat
173,113,fat
124,83,fat
187,95,fat
191,99,fat
193,47,thin
160,101,fat
150,106,fat
178,41,thin
140,63,fat
130,43,fat
122,66,fat
167,50,thin
155,105,fat
136,50,fat
196,62,thin
125,69,fat
162,91,fat
183,42,thin
185,46,thin
136,63,fat
132,104,fat
180,62,normal
176,81,fat
139,40,normal
135,74,fat
123,83,fat
174,101,fat
190,106,fat
151,73,fat
160,104,fat
159,113,fat
147,80,fat
175,96,fat
182,115,fat
194,75,normal
135,101,fat
174,113,fat
174,38,thin
138,92,fat
138,62,fat
121,50,fat
126,48,fat
138,50,fat
149,74,fat
156,110,fat
157,109,fat
128,108,fat
158,46,thin
165,102,fat
159,117,fat
127,72,fat
173,66,normal
134,110,fat
182,100,fat
136,56,fat
192,64,thin
134,95,fat
170,114,fat
143,106,fat
197,38,thin
166,87,fat
131,95,fat
148,116,fat
198,117,fat
128,51,fat
125,90,fat
161,84,fat
180,97,fat
172,64,normal
145,72,fat
149,100,fat
152,59,fat
173,43,thin
120,79,fat
133,70,fat
196,89,normal
142,75,fat
144,106,fat
156,59,normal
132,105,fat
195,45,thin
125,118,fat
138,68,fat
189,48,thin
159,110,fat
154,106,fat
188,87,normal
143,108,fat
128,42,fat
126,67,fat
151,40,thin
184,98,fat
171,41,thin
136,79,fat
148,104,fat
198,80,normal
136,57,fat
121,117,fat
170,91,fat
135,117,fat
173,46,thin
171,63,normal
135,73,fat
188,105,fat
142,45,normal
198,88,normal
165,55,normal
125,93,fat
194,68,thin
139,118,fat
132,109,fat
122,39,fat
180,84,fat
144,51,normal
183,55,thin
162,113,fat
121,103,fat
142,88,fat
186,90,fat
150,79,fat
197,118,fat
187,70,normal
192,81,normal
142,70,fat
187,117,fat
134,79,fat
122,35,normal
163,110,fat
138,107,fat
181,102,fat
195,68,thin
151,115,fat
165,116,fat
167,79,fat
156,82,fat
140,49,fat
182,49,thin
136,90,fat
171,110,fat
193,115,fat
121,66,fat
189,36,thin
139,73,fat
155,94,fat
120,87,fat
137,44,normal
175,80,fat
125,98,fat
164,49,thin
186,81,normal
156,113,fat
152,91,fat
166,103,fat
160,39,thin
188,58,thin
182,118,fat
172,80,fat
148,118,fat
132,108,fat
160,118,fat
139,68,fat
147,69,fat
171,81,fat
122,114,fat
159,83,fat
143,107,fat
185,60,thin
134,113,fat
149,92,fat
176,113,fat
167,62,normal
169,107,fat
155,36,thin
149,49,normal
188,113,fat
191,48,thin
176,107,fat
192,115,fat
124,112,fat
199,62,thin
157,98,fat
150,36,thin
195,97,fat
132,97,fat
131,95,fat
172,93,fat
184,101,fat
144,59,fat
143,71,fat
193,86,normal
123,57,fat
131,69,fat
191,89,normal
157,39,thin
192,51,thin
197,92,normal
186,106,fat
188,73,normal
184,43,thin
167,43,thin
178,60,normal
178,87,fat
178,92,fat
150,111,fat
158,44,thin
183,114,fat
132,35,normal
143,47,normal
198,72,thin
155,95,fat
178,94,fat
190,117,fat
154,54,normal
158,109,fat
197,36,thin
159,67,fat
122,47,fat
195,54,thin
190,53,thin
186,95,fat
149,64,fat
157,62,fat
182,72,normal
125,48,fat
185,61,thin
194,119,fat
158,116,fat
181,55,thin
143,49,normal
186,69,normal
137,75,fat
193,106,fat
140,56,fat
158,94,fat
134,53,fat
172,98,fat
154,62,fat
180,53,thin
165,81,fat
199,69,thin
140,116,fat
160,43,thin
179,93,fat
171,68,normal
139,49,fat
193,72,normal
199,37,thin
191,109,fat
181,58,thin
186,64,thin
172,114,fat
163,107,fat
151,47,normal
132,76,fat
136,66,fat
163,111,fat
165,88,fat
190,77,normal
177,86,fat
150,40,thin
187,63,thin
177,73,normal
149,64,fat
182,48,thin
147,89,fat
142,69,fat
182,113,fat
195,65,thin
139,76,fat
160,73,fat
149,72,fat
192,61,thin
189,75,normal
195,97,fat
168,94,fat
198,59,thin
144,44,normal
192,40,thin
122,104,fat
155,67,fat
147,45,normal
194,101,fat
196,67,thin
123,57,fat
164,87,fat
129,94,fat
155,93,fat
172,99,fat
195,78,normal
127,88,fat
186,109,fat
194,118,fat
159,64,fat
195,97,fat
190,118,fat
139,38,normal
151,63,fat
179,75,normal
172,45,thin
150,45,normal
184,36,thin
140,87,fat
143,110,fat
172,117,fat
194,116,fat
175,89,fat
151,48,normal
151,57,normal
193,80,normal
197,96,normal
156,104,fat
134,42,normal
163,76,fat
177,69,normal
138,90,fat
122,77,fat
163,115,fat
171,112,fat
132,110,fat
194,106,fat
180,92,fat
161,106,fat
147,72,fat
168,72,fat
176,80,fat
184,101,fat
146,62,fat
157,56,normal
140,111,fat
183,45,thin
143,54,fat
122,93,fat
172,88,fat
188,57,thin
130,94,fat
164,119,fat
179,70,normal
179,109,fat
124,119,fat
131,82,fat
161,35,thin
151,48,normal
190,102,fat
161,68,fat
123,57,fat
127,49,fat
152,97,fat
168,115,fat
144,44,normal
164,104,fat
134,61,fat
170,39,thin
163,111,fat
134,68,fat
193,73,normal
171,109,fat
195,95,normal
175,62,normal
178,47,thin
192,37,thin
184,50,thin
120,109,fat
148,100,fat
128,61,fat
132,60,fat
120,61,fat
135,98,fat
171,58,normal
134,80,fat
195,37,thin
156,92,fat
196,41,thin
174,113,fat
156,35,thin
178,64,normal
127,74,fat
134,51,fat
168,93,fat
196,109,fat
178,117,fat
180,83,fat
197,105,fat
128,105,fat
146,62,fat
134,99,fat
191,39,thin
197,70,thin
177,47,thin
171,56,normal
190,58,thin
155,64,fat
177,116,fat
133,100,fat
194,82,normal
176,56,thin
168,67,normal
137,40,normal
169,95,fat
135,84,fat
122,45,fat
182,38,thin
145,57,fat
126,112,fat
134,119,fat
125,100,fat
131,104,fat
186,57,thin
167,104,fat
195,47,thin
154,113,fat
131,76,fat
196,51,thin
154,84,fat
171,102,fat
148,73,fat
193,40,thin
171,63,normal
168,90,fat
181,88,fat
190,83,normal
137,69,fat
152,60,fat
194,62,thin
186,75,normal
133,103,fat
136,91,fat
137,93,fat
158,107,fat
126,38,normal
164,39,thin
195,76,normal
195,86,normal
172,37,thin
137,77,fat
170,117,fat
153,78,fat
174,115,fat
132,118,fat
146,58,fat
178,62,normal
188,118,fat
133,52,fat
187,46,thin
199,97,normal
135,47,fat
142,47,normal
127,110,fat
127,56,fat
128,66,fat
125,85,fat
157,44,thin
130,63,fat
183,95,fat
164,96,fat
147,38,thin
159,85,fat
141,90,fat
176,89,fat
139,41,normal
189,106,fat
197,74,normal
125,36,normal
179,58,thin
178,71,normal
135,118,fat
178,40,thin
174,62,normal
185,75,normal
121,94,fat
159,67,fat
182,80,normal
133,99,fat
195,68,thin
173,45,thin
133,77,fat
164,82,fat
169,102,fat
132,71,fat
152,94,fat
164,76,fat
162,38,thin
121,56,fat
189,43,thin
193,95,fat
170,35,thin
175,52,thin
153,53,normal
172,57,normal
151,80,fat
199,82,normal
173,79,fat
159,38,thin
123,101,fat
162,40,thin
179,49,thin
194,51,thin
141,85,fat
145,68,fat
155,101,fat
131,99,fat
155,83,fat
172,74,fat
182,51,thin
165,73,fat
146,36,thin
165,109,fat
135,73,fat
154,60,fat
179,95,fat
194,71,normal
163,116,fat
144,101,fat
124,119,fat
147,113,fat
168,89,fat
150,97,fat
166,112,fat
181,43,thin
176,43,thin
149,59,fat
145,102,fat
140,84,fat
134,53,fat
150,86,fat
199,119,fat
177,44,thin
162,39,thin
169,40,thin
151,95,fat
155,63,fat
164,78,fat
173,115,fat
153,77,fat
122,98,fat
197,97,normal
125,50,fat
147,102,fat
151,92,fat
135,58,fat
188,89,fat
147,94,fat
167,45,thin
173,101,fat
189,35,thin
158,98,fat
135,60,fat
182,69,normal
141,43,normal
184,71,normal
135,109,fat
186,46,thin
147,41,normal
131,105,fat
160,90,fat
159,36,thin
181,97,fat
188,115,fat
133,110,fat
190,97,fat
124,52,fat
196,43,thin
168,50,thin
147,43,normal
192,88,normal
127,108,fat
199,88,normal
184,70,normal
179,36,thin
121,112,fat
139,37,normal
190,80,normal
196,86,normal
175,59,normal
131,36,normal
187,37,thin
123,55,fat
151,72,fat
181,86,fat
167,115,fat
138,72,fat
178,67,normal
156,117,fat
173,90,fat
198,118,fat
127,103,fat
153,84,fat
161,74,fat
151,89,fat
130,52,fat
186,108,fat
183,40,thin
129,53,fat
182,68,normal
197,53,thin
132,108,fat
172,90,fat
133,112,fat
124,105,fat
190,68,normal
125,37,normal
176,55,thin
182,50,thin
198,108,fat
127,73,fat
130,75,fat
151,64,fat
186,91,fat
134,117,fat
154,64,fat
160,89,fat
141,66,fat
182,40,thin
132,56,fat
124,40,fat
177,108,fat
198,50,thin
144,36,thin
143,56,fat
176,61,normal
123,110,fat
128,113,fat
160,43,thin
176,75,normal
128,43,fat
196,76,normal
163,45,thin
192,82,normal
135,103,fat
156,73,fat
190,46,thin
173,107,fat
134,67,fat
146,102,fat
143,86,fat
157,50,normal
156,60,normal
160,80,fat
199,103,fat
185,92,fat
127,81,fat
190,73,normal
169,61,normal
120,89,fat
141,112,fat
187,70,normal
186,82,normal
129,80,fat
162,50,normal
126,50,fat
184,100,fat
181,64,normal
163,76,fat
186,35,thin
125,112,fat
152,74,fat
128,105,fat
159,36,thin
125,102,fat
123,107,fat
143,108,fat
156,45,thin
176,79,fat
177,42,thin
134,69,fat
184,77,normal
176,55,thin
175,105,fat
163,79,fat
192,79,normal
171,67,normal
189,58,thin
194,43,thin
142,93,fat
149,118,fat
191,55,thin
147,100,fat
150,60,fat
131,62,fat
142,59,fat
179,36,thin
177,82,fat
141,109,fat
133,42,normal
180,80,normal
144,118,fat
182,88,fat
166,56,normal
168,48,thin
199,51,thin
146,43,normal
149,109,fat
150,76,fat
177,76,normal
144,42,normal
179,67,normal
153,64,fat
123,83,fat
175,40,thin
145,96,fat
159,75,fat
126,81,fat
137,66,fat
145,53,fat
172,86,fat
186,48,thin
195,109,fat
144,44,normal
137,100,fat
157,61,normal
139,43,normal
170,42,thin
198,93,normal
169,87,fat
162,110,fat
164,79,fat
184,93,fat
162,91,fat
174,107,fat
198,69,thin
176,81,fat
125,118,fat
188,50,thin
121,61,fat
158,36,thin
175,65,normal
186,87,fat
136,49,fat
182,67,normal
189,67,normal
168,78,fat
125,108,fat
195,42,thin
136,88,fat
177,79,fat
164,95,fat
155,60,normal
156,101,fat
161,36,thin
166,60,normal
184,98,fat
145,61,fat
176,113,fat
198,71,thin
198,119,fat
143,48,normal
132,101,fat
129,52,fat
154,75,fat
124,96,fat
150,70,fat
145,112,fat
174,68,normal
124,63,fat
121,36,normal
163,101,fat
163,44,thin
129,79,fat
171,45,thin
127,119,fat
141,87,fat
164,47,thin
130,105,fat
167,54,normal
162,80,fat
183,39,thin
148,105,fat
149,38,thin
158,102,fat
158,100,fat
199,119,fat
198,44,thin
177,99,fat
138,46,normal
165,102,fat
146,56,fat
176,69,normal
140,75,fat
183,45,thin
145,44,normal
150,71,fat
156,83,fat
131,85,fat
181,60,thin
133,39,normal
125,89,fat
149,81,fat
137,117,fat
183,43,thin
188,102,fat
157,89,fat
183,93,fat
145,66,fat
182,38,thin
122,110,fat
155,68,fat
177,53,thin
157,103,fat
184,47,thin
150,51,normal
159,106,fat
180,43,thin
180,57,thin
161,57,normal
146,79,fat
181,87,fat
177,87,fat
195,113,fat
135,48,fat
181,112,fat
169,103,fat
183,80,normal
168,111,fat
173,39,thin
123,95,fat
179,111,fat
154,54,normal
192,51,thin
136,112,fat
151,112,fat
169,117,fat
125,37,normal
157,85,fat
174,57,normal
122,48,fat
121,97,fat
129,58,fat
179,62,normal
129,67,fat
172,90,fat
172,106,fat
140,37,normal
171,106,fat
181,68,normal
180,72,normal
124,90,fat
172,39,thin
121,82,fat
178,59,normal
182,119,fat
187,115,fat
143,46,normal
134,110,fat
188,70,normal
165,87,fat
199,75,normal
171,83,fat
153,69,fat
195,41,thin
151,43,normal
173,69,normal
185,45,thin
199,52,thin
198,66,thin
120,84,fat
172,116,fat
131,67,fat
146,64,fat
164,75,fat
189,70,normal
154,56,normal
141,73,fat
158,64,fat
173,93,fat
124,46,fat
169,107,fat
164,68,fat
141,38,normal
148,53,normal
183,87,fat
198,98,normal
198,37,thin
179,86,fat
190,114,fat
133,72,fat
175,110,fat
170,111,fat
156,118,fat
122,50,fat
166,71,fat
161,117,fat
183,80,normal
172,104,fat
144,113,fat
159,68,fat
127,76,fat
160,79,fat
134,79,fat
138,119,fat
143,86,fat
160,50,normal
192,113,fat
155,78,fat
155,38,thin
171,42,thin
176,88,fat
145,43,normal
122,69,fat
127,48,fat
174,55,thin
138,84,fat
139,119,fat
152,60,fat
167,44,thin
133,111,fat
143,66,fat
184,46,thin
142,54,fat
161,94,fat
184,48,thin
141,64,fat
177,48,thin
172,84,fat
181,49,thin
152,36,thin
144,105,fat
147,68,fat
176,38,thin
156,96,fat
173,40,thin
171,82,fat
162,48,thin
147,102,fat
148,58,fat
128,105,fat
138,114,fat
144,104,fat
165,53,normal
185,37,thin
120,36,normal
186,57,thin
155,99,fat
177,94,fat
139,101,fat
157,112,fat
192,119,fat
120,59,fat
126,106,fat
138,104,fat
137,99,fat
135,49,fat
171,108,fat
170,107,fat
169,63,normal
152,98,fat
181,93,fat
144,89,fat
182,89,fat
159,37,thin
199,60,thin
130,84,fat
194,76,normal
144,65,fat
154,60,fat
131,71,fat
183,53,thin
145,57,fat
142,41,normal
156,73,fat
140,81,fat
196,89,normal
174,103,fat
148,103,fat
164,101,fat
138,113,fat
185,66,normal
188,106,fat
145,97,fat
191,50,thin
192,64,thin
152,66,fat
174,54,thin
152,61,fat
129,85,fat
162,71,fat
141,60,fat
166,91,fat
166,50,thin
131,49,fat
157,42,thin
150,46,normal
194,55,thin
155,89,fat
161,107,fat
137,75,fat
156,114,fat
122,92,fat
136,35,normal
152,48,normal
178,43,thin
166,85,fat
187,66,normal
172,72,normal
147,43,normal
158,65,fat
172,60,normal
186,90,fat
195,102,fat
144,97,fat
173,93,fat
189,35,thin
130,85,fat
133,100,fat
179,110,fat
183,110,fat
153,95,fat
189,117,fat
160,98,fat
167,62,normal
152,111,fat
146,82,fat
129,36,normal
137,101,fat
175,56,thin
197,58,thin
146,106,fat
171,48,thin
163,41,thin
136,114,fat
196,60,thin
172,114,fat
125,59,fat
150,76,fat
135,78,fat
123,93,fat
141,37,normal
171,66,normal
161,39,thin
137,107,fat
164,108,fat
171,67,normal
177,90,fat
132,41,normal
192,81,normal
194,97,fat
136,108,fat
143,101,fat
124,54,fat
140,112,fat
172,56,normal
123,99,fat
159,106,fat
129,112,fat
154,73,fat
125,97,fat
125,101,fat
172,84,fat
146,77,fat
177,81,fat
178,89,fat
132,118,fat
169,99,fat
121,116,fat
192,116,fat
135,81,fat
143,43,normal
191,86,normal
156,112,fat
176,114,fat
176,64,normal
186,115,fat
141,48,normal
152,59,fat
162,103,fat
195,77,normal
184,89,fat
177,69,normal
134,92,fat
135,61,fat
175,111,fat
132,63,fat
185,52,thin
149,41,thin
146,83,fat
180,38,thin
156,78,fat
126,43,fat
158,38,thin
155,105,fat
182,77,normal
131,83,fat
165,75,fat
162,67,fat
137,39,normal
131,110,fat
136,85,fat
151,42,thin
189,80,normal
176,59,normal
179,38,thin
199,74,normal
144,53,fat
180,108,fat
183,72,normal
189,78,normal
168,82,fat
181,44,thin
152,108,fat
125,87,fat
161,119,fat
193,75,normal
148,66,fat
148,70,fat
151,115,fat
192,93,fat
160,81,fat
153,70,fat
190,114,fat
165,40,thin
135,118,fat
165,85,fat
158,96,fat
192,119,fat
157,70,fat
191,100,fat
164,116,fat
190,90,normal
160,64,normal
193,72,normal
146,70,fat
151,75,fat
194,117,fat
150,62,fat
131,112,fat
139,51,fat
139,84,fat
193,108,fat
191,99,fat
121,87,fat
157,60,normal
183,64,normal
199,84,normal
171,42,thin
186,42,thin
141,111,fat
196,108,fat
168,35,thin
153,53,normal
179,55,thin
142,55,fat
160,90,fat
151,62,fat
182,114,fat
149,43,normal
164,38,thin
128,90,fat
197,60,thin
138,88,fat
121,82,fat
141,69,fat
192,75,normal
132,40,normal
179,59,thin
122,115,fat
150,106,fat
186,76,normal
196,49,thin
157,63,fat
192,76,normal
157,43,thin
167,77,fat
120,71,fat
138,77,fat
179,35,thin
132,82,fat
136,101,fat
137,51,fat
165,49,thin
163,108,fat
137,84,fat
138,118,fat
160,116,fat
172,46,thin
132,52,fat
181,112,fat
149,62,fat
125,68,fat
186,115,fat
157,101,fat
145,61,fat
159,71,fat
148,89,fat
148,100,fat
144,59,fat
152,38,thin
173,52,thin
157,87,fat
165,38,thin
184,69,normal
158,102,fat
154,35,thin
188,53,thin
154,58,normal
151,94,fat
155,83,fat
167,99,fat
120,36,normal
173,113,fat
125,56,fat
178,102,fat
135,35,normal
176,102,fat
182,52,thin
151,60,fat
182,83,fat
133,99,fat
180,84,fat
127,65,fat
168,61,normal
147,76,fat
131,62,fat
176,76,normal
147,91,fat
149,75,fat
183,63,normal
128,66,fat
144,44,normal
120,70,fat
120,82,fat
158,42,thin
184,37,thin
129,60,fat
193,76,normal
177,91,fat
195,108,fat
182,96,fat
172,64,normal
178,62,normal
174,61,normal
162,93,fat
143,82,fat
134,36,normal
140,95,fat
161,69,fat
185,92,fat
139,39,normal
187,103,fat
175,106,fat
139,62,fat
134,75,fat
164,50,normal
152,92,fat
161,35,thin
174,87,fat
183,105,fat
147,96,fat
151,40,thin
149,92,fat
174,56,thin
164,96,fat
151,103,fat
150,98,fat
131,46,fat
183,71,normal
146,77,fat
128,46,fat
165,45,thin
197,92,normal
120,54,fat
138,39,normal
166,99,fat
184,107,fat
140,76,fat
120,96,fat
195,35,thin
133,113,fat
166,58,normal
147,68,fat
157,88,fat
160,53,normal
124,88,fat
188,80,normal
157,104,fat
148,88,fat
122,104,fat
171,61,normal
134,76,fat
158,67,fat
196,113,fat
157,82,fat
132,112,fat
180,48,thin
176,65,normal
168,47,thin
195,90,normal
129,105,fat
150,112,fat
130,77,fat
133,116,fat
127,91,fat
185,42,thin
190,78,normal
165,64,normal
155,114,fat
140,78,fat
123,40,fat
121,102,fat
162,110,fat
133,84,fat
124,68,fat
160,116,fat
194,114,fat
136,93,fat
169,100,fat
134,73,fat
166,72,fat
130,110,fat
188,45,thin
121,108,fat
143,105,fat
133,73,fat
157,60,normal
124,98,fat
172,81,fat
184,66,normal
161,46,thin
177,99,fat
154,38,thin
154,65,fat
128,92,fat
148,105,fat
186,113,fat
141,36,thin
188,51,thin
133,64,fat
161,37,thin
180,111,fat
175,42,thin
170,40,thin
141,66,fat
193,98,fat
160,82,fat
158,88,fat
197,64,thin
127,38,normal
138,64,fat
145,42,normal
159,65,fat
195,39,thin
126,106,fat
134,92,fat
148,115,fat
196,95,normal
130,74,fat
121,114,fat
126,75,fat
192,104,fat
197,106,fat
189,41,thin
121,51,fat
143,111,fat
163,96,fat
123,70,fat
145,97,fat
167,103,fat
179,56,thin
125,63,fat
132,87,fat
158,95,fat
194,73,normal
130,116,fat
142,77,fat
192,110,fat
145,38,thin
145,67,fat
148,37,thin
155,71,fat
193,52,thin
199,41,thin
183,87,fat
163,68,fat
122,104,fat
150,61,fat
144,116,fat
145,112,fat
162,54,normal
198,108,fat
141,103,fat
158,50,normal
132,88,fat
136,87,fat
124,105,fat
127,60,fat
161,103,fat
125,38,normal
123,77,fat
141,84,fat
169,60,normal
141,74,fat
145,77,fat
164,94,fat
180,85,fat
142,80,fat
171,86,fat
144,92,fat
156,50,normal
126,37,normal
161,113,fat
143,42,normal
177,60,normal
127,64,fat
191,67,thin
170,110,fat
162,82,fat
185,69,normal
198,83,normal
150,106,fat
164,66,normal
183,90,fat
189,37,thin
125,43,fat
121,116,fat
130,40,normal
134,48,fat
174,60,normal
157,79,fat
181,119,fat
136,73,fat
147,98,fat
127,100,fat
165,102,fat
170,39,thin
179,71,normal
136,43,normal
136,56,fat
123,80,fat
124,46,fat
132,47,fat
178,86,fat
135,53,fat
191,56,thin
196,71,thin
183,111,fat
120,116,fat
129,41,normal
143,71,fat
136,47,fat
135,82,fat
186,94,fat
137,53,fat
150,47,normal
195,46,thin
141,84,fat
192,63,thin
193,99,fat
158,67,fat
144,81,fat
172,59,normal
163,98,fat
165,67,normal
154,100,fat
198,44,thin
144,46,normal
153,60,fat
179,57,thin
151,37,thin
190,45,thin
161,116,fat
166,88,fat
158,48,normal
138,74,fat
171,89,fat
176,78,fat
150,62,fat
149,41,thin
136,91,fat
131,68,fat
152,54,normal
174,95,fat
149,65,fat
166,63,normal
189,101,fat
154,50,normal
184,109,fat
165,89,fat
149,102,fat
156,118,fat
168,52,thin
127,85,fat
188,87,normal
164,94,fat
158,103,fat
137,71,fat
197,109,fat
144,40,normal
176,55,thin
199,68,thin
194,58,thin
151,91,fat
124,41,fat
140,67,fat
164,110,fat
142,66,fat
197,109,fat
143,111,fat
174,93,fat
197,48,thin
129,76,fat
124,61,fat
194,42,thin
124,78,fat
167,108,fat
168,100,fat
193,46,thin
152,115,fat
186,107,fat
160,107,fat
141,67,fat
190,51,thin
188,51,thin
149,39,thin
177,75,normal
120,101,fat
188,119,fat
184,66,normal
164,112,fat
136,67,fat
172,112,fat
140,41,normal
189,110,fat
190,75,normal
166,78,fat
150,99,fat
125,48,fat
150,111,fat
167,104,fat
131,67,fat
146,68,fat
175,113,fat
171,39,thin
128,106,fat
143,118,fat
185,60,thin
176,105,fat
139,80,fat
177,83,fat
190,72,normal
157,81,fat
190,85,normal
152,114,fat
147,57,fat
180,70,normal
157,116,fat
136,100,fat
193,56,thin
174,79,fat
156,77,fat
190,44,thin
154,36,thin
123,99,fat
160,47,thin
125,53,fat
171,113,fat
165,92,fat
191,84,normal
157,93,fat
191,77,normal
176,79,fat
157,115,fat
123,105,fat
168,57,normal
175,92,fat
171,98,fat
162,62,normal
167,102,fat
179,99,fat
197,101,fat
160,39,thin
130,37,normal
122,94,fat
164,87,fat
182,118,fat
150,85,fat
178,68,normal
182,50,thin
156,51,normal
157,71,fat
134,110,fat
137,64,fat
134,97,fat
169,41,thin
156,72,fat
120,61,fat
179,63,normal
161,103,fat
160,108,fat
149,108,fat
181,58,thin
150,118,fat
149,119,fat
159,92,fat
167,41,thin
173,35,thin
141,78,fat
179,37,thin
149,118,fat
170,99,fat
153,36,thin
165,37,thin
122,35,normal
168,44,thin
179,48,thin
182,106,fat
132,99,fat
141,109,fat
198,41,thin
180,77,normal
135,49,fat
197,68,thin
166,44,thin
192,88,normal
191,82,normal
192,53,thin
131,52,fat
171,104,fat
126,55,fat
159,107,fat
147,41,normal
173,65,normal
163,104,fat
133,107,fat
198,96,normal
164,78,fat
158,104,fat
156,38,thin
131,113,fat
172,49,thin
162,91,fat
152,92,fat
181,77,normal
128,59,fat
166,91,fat
186,95,fat
162,74,fat
158,82,fat
162,99,fat
189,74,normal
154,38,thin
135,46,fat
195,101,fat
196,115,fat
164,54,normal
152,86,fat
132,98,fat
169,70,normal
161,100,fat
186,113,fat
128,63,fat
174,94,fat
164,116,fat
175,78,fat
182,104,fat
168,109,fat
185,118,fat
153,56,normal
143,101,fat
183,103,fat
195,92,normal
177,113,fat
190,118,fat
185,105,fat
123,97,fat
130,38,normal
155,90,fat
143,38,normal
134,116,fat
123,45,fat
131,77,fat
164,47,thin
130,51,fat
135,43,normal
173,59,normal
180,45,thin
182,98,fat
136,36,normal
189,69,normal
136,53,fat
122,108,fat
166,71,fat
128,81,fat
158,98,fat
196,107,fat
175,107,fat
130,53,fat
173,89,fat
127,74,fat
176,60,normal
124,72,fat
184,111,fat
146,87,fat
153,69,fat
167,61,normal
189,41,thin
191,38,thin
156,64,fat
130,50,fat
175,94,fat
127,39,normal
156,79,fat
147,67,fat
156,89,fat
126,54,fat
147,101,fat
124,100,fat
188,43,thin
137,73,fat
122,106,fat
138,72,fat
124,52,fat
133,58,fat
182,93,fat
139,61,fat
187,100,fat
150,77,fat
184,103,fat
174,59,normal
184,57,thin
183,40,thin
139,38,normal
127,42,fat
197,71,thin
160,76,fat
184,66,normal
174,60,normal
151,42,thin
138,62,fat
167,37,thin
131,69,fat
163,90,fat
176,50,thin
196,60,thin
141,57,fat
138,102,fat
196,77,normal
121,111,fat
181,53,thin
145,50,normal
168,62,normal
169,92,fat
197,44,thin
169,114,fat
152,110,fat
196,87,normal
131,47,fat
174,115,fat
169,47,thin
179,111,fat
148,89,fat
156,75,fat
156,103,fat
151,115,fat
196,69,thin
164,36,thin
172,89,fat
155,76,fat
163,91,fat
186,109,fat
144,53,fat
121,102,fat
150,83,fat
194,64,thin
137,55,fat
177,90,fat
174,64,normal
189,92,fat
130,60,fat
187,105,fat
152,61,fat
124,85,fat
150,98,fat
147,100,fat
193,80,normal
148,62,fat
175,100,fat
129,102,fat
145,79,fat
143,70,fat
175,51,thin
188,119,fat
128,54,fat
164,61,normal
128,95,fat
137,75,fat
188,50,thin
144,99,fat
176,104,fat
166,53,normal
154,99,fat
144,117,fat
191,79,normal
128,43,fat
186,61,thin
176,94,fat
158,54,normal
196,85,normal
131,109,fat
193,50,thin
130,57,fat
187,64,thin
194,113,fat
198,54,thin
156,104,fat
126,46,fat
182,75,normal
163,52,normal
154,116,fat
171,83,fat
133,115,fat
141,38,normal
136,39,normal
161,39,thin
191,35,thin
145,109,fat
134,60,fat
147,37,thin
174,89,fat
150,38,thin
146,97,fat
124,79,fat
120,40,fat
195,42,thin
190,73,normal
168,84,fat
149,82,fat
130,110,fat
187,108,fat
129,83,fat
143,44,normal
199,97,normal
179,46,thin
132,84,fat
128,108,fat
192,40,thin
198,52,thin
181,101,fat
126,48,fat
192,64,thin
128,48,fat
185,46,thin
127,61,fat
140,78,fat
120,71,fat
124,92,fat
135,52,fat
176,97,fat
159,70,fat
167,65,normal
168,107,fat
196,42,thin
126,85,fat
199,59,thin
135,111,fat
122,74,fat
183,86,fat
156,117,fat
170,58,normal
179,45,thin
156,78,fat
133,35,normal
125,87,fat
122,97,fat
155,107,fat
142,97,fat
126,68,fat
198,119,fat
140,42,normal
160,103,fat
151,52,normal
173,104,fat
136,67,fat
197,92,normal
130,115,fat
173,88,fat
191,61,thin
152,40,thin
167,76,fat
192,110,fat
156,106,fat
194,118,fat
134,41,normal
194,58,thin
187,80,normal
195,44,thin
157,96,fat
158,36,thin
142,59,fat
153,41,thin
154,55,normal
135,56,fat
160,107,fat
138,109,fat
163,59,normal
136,99,fat
126,98,fat
154,78,fat
130,61,fat
176,114,fat
173,85,fat
177,118,fat
167,90,fat
186,103,fat
133,87,fat
124,69,fat
120,82,fat
176,96,fat
173,78,fat
179,52,thin
146,89,fat
135,117,fat
165,42,thin
180,44,thin
186,69,normal
164,115,fat
125,50,fat
163,107,fat
143,85,fat
121,61,fat
181,51,thin
190,58,thin
145,55,fat
162,111,fat
137,101,fat
137,83,fat
130,54,fat
186,83,normal
135,98,fat
176,101,fat
187,113,fat
151,64,fat
144,42,normal
161,77,fat
160,40,thin
192,37,thin
183,106,fat
139,109,fat
194,39,thin
188,98,fat
183,83,normal
199,90,normal
173,45,thin
151,54,normal
134,88,fat
188,77,normal
165,55,normal
144,51,normal
123,70,fat
165,113,fat
181,61,normal
178,66,normal
127,75,fat
121,108,fat
151,56,normal
132,43,normal
122,107,fat
168,107,fat
184,48,thin
199,102,fat
151,111,fat
159,109,fat
196,93,normal
148,114,fat
135,35,normal
129,76,fat
123,108,fat
188,67,normal
144,95,fat
191,64,thin
136,64,fat
128,68,fat
120,93,fat
180,39,thin
156,90,fat
132,43,normal
123,81,fat
184,101,fat
164,90,fat
163,118,fat
135,88,fat
188,50,thin
186,42,thin
181,110,fat
173,40,thin
169,77,fat
131,41,normal
133,68,fat
121,107,fat
177,79,fat
164,84,fat
156,112,fat
186,83,normal
198,38,thin
135,65,fat
130,65,fat
123,78,fat
197,57,thin
197,96,normal
193,109,fat
194,49,thin
164,99,fat
122,60,fat
148,104,fat
163,96,fat
171,44,thin
177,52,thin
146,82,fat
131,53,fat
196,97,fat
173,96,fat
124,84,fat
185,71,normal
172,53,thin
165,39,thin
135,85,fat
199,95,normal
140,37,normal
180,99,fat
135,37,normal
120,82,fat
138,44,normal
171,35,thin
161,46,thin
184,106,fat
157,111,fat
188,57,thin
122,89,fat
187,65,normal
175,90,fat
188,90,fat
141,87,fat
157,64,fat
121,78,fat
183,64,normal
129,35,normal
158,84,fat
150,104,fat
199,64,thin
153,75,fat
157,59,normal
190,68,normal
156,80,fat
137,116,fat
151,110,fat
185,67,normal
132,108,fat
159,45,thin
173,48,thin
140,59,fat
179,73,normal
178,48,thin
121,87,fat
172,83,fat
197,119,fat
199,57,thin
139,79,fat
149,114,fat
142,118,fat
152,44,normal
194,118,fat
189,45,thin
176,59,normal
166,56,normal
147,102,fat
177,91,fat
159,111,fat
151,91,fat
153,112,fat
173,58,normal
194,39,thin
172,101,fat
197,42,thin
189,91,fat
177,45,thin
154,66,fat
152,105,fat
146,40,normal
154,67,fat
196,114,fat
150,108,fat
154,37,thin
154,111,fat
128,98,fat
192,94,fat
154,107,fat
162,55,normal
167,93,fat
180,88,fat
170,71,normal
164,93,fat
183,40,thin
139,67,fat
146,116,fat
170,70,normal
180,116,fat
145,85,fat
160,81,fat
173,78,fat
184,38,thin
170,117,fat
131,56,fat
183,70,normal
170,87,fat
144,100,fat
167,99,fat
145,103,fat
123,72,fat
183,87,fat
192,42,thin
124,63,fat
123,36,normal
172,72,normal
173,56,normal
183,105,fat
166,47,thin
170,101,fat
134,60,fat
147,92,fat
188,70,normal
153,67,fat
186,107,fat
131,102,fat
185,38,thin
194,81,normal
156,108,fat
159,103,fat
197,63,thin
185,68,normal
155,70,fat
139,70,fat
145,35,thin
166,98,fat
178,43,thin
185,109,fat
136,44,normal
151,59,fat
198,112,fat
174,58,normal
175,46,thin
196,66,thin
129,98,fat
196,62,thin
199,77,normal
125,86,fat
137,96,fat
120,110,fat
198,43,thin
137,39,normal
189,50,thin
133,87,fat
142,117,fat
146,115,fat
142,110,fat
181,96,fat
195,117,fat
163,41,thin
185,90,fat
150,86,fat
182,112,fat
128,64,fat
155,72,fat
179,89,fat
135,71,fat
195,95,normal
124,56,fat
173,35,thin
142,83,fat
132,103,fat
180,59,thin
193,36,thin
143,111,fat
135,97,fat
164,95,fat
136,36,normal
175,62,normal
196,41,thin
149,107,fat
125,50,fat
144,94,fat
164,63,normal
131,45,fat
140,67,fat
195,90,normal
192,75,normal
199,83,normal
193,59,thin
128,112,fat
180,103,fat
142,38,normal
160,116,fat
185,117,fat
165,37,thin
160,75,fat
153,47,normal
178,40,thin
178,61,normal
150,66,fat
183,53,thin
145,67,fat
178,77,normal
178,109,fat
194,40,thin
150,107,fat
186,67,normal
176,46,thin
